action,source,destination
move-dir,20.08b - Bow Combat 3.2 (1),_archive/duplicate-of-bow-combat-3.2
move-dir,FREE Mana Seed Character Base Demo 2.0,_archive/free-demo-character-base-2.0
move-dir,Mana Seed Farmer Sprite Free Sample,_archive/free-sample-farmer-sprite
move-dir,Mana Seed Farmer Sprite Customizer (PC) 1.1.2.2,farmer-sprite-system/customizer/PC 1.1.2.2
move-dir,Mana Seed Farmer Sprite Customizer (Mac) 1.1.2.2,farmer-sprite-system/customizer/Mac 1.1.2.2
move-dir,22.10a - Mana Seed Farmer Sprite System v1.6.1/farmer_base_effects,farmer-sprite-system/effects-and-props
move-dir,22.10a - Mana Seed Farmer Sprite System v1.6.1/_supporting files,farmer-sprite-system/guides
move-dir,20.01a - Character Base 2.5c/guides/timing sample gifs,character-base/guides/timing sample gifs
move-dir,20.08b - Bow Combat 3.2/guides/timing sample gifs,character-base/guides/timing sample gifs (bow)
move-dir,20.10a - Spear Combat 3.3/guides/timing sample gifs,character-base/guides/timing sample gifs (spear)
move,20.08b - Bow Combat 3.2/optional files (unsupported)/Mana Seed Bow Combat Outfit Canvas.ase,character-base/outfit-canvases/Mana Seed Bow Combat Outfit Canvas.ase
move,20.08b - Bow Combat 3.2/char_a_pBOW1/char_a_pBOW1_0bas_humn_v00.png,character-base/layers/0bas-body/humn-human/char_a_pBOW1_0bas_humn_v00.png
move,20.08b - Bow Combat 3.2/char_a_pBOW1/char_a_pBOW1_0bas_humn_v01.png,character-base/layers/0bas-body/humn-human/char_a_pBOW1_0bas_humn_v01.png
move,20.08b - Bow Combat 3.2/char_a_pBOW1/char_a_pBOW1_0bas_humn_v02.png,character-base/layers/0bas-body/humn-human/char_a_pBOW1_0bas_humn_v02.png
move,20.08b - Bow Combat 3.2/char_a_pBOW1/char_a_pBOW1_0bas_humn_v03.png,character-base/layers/0bas-body/humn-human/char_a_pBOW1_0bas_humn_v03.png
move,20.08b - Bow Combat 3.2/char_a_pBOW1/char_a_pBOW1_0bas_humn_v04.png,character-base/layers/0bas-body/humn-human/char_a_pBOW1_0bas_humn_v04.png
move,20.08b - Bow Combat 3.2/char_a_pBOW1/char_a_pBOW1_0bas_humn_v05.png,character-base/layers/0bas-body/humn-human/char_a_pBOW1_0bas_humn_v05.png
move,20.08b - Bow Combat 3.2/char_a_pBOW1/char_a_pBOW1_0bas_humn_v06.png,character-base/layers/0bas-body/humn-human/char_a_pBOW1_0bas_humn_v06.png
move,20.08b - Bow Combat 3.2/char_a_pBOW1/char_a_pBOW1_0bas_humn_v07.png,character-base/layers/0bas-body/humn-human/char_a_pBOW1_0bas_humn_v07.png
move,20.08b - Bow Combat 3.2/char_a_pBOW1/char_a_pBOW1_0bas_humn_v08.png,character-base/layers/0bas-body/humn-human/char_a_pBOW1_0bas_humn_v08.png
move,20.08b - Bow Combat 3.2/char_a_pBOW1/char_a_pBOW1_0bas_humn_v09.png,character-base/layers/0bas-body/humn-human/char_a_pBOW1_0bas_humn_v09.png
move,20.08b - Bow Combat 3.2/char_a_pBOW1/char_a_pBOW1_0bas_humn_v10.png,character-base/layers/0bas-body/humn-human/char_a_pBOW1_0bas_humn_v10.png
move,20.08b - Bow Combat 3.2/char_a_pBOW1/4har/char_a_pBOW1_4har_bob1_v00.png,character-base/layers/4har-hair/bob1-bob/char_a_pBOW1_4har_bob1_v00.png
move,20.08b - Bow Combat 3.2/char_a_pBOW1/4har/char_a_pBOW1_4har_bob1_v01.png,character-base/layers/4har-hair/bob1-bob/char_a_pBOW1_4har_bob1_v01.png
move,20.08b - Bow Combat 3.2/char_a_pBOW1/4har/char_a_pBOW1_4har_bob1_v02.png,character-base/layers/4har-hair/bob1-bob/char_a_pBOW1_4har_bob1_v02.png
move,20.08b - Bow Combat 3.2/char_a_pBOW1/4har/char_a_pBOW1_4har_bob1_v03.png,character-base/layers/4har-hair/bob1-bob/char_a_pBOW1_4har_bob1_v03.png
move,20.08b - Bow Combat 3.2/char_a_pBOW1/4har/char_a_pBOW1_4har_bob1_v04.png,character-base/layers/4har-hair/bob1-bob/char_a_pBOW1_4har_bob1_v04.png
move,20.08b - Bow Combat 3.2/char_a_pBOW1/4har/char_a_pBOW1_4har_bob1_v05.png,character-base/layers/4har-hair/bob1-bob/char_a_pBOW1_4har_bob1_v05.png
move,20.08b - Bow Combat 3.2/char_a_pBOW1/4har/char_a_pBOW1_4har_bob1_v06.png,character-base/layers/4har-hair/bob1-bob/char_a_pBOW1_4har_bob1_v06.png
move,20.08b - Bow Combat 3.2/char_a_pBOW1/4har/char_a_pBOW1_4har_bob1_v07.png,character-base/layers/4har-hair/bob1-bob/char_a_pBOW1_4har_bob1_v07.png
move,20.08b - Bow Combat 3.2/char_a_pBOW1/4har/char_a_pBOW1_4har_bob1_v08.png,character-base/layers/4har-hair/bob1-bob/char_a_pBOW1_4har_bob1_v08.png
move,20.08b - Bow Combat 3.2/char_a_pBOW1/4har/char_a_pBOW1_4har_bob1_v09.png,character-base/layers/4har-hair/bob1-bob/char_a_pBOW1_4har_bob1_v09.png
move,20.08b - Bow Combat 3.2/char_a_pBOW1/4har/char_a_pBOW1_4har_bob1_v10.png,character-base/layers/4har-hair/bob1-bob/char_a_pBOW1_4har_bob1_v10.png
move,20.08b - Bow Combat 3.2/char_a_pBOW1/4har/char_a_pBOW1_4har_bob1_v11.png,character-base/layers/4har-hair/bob1-bob/char_a_pBOW1_4har_bob1_v11.png
move,20.08b - Bow Combat 3.2/char_a_pBOW1/4har/char_a_pBOW1_4har_bob1_v12.png,character-base/layers/4har-hair/bob1-bob/char_a_pBOW1_4har_bob1_v12.png
move,20.08b - Bow Combat 3.2/char_a_pBOW1/4har/char_a_pBOW1_4har_bob1_v13.png,character-base/layers/4har-hair/bob1-bob/char_a_pBOW1_4har_bob1_v13.png
move,20.08b - Bow Combat 3.2/char_a_pBOW1/4har/char_a_pBOW1_4har_dap1_v00.png,character-base/layers/4har-hair/dap1-dapper/char_a_pBOW1_4har_dap1_v00.png
move,20.08b - Bow Combat 3.2/char_a_pBOW1/4har/char_a_pBOW1_4har_dap1_v01.png,character-base/layers/4har-hair/dap1-dapper/char_a_pBOW1_4har_dap1_v01.png
move,20.08b - Bow Combat 3.2/char_a_pBOW1/4har/char_a_pBOW1_4har_dap1_v02.png,character-base/layers/4har-hair/dap1-dapper/char_a_pBOW1_4har_dap1_v02.png
move,20.08b - Bow Combat 3.2/char_a_pBOW1/4har/char_a_pBOW1_4har_dap1_v03.png,character-base/layers/4har-hair/dap1-dapper/char_a_pBOW1_4har_dap1_v03.png
move,20.08b - Bow Combat 3.2/char_a_pBOW1/4har/char_a_pBOW1_4har_dap1_v04.png,character-base/layers/4har-hair/dap1-dapper/char_a_pBOW1_4har_dap1_v04.png
move,20.08b - Bow Combat 3.2/char_a_pBOW1/4har/char_a_pBOW1_4har_dap1_v05.png,character-base/layers/4har-hair/dap1-dapper/char_a_pBOW1_4har_dap1_v05.png
move,20.08b - Bow Combat 3.2/char_a_pBOW1/4har/char_a_pBOW1_4har_dap1_v06.png,character-base/layers/4har-hair/dap1-dapper/char_a_pBOW1_4har_dap1_v06.png
move,20.08b - Bow Combat 3.2/char_a_pBOW1/4har/char_a_pBOW1_4har_dap1_v07.png,character-base/layers/4har-hair/dap1-dapper/char_a_pBOW1_4har_dap1_v07.png
move,20.08b - Bow Combat 3.2/char_a_pBOW1/4har/char_a_pBOW1_4har_dap1_v08.png,character-base/layers/4har-hair/dap1-dapper/char_a_pBOW1_4har_dap1_v08.png
move,20.08b - Bow Combat 3.2/char_a_pBOW1/4har/char_a_pBOW1_4har_dap1_v09.png,character-base/layers/4har-hair/dap1-dapper/char_a_pBOW1_4har_dap1_v09.png
move,20.08b - Bow Combat 3.2/char_a_pBOW1/4har/char_a_pBOW1_4har_dap1_v10.png,character-base/layers/4har-hair/dap1-dapper/char_a_pBOW1_4har_dap1_v10.png
move,20.08b - Bow Combat 3.2/char_a_pBOW1/4har/char_a_pBOW1_4har_dap1_v11.png,character-base/layers/4har-hair/dap1-dapper/char_a_pBOW1_4har_dap1_v11.png
move,20.08b - Bow Combat 3.2/char_a_pBOW1/4har/char_a_pBOW1_4har_dap1_v12.png,character-base/layers/4har-hair/dap1-dapper/char_a_pBOW1_4har_dap1_v12.png
move,20.08b - Bow Combat 3.2/char_a_pBOW1/4har/char_a_pBOW1_4har_dap1_v13.png,character-base/layers/4har-hair/dap1-dapper/char_a_pBOW1_4har_dap1_v13.png
move,20.08b - Bow Combat 3.2/char_a_pBOW1/1out/char_a_pBOW1_1out_boxr_v01.png,character-base/layers/1out-outfit/boxr-boxers/char_a_pBOW1_1out_boxr_v01.png
move,20.08b - Bow Combat 3.2/char_a_pBOW1/1out/char_a_pBOW1_1out_undi_v01.png,character-base/layers/1out-outfit/undi-undies/char_a_pBOW1_1out_undi_v01.png
move,20.08b - Bow Combat 3.2/char_a_pBOW1/6tla/char_a_pBOW1_6tla_bo01_v01.png,character-base/layers/6tla-tool-main/bo01-bow-short/char_a_pBOW1_6tla_bo01_v01.png
move,20.08b - Bow Combat 3.2/char_a_pBOW1/6tla/char_a_pBOW1_6tla_bo01_v02.png,character-base/layers/6tla-tool-main/bo01-bow-short/char_a_pBOW1_6tla_bo01_v02.png
move,20.08b - Bow Combat 3.2/char_a_pBOW1/6tla/char_a_pBOW1_6tla_bo01_v03.png,character-base/layers/6tla-tool-main/bo01-bow-short/char_a_pBOW1_6tla_bo01_v03.png
move,20.08b - Bow Combat 3.2/char_a_pBOW1/6tla/char_a_pBOW1_6tla_bo01_v04.png,character-base/layers/6tla-tool-main/bo01-bow-short/char_a_pBOW1_6tla_bo01_v04.png
move,20.08b - Bow Combat 3.2/char_a_pBOW1/6tla/char_a_pBOW1_6tla_bo01_v05.png,character-base/layers/6tla-tool-main/bo01-bow-short/char_a_pBOW1_6tla_bo01_v05.png
move,20.08b - Bow Combat 3.2/char_a_pBOW1/6tla/char_a_pBOW1_6tla_bo02_v01.png,character-base/layers/6tla-tool-main/bo02-bow-recurve/char_a_pBOW1_6tla_bo02_v01.png
move,20.08b - Bow Combat 3.2/char_a_pBOW1/6tla/char_a_pBOW1_6tla_bo02_v02.png,character-base/layers/6tla-tool-main/bo02-bow-recurve/char_a_pBOW1_6tla_bo02_v02.png
move,20.08b - Bow Combat 3.2/char_a_pBOW1/6tla/char_a_pBOW1_6tla_bo02_v03.png,character-base/layers/6tla-tool-main/bo02-bow-recurve/char_a_pBOW1_6tla_bo02_v03.png
move,20.08b - Bow Combat 3.2/char_a_pBOW1/6tla/char_a_pBOW1_6tla_bo02_v04.png,character-base/layers/6tla-tool-main/bo02-bow-recurve/char_a_pBOW1_6tla_bo02_v04.png
move,20.08b - Bow Combat 3.2/char_a_pBOW1/6tla/char_a_pBOW1_6tla_bo02_v05.png,character-base/layers/6tla-tool-main/bo02-bow-recurve/char_a_pBOW1_6tla_bo02_v05.png
move,20.08b - Bow Combat 3.2/char_a_pBOW1/6tla/char_a_pBOW1_6tla_bo03_v01.png,character-base/layers/6tla-tool-main/bo03-bow-long/char_a_pBOW1_6tla_bo03_v01.png
move,20.08b - Bow Combat 3.2/char_a_pBOW1/6tla/char_a_pBOW1_6tla_bo03_v02.png,character-base/layers/6tla-tool-main/bo03-bow-long/char_a_pBOW1_6tla_bo03_v02.png
move,20.08b - Bow Combat 3.2/char_a_pBOW1/6tla/char_a_pBOW1_6tla_bo03_v03.png,character-base/layers/6tla-tool-main/bo03-bow-long/char_a_pBOW1_6tla_bo03_v03.png
move,20.08b - Bow Combat 3.2/char_a_pBOW1/6tla/char_a_pBOW1_6tla_bo03_v04.png,character-base/layers/6tla-tool-main/bo03-bow-long/char_a_pBOW1_6tla_bo03_v04.png
move,20.08b - Bow Combat 3.2/char_a_pBOW1/6tla/char_a_pBOW1_6tla_bo03_v05.png,character-base/layers/6tla-tool-main/bo03-bow-long/char_a_pBOW1_6tla_bo03_v05.png
move,20.08b - Bow Combat 3.2/char_a_pBOW1/7tlb/char_a_pBOW1_7tlb_qv01_v01.png,character-base/layers/7tlb-tool-offhand/qv01-quiver/char_a_pBOW1_7tlb_qv01_v01.png
move,20.08b - Bow Combat 3.2/char_a_pBOW1/7tlb/char_a_pBOW1_7tlb_qv01_v02.png,character-base/layers/7tlb-tool-offhand/qv01-quiver/char_a_pBOW1_7tlb_qv01_v02.png
move,20.08b - Bow Combat 3.2/char_a_pBOW1/7tlb/char_a_pBOW1_7tlb_qv01_v03.png,character-base/layers/7tlb-tool-offhand/qv01-quiver/char_a_pBOW1_7tlb_qv01_v03.png
move,20.08b - Bow Combat 3.2/char_a_pBOW1/7tlb/char_a_pBOW1_7tlb_qv01_v04.png,character-base/layers/7tlb-tool-offhand/qv01-quiver/char_a_pBOW1_7tlb_qv01_v04.png
move,20.08b - Bow Combat 3.2/char_a_pBOW1/7tlb/char_a_pBOW1_7tlb_qv01_v05.png,character-base/layers/7tlb-tool-offhand/qv01-quiver/char_a_pBOW1_7tlb_qv01_v05.png
move,20.08b - Bow Combat 3.2/char_a_pBOW1/7tlb/char_a_pBOW1_7tlb_qv01_v06.png,character-base/layers/7tlb-tool-offhand/qv01-quiver/char_a_pBOW1_7tlb_qv01_v06.png
move,20.08b - Bow Combat 3.2/char_a_pBOW1/7tlb/char_a_pBOW1_7tlb_qv01_v07.png,character-base/layers/7tlb-tool-offhand/qv01-quiver/char_a_pBOW1_7tlb_qv01_v07.png
move,20.08b - Bow Combat 3.2/char_a_pBOW1/7tlb/char_a_pBOW1_7tlb_qv01_v08.png,character-base/layers/7tlb-tool-offhand/qv01-quiver/char_a_pBOW1_7tlb_qv01_v08.png
move,"20.08b - Bow Combat 3.2/guides/animations, page BOW 1.png","character-base/guides/animations, page BOW 1.png"
move,"20.08b - Bow Combat 3.2/guides/animations, page BOW 2.png","character-base/guides/animations, page BOW 2.png"
move,"20.08b - Bow Combat 3.2/guides/animations, page BOW 3.png","character-base/guides/animations, page BOW 3.png"
move,"20.08b - Bow Combat 3.2/guides/layer order, page BOW 1 (bow).png","character-base/guides/layer order, page BOW 1 (bow).png"
move,"20.08b - Bow Combat 3.2/guides/layer order, page BOW 1 (quiver).png","character-base/guides/layer order, page BOW 1 (quiver).png"
move,"20.08b - Bow Combat 3.2/guides/layer order, page BOW 2 (bow).png","character-base/guides/layer order, page BOW 2 (bow).png"
move,"20.08b - Bow Combat 3.2/guides/layer order, page BOW 2 (quiver).png","character-base/guides/layer order, page BOW 2 (quiver).png"
move,"20.08b - Bow Combat 3.2/guides/layer order, page BOW 3 (bow).png","character-base/guides/layer order, page BOW 3 (bow).png"
move,"20.08b - Bow Combat 3.2/guides/layer order, page BOW 3 (quiver).png","character-base/guides/layer order, page BOW 3 (quiver).png"
move,20.08b - Bow Combat 3.2/guides/using bow combat.txt,character-base/guides/using bow combat.txt
move,20.08b - Bow Combat 3.2/char_a_pBOW2/char_a_pBOW2_0bas_humn_v00.png,character-base/layers/0bas-body/humn-human/char_a_pBOW2_0bas_humn_v00.png
move,20.08b - Bow Combat 3.2/char_a_pBOW2/char_a_pBOW2_0bas_humn_v01.png,character-base/layers/0bas-body/humn-human/char_a_pBOW2_0bas_humn_v01.png
move,20.08b - Bow Combat 3.2/char_a_pBOW2/char_a_pBOW2_0bas_humn_v02.png,character-base/layers/0bas-body/humn-human/char_a_pBOW2_0bas_humn_v02.png
move,20.08b - Bow Combat 3.2/char_a_pBOW2/char_a_pBOW2_0bas_humn_v03.png,character-base/layers/0bas-body/humn-human/char_a_pBOW2_0bas_humn_v03.png
move,20.08b - Bow Combat 3.2/char_a_pBOW2/char_a_pBOW2_0bas_humn_v04.png,character-base/layers/0bas-body/humn-human/char_a_pBOW2_0bas_humn_v04.png
move,20.08b - Bow Combat 3.2/char_a_pBOW2/char_a_pBOW2_0bas_humn_v05.png,character-base/layers/0bas-body/humn-human/char_a_pBOW2_0bas_humn_v05.png
move,20.08b - Bow Combat 3.2/char_a_pBOW2/char_a_pBOW2_0bas_humn_v06.png,character-base/layers/0bas-body/humn-human/char_a_pBOW2_0bas_humn_v06.png
move,20.08b - Bow Combat 3.2/char_a_pBOW2/char_a_pBOW2_0bas_humn_v07.png,character-base/layers/0bas-body/humn-human/char_a_pBOW2_0bas_humn_v07.png
move,20.08b - Bow Combat 3.2/char_a_pBOW2/char_a_pBOW2_0bas_humn_v08.png,character-base/layers/0bas-body/humn-human/char_a_pBOW2_0bas_humn_v08.png
move,20.08b - Bow Combat 3.2/char_a_pBOW2/char_a_pBOW2_0bas_humn_v09.png,character-base/layers/0bas-body/humn-human/char_a_pBOW2_0bas_humn_v09.png
move,20.08b - Bow Combat 3.2/char_a_pBOW2/char_a_pBOW2_0bas_humn_v10.png,character-base/layers/0bas-body/humn-human/char_a_pBOW2_0bas_humn_v10.png
move,20.08b - Bow Combat 3.2/char_a_pBOW2/4har/char_a_pBOW2_4har_bob1_v00.png,character-base/layers/4har-hair/bob1-bob/char_a_pBOW2_4har_bob1_v00.png
move,20.08b - Bow Combat 3.2/char_a_pBOW2/4har/char_a_pBOW2_4har_bob1_v01.png,character-base/layers/4har-hair/bob1-bob/char_a_pBOW2_4har_bob1_v01.png
move,20.08b - Bow Combat 3.2/char_a_pBOW2/4har/char_a_pBOW2_4har_bob1_v02.png,character-base/layers/4har-hair/bob1-bob/char_a_pBOW2_4har_bob1_v02.png
move,20.08b - Bow Combat 3.2/char_a_pBOW2/4har/char_a_pBOW2_4har_bob1_v03.png,character-base/layers/4har-hair/bob1-bob/char_a_pBOW2_4har_bob1_v03.png
move,20.08b - Bow Combat 3.2/char_a_pBOW2/4har/char_a_pBOW2_4har_bob1_v04.png,character-base/layers/4har-hair/bob1-bob/char_a_pBOW2_4har_bob1_v04.png
move,20.08b - Bow Combat 3.2/char_a_pBOW2/4har/char_a_pBOW2_4har_bob1_v05.png,character-base/layers/4har-hair/bob1-bob/char_a_pBOW2_4har_bob1_v05.png
move,20.08b - Bow Combat 3.2/char_a_pBOW2/4har/char_a_pBOW2_4har_bob1_v06.png,character-base/layers/4har-hair/bob1-bob/char_a_pBOW2_4har_bob1_v06.png
move,20.08b - Bow Combat 3.2/char_a_pBOW2/4har/char_a_pBOW2_4har_bob1_v07.png,character-base/layers/4har-hair/bob1-bob/char_a_pBOW2_4har_bob1_v07.png
move,20.08b - Bow Combat 3.2/char_a_pBOW2/4har/char_a_pBOW2_4har_bob1_v08.png,character-base/layers/4har-hair/bob1-bob/char_a_pBOW2_4har_bob1_v08.png
move,20.08b - Bow Combat 3.2/char_a_pBOW2/4har/char_a_pBOW2_4har_bob1_v09.png,character-base/layers/4har-hair/bob1-bob/char_a_pBOW2_4har_bob1_v09.png
move,20.08b - Bow Combat 3.2/char_a_pBOW2/4har/char_a_pBOW2_4har_bob1_v10.png,character-base/layers/4har-hair/bob1-bob/char_a_pBOW2_4har_bob1_v10.png
move,20.08b - Bow Combat 3.2/char_a_pBOW2/4har/char_a_pBOW2_4har_bob1_v11.png,character-base/layers/4har-hair/bob1-bob/char_a_pBOW2_4har_bob1_v11.png
move,20.08b - Bow Combat 3.2/char_a_pBOW2/4har/char_a_pBOW2_4har_bob1_v12.png,character-base/layers/4har-hair/bob1-bob/char_a_pBOW2_4har_bob1_v12.png
move,20.08b - Bow Combat 3.2/char_a_pBOW2/4har/char_a_pBOW2_4har_bob1_v13.png,character-base/layers/4har-hair/bob1-bob/char_a_pBOW2_4har_bob1_v13.png
move,20.08b - Bow Combat 3.2/char_a_pBOW2/4har/char_a_pBOW2_4har_dap1_v00.png,character-base/layers/4har-hair/dap1-dapper/char_a_pBOW2_4har_dap1_v00.png
move,20.08b - Bow Combat 3.2/char_a_pBOW2/4har/char_a_pBOW2_4har_dap1_v01.png,character-base/layers/4har-hair/dap1-dapper/char_a_pBOW2_4har_dap1_v01.png
move,20.08b - Bow Combat 3.2/char_a_pBOW2/4har/char_a_pBOW2_4har_dap1_v02.png,character-base/layers/4har-hair/dap1-dapper/char_a_pBOW2_4har_dap1_v02.png
move,20.08b - Bow Combat 3.2/char_a_pBOW2/4har/char_a_pBOW2_4har_dap1_v03.png,character-base/layers/4har-hair/dap1-dapper/char_a_pBOW2_4har_dap1_v03.png
move,20.08b - Bow Combat 3.2/char_a_pBOW2/4har/char_a_pBOW2_4har_dap1_v04.png,character-base/layers/4har-hair/dap1-dapper/char_a_pBOW2_4har_dap1_v04.png
move,20.08b - Bow Combat 3.2/char_a_pBOW2/4har/char_a_pBOW2_4har_dap1_v05.png,character-base/layers/4har-hair/dap1-dapper/char_a_pBOW2_4har_dap1_v05.png
move,20.08b - Bow Combat 3.2/char_a_pBOW2/4har/char_a_pBOW2_4har_dap1_v06.png,character-base/layers/4har-hair/dap1-dapper/char_a_pBOW2_4har_dap1_v06.png
move,20.08b - Bow Combat 3.2/char_a_pBOW2/4har/char_a_pBOW2_4har_dap1_v07.png,character-base/layers/4har-hair/dap1-dapper/char_a_pBOW2_4har_dap1_v07.png
move,20.08b - Bow Combat 3.2/char_a_pBOW2/4har/char_a_pBOW2_4har_dap1_v08.png,character-base/layers/4har-hair/dap1-dapper/char_a_pBOW2_4har_dap1_v08.png
move,20.08b - Bow Combat 3.2/char_a_pBOW2/4har/char_a_pBOW2_4har_dap1_v09.png,character-base/layers/4har-hair/dap1-dapper/char_a_pBOW2_4har_dap1_v09.png
move,20.08b - Bow Combat 3.2/char_a_pBOW2/4har/char_a_pBOW2_4har_dap1_v10.png,character-base/layers/4har-hair/dap1-dapper/char_a_pBOW2_4har_dap1_v10.png
move,20.08b - Bow Combat 3.2/char_a_pBOW2/4har/char_a_pBOW2_4har_dap1_v11.png,character-base/layers/4har-hair/dap1-dapper/char_a_pBOW2_4har_dap1_v11.png
move,20.08b - Bow Combat 3.2/char_a_pBOW2/4har/char_a_pBOW2_4har_dap1_v12.png,character-base/layers/4har-hair/dap1-dapper/char_a_pBOW2_4har_dap1_v12.png
move,20.08b - Bow Combat 3.2/char_a_pBOW2/4har/char_a_pBOW2_4har_dap1_v13.png,character-base/layers/4har-hair/dap1-dapper/char_a_pBOW2_4har_dap1_v13.png
move,20.08b - Bow Combat 3.2/char_a_pBOW2/1out/char_a_pBOW2_1out_boxr_v01.png,character-base/layers/1out-outfit/boxr-boxers/char_a_pBOW2_1out_boxr_v01.png
move,20.08b - Bow Combat 3.2/char_a_pBOW2/1out/char_a_pBOW2_1out_undi_v01.png,character-base/layers/1out-outfit/undi-undies/char_a_pBOW2_1out_undi_v01.png
move,20.08b - Bow Combat 3.2/char_a_pBOW2/6tla/char_a_pBOW2_6tla_bo01_v01.png,character-base/layers/6tla-tool-main/bo01-bow-short/char_a_pBOW2_6tla_bo01_v01.png
move,20.08b - Bow Combat 3.2/char_a_pBOW2/6tla/char_a_pBOW2_6tla_bo01_v02.png,character-base/layers/6tla-tool-main/bo01-bow-short/char_a_pBOW2_6tla_bo01_v02.png
move,20.08b - Bow Combat 3.2/char_a_pBOW2/6tla/char_a_pBOW2_6tla_bo01_v03.png,character-base/layers/6tla-tool-main/bo01-bow-short/char_a_pBOW2_6tla_bo01_v03.png
move,20.08b - Bow Combat 3.2/char_a_pBOW2/6tla/char_a_pBOW2_6tla_bo01_v04.png,character-base/layers/6tla-tool-main/bo01-bow-short/char_a_pBOW2_6tla_bo01_v04.png
move,20.08b - Bow Combat 3.2/char_a_pBOW2/6tla/char_a_pBOW2_6tla_bo01_v05.png,character-base/layers/6tla-tool-main/bo01-bow-short/char_a_pBOW2_6tla_bo01_v05.png
move,20.08b - Bow Combat 3.2/char_a_pBOW2/6tla/char_a_pBOW2_6tla_bo02_v01.png,character-base/layers/6tla-tool-main/bo02-bow-recurve/char_a_pBOW2_6tla_bo02_v01.png
move,20.08b - Bow Combat 3.2/char_a_pBOW2/6tla/char_a_pBOW2_6tla_bo02_v02.png,character-base/layers/6tla-tool-main/bo02-bow-recurve/char_a_pBOW2_6tla_bo02_v02.png
move,20.08b - Bow Combat 3.2/char_a_pBOW2/6tla/char_a_pBOW2_6tla_bo02_v03.png,character-base/layers/6tla-tool-main/bo02-bow-recurve/char_a_pBOW2_6tla_bo02_v03.png
move,20.08b - Bow Combat 3.2/char_a_pBOW2/6tla/char_a_pBOW2_6tla_bo02_v04.png,character-base/layers/6tla-tool-main/bo02-bow-recurve/char_a_pBOW2_6tla_bo02_v04.png
move,20.08b - Bow Combat 3.2/char_a_pBOW2/6tla/char_a_pBOW2_6tla_bo02_v05.png,character-base/layers/6tla-tool-main/bo02-bow-recurve/char_a_pBOW2_6tla_bo02_v05.png
move,20.08b - Bow Combat 3.2/char_a_pBOW2/6tla/char_a_pBOW2_6tla_bo03_v01.png,character-base/layers/6tla-tool-main/bo03-bow-long/char_a_pBOW2_6tla_bo03_v01.png
move,20.08b - Bow Combat 3.2/char_a_pBOW2/6tla/char_a_pBOW2_6tla_bo03_v02.png,character-base/layers/6tla-tool-main/bo03-bow-long/char_a_pBOW2_6tla_bo03_v02.png
move,20.08b - Bow Combat 3.2/char_a_pBOW2/6tla/char_a_pBOW2_6tla_bo03_v03.png,character-base/layers/6tla-tool-main/bo03-bow-long/char_a_pBOW2_6tla_bo03_v03.png
move,20.08b - Bow Combat 3.2/char_a_pBOW2/6tla/char_a_pBOW2_6tla_bo03_v04.png,character-base/layers/6tla-tool-main/bo03-bow-long/char_a_pBOW2_6tla_bo03_v04.png
move,20.08b - Bow Combat 3.2/char_a_pBOW2/6tla/char_a_pBOW2_6tla_bo03_v05.png,character-base/layers/6tla-tool-main/bo03-bow-long/char_a_pBOW2_6tla_bo03_v05.png
move,20.08b - Bow Combat 3.2/char_a_pBOW2/7tlb/char_a_pBOW2_7tlb_qv01_v01.png,character-base/layers/7tlb-tool-offhand/qv01-quiver/char_a_pBOW2_7tlb_qv01_v01.png
move,20.08b - Bow Combat 3.2/char_a_pBOW2/7tlb/char_a_pBOW2_7tlb_qv01_v02.png,character-base/layers/7tlb-tool-offhand/qv01-quiver/char_a_pBOW2_7tlb_qv01_v02.png
move,20.08b - Bow Combat 3.2/char_a_pBOW2/7tlb/char_a_pBOW2_7tlb_qv01_v03.png,character-base/layers/7tlb-tool-offhand/qv01-quiver/char_a_pBOW2_7tlb_qv01_v03.png
move,20.08b - Bow Combat 3.2/char_a_pBOW2/7tlb/char_a_pBOW2_7tlb_qv01_v04.png,character-base/layers/7tlb-tool-offhand/qv01-quiver/char_a_pBOW2_7tlb_qv01_v04.png
move,20.08b - Bow Combat 3.2/char_a_pBOW2/7tlb/char_a_pBOW2_7tlb_qv01_v05.png,character-base/layers/7tlb-tool-offhand/qv01-quiver/char_a_pBOW2_7tlb_qv01_v05.png
move,20.08b - Bow Combat 3.2/char_a_pBOW2/7tlb/char_a_pBOW2_7tlb_qv01_v06.png,character-base/layers/7tlb-tool-offhand/qv01-quiver/char_a_pBOW2_7tlb_qv01_v06.png
move,20.08b - Bow Combat 3.2/char_a_pBOW2/7tlb/char_a_pBOW2_7tlb_qv01_v07.png,character-base/layers/7tlb-tool-offhand/qv01-quiver/char_a_pBOW2_7tlb_qv01_v07.png
move,20.08b - Bow Combat 3.2/char_a_pBOW2/7tlb/char_a_pBOW2_7tlb_qv01_v08.png,character-base/layers/7tlb-tool-offhand/qv01-quiver/char_a_pBOW2_7tlb_qv01_v08.png
move,20.08b - Bow Combat 3.2/char_a_pBOW3/char_a_pBOW3_0bas_humn_v00.png,character-base/layers/0bas-body/humn-human/char_a_pBOW3_0bas_humn_v00.png
move,20.08b - Bow Combat 3.2/char_a_pBOW3/char_a_pBOW3_0bas_humn_v01.png,character-base/layers/0bas-body/humn-human/char_a_pBOW3_0bas_humn_v01.png
move,20.08b - Bow Combat 3.2/char_a_pBOW3/char_a_pBOW3_0bas_humn_v02.png,character-base/layers/0bas-body/humn-human/char_a_pBOW3_0bas_humn_v02.png
move,20.08b - Bow Combat 3.2/char_a_pBOW3/char_a_pBOW3_0bas_humn_v03.png,character-base/layers/0bas-body/humn-human/char_a_pBOW3_0bas_humn_v03.png
move,20.08b - Bow Combat 3.2/char_a_pBOW3/char_a_pBOW3_0bas_humn_v04.png,character-base/layers/0bas-body/humn-human/char_a_pBOW3_0bas_humn_v04.png
move,20.08b - Bow Combat 3.2/char_a_pBOW3/char_a_pBOW3_0bas_humn_v05.png,character-base/layers/0bas-body/humn-human/char_a_pBOW3_0bas_humn_v05.png
move,20.08b - Bow Combat 3.2/char_a_pBOW3/char_a_pBOW3_0bas_humn_v06.png,character-base/layers/0bas-body/humn-human/char_a_pBOW3_0bas_humn_v06.png
move,20.08b - Bow Combat 3.2/char_a_pBOW3/char_a_pBOW3_0bas_humn_v07.png,character-base/layers/0bas-body/humn-human/char_a_pBOW3_0bas_humn_v07.png
move,20.08b - Bow Combat 3.2/char_a_pBOW3/char_a_pBOW3_0bas_humn_v08.png,character-base/layers/0bas-body/humn-human/char_a_pBOW3_0bas_humn_v08.png
move,20.08b - Bow Combat 3.2/char_a_pBOW3/char_a_pBOW3_0bas_humn_v09.png,character-base/layers/0bas-body/humn-human/char_a_pBOW3_0bas_humn_v09.png
move,20.08b - Bow Combat 3.2/char_a_pBOW3/char_a_pBOW3_0bas_humn_v10.png,character-base/layers/0bas-body/humn-human/char_a_pBOW3_0bas_humn_v10.png
move,20.08b - Bow Combat 3.2/char_a_pBOW3/4har/char_a_pBOW3_4har_bob1_v00.png,character-base/layers/4har-hair/bob1-bob/char_a_pBOW3_4har_bob1_v00.png
move,20.08b - Bow Combat 3.2/char_a_pBOW3/4har/char_a_pBOW3_4har_bob1_v01.png,character-base/layers/4har-hair/bob1-bob/char_a_pBOW3_4har_bob1_v01.png
move,20.08b - Bow Combat 3.2/char_a_pBOW3/4har/char_a_pBOW3_4har_bob1_v02.png,character-base/layers/4har-hair/bob1-bob/char_a_pBOW3_4har_bob1_v02.png
move,20.08b - Bow Combat 3.2/char_a_pBOW3/4har/char_a_pBOW3_4har_bob1_v03.png,character-base/layers/4har-hair/bob1-bob/char_a_pBOW3_4har_bob1_v03.png
move,20.08b - Bow Combat 3.2/char_a_pBOW3/4har/char_a_pBOW3_4har_bob1_v04.png,character-base/layers/4har-hair/bob1-bob/char_a_pBOW3_4har_bob1_v04.png
move,20.08b - Bow Combat 3.2/char_a_pBOW3/4har/char_a_pBOW3_4har_bob1_v05.png,character-base/layers/4har-hair/bob1-bob/char_a_pBOW3_4har_bob1_v05.png
move,20.08b - Bow Combat 3.2/char_a_pBOW3/4har/char_a_pBOW3_4har_bob1_v06.png,character-base/layers/4har-hair/bob1-bob/char_a_pBOW3_4har_bob1_v06.png
move,20.08b - Bow Combat 3.2/char_a_pBOW3/4har/char_a_pBOW3_4har_bob1_v07.png,character-base/layers/4har-hair/bob1-bob/char_a_pBOW3_4har_bob1_v07.png
move,20.08b - Bow Combat 3.2/char_a_pBOW3/4har/char_a_pBOW3_4har_bob1_v08.png,character-base/layers/4har-hair/bob1-bob/char_a_pBOW3_4har_bob1_v08.png
move,20.08b - Bow Combat 3.2/char_a_pBOW3/4har/char_a_pBOW3_4har_bob1_v09.png,character-base/layers/4har-hair/bob1-bob/char_a_pBOW3_4har_bob1_v09.png
move,20.08b - Bow Combat 3.2/char_a_pBOW3/4har/char_a_pBOW3_4har_bob1_v10.png,character-base/layers/4har-hair/bob1-bob/char_a_pBOW3_4har_bob1_v10.png
move,20.08b - Bow Combat 3.2/char_a_pBOW3/4har/char_a_pBOW3_4har_bob1_v11.png,character-base/layers/4har-hair/bob1-bob/char_a_pBOW3_4har_bob1_v11.png
move,20.08b - Bow Combat 3.2/char_a_pBOW3/4har/char_a_pBOW3_4har_bob1_v12.png,character-base/layers/4har-hair/bob1-bob/char_a_pBOW3_4har_bob1_v12.png
move,20.08b - Bow Combat 3.2/char_a_pBOW3/4har/char_a_pBOW3_4har_bob1_v13.png,character-base/layers/4har-hair/bob1-bob/char_a_pBOW3_4har_bob1_v13.png
move,20.08b - Bow Combat 3.2/char_a_pBOW3/4har/char_a_pBOW3_4har_dap1_v00.png,character-base/layers/4har-hair/dap1-dapper/char_a_pBOW3_4har_dap1_v00.png
move,20.08b - Bow Combat 3.2/char_a_pBOW3/4har/char_a_pBOW3_4har_dap1_v01.png,character-base/layers/4har-hair/dap1-dapper/char_a_pBOW3_4har_dap1_v01.png
move,20.08b - Bow Combat 3.2/char_a_pBOW3/4har/char_a_pBOW3_4har_dap1_v02.png,character-base/layers/4har-hair/dap1-dapper/char_a_pBOW3_4har_dap1_v02.png
move,20.08b - Bow Combat 3.2/char_a_pBOW3/4har/char_a_pBOW3_4har_dap1_v03.png,character-base/layers/4har-hair/dap1-dapper/char_a_pBOW3_4har_dap1_v03.png
move,20.08b - Bow Combat 3.2/char_a_pBOW3/4har/char_a_pBOW3_4har_dap1_v04.png,character-base/layers/4har-hair/dap1-dapper/char_a_pBOW3_4har_dap1_v04.png
move,20.08b - Bow Combat 3.2/char_a_pBOW3/4har/char_a_pBOW3_4har_dap1_v05.png,character-base/layers/4har-hair/dap1-dapper/char_a_pBOW3_4har_dap1_v05.png
move,20.08b - Bow Combat 3.2/char_a_pBOW3/4har/char_a_pBOW3_4har_dap1_v06.png,character-base/layers/4har-hair/dap1-dapper/char_a_pBOW3_4har_dap1_v06.png
move,20.08b - Bow Combat 3.2/char_a_pBOW3/4har/char_a_pBOW3_4har_dap1_v07.png,character-base/layers/4har-hair/dap1-dapper/char_a_pBOW3_4har_dap1_v07.png
move,20.08b - Bow Combat 3.2/char_a_pBOW3/4har/char_a_pBOW3_4har_dap1_v08.png,character-base/layers/4har-hair/dap1-dapper/char_a_pBOW3_4har_dap1_v08.png
move,20.08b - Bow Combat 3.2/char_a_pBOW3/4har/char_a_pBOW3_4har_dap1_v09.png,character-base/layers/4har-hair/dap1-dapper/char_a_pBOW3_4har_dap1_v09.png
move,20.08b - Bow Combat 3.2/char_a_pBOW3/4har/char_a_pBOW3_4har_dap1_v10.png,character-base/layers/4har-hair/dap1-dapper/char_a_pBOW3_4har_dap1_v10.png
move,20.08b - Bow Combat 3.2/char_a_pBOW3/4har/char_a_pBOW3_4har_dap1_v11.png,character-base/layers/4har-hair/dap1-dapper/char_a_pBOW3_4har_dap1_v11.png
move,20.08b - Bow Combat 3.2/char_a_pBOW3/4har/char_a_pBOW3_4har_dap1_v12.png,character-base/layers/4har-hair/dap1-dapper/char_a_pBOW3_4har_dap1_v12.png
move,20.08b - Bow Combat 3.2/char_a_pBOW3/4har/char_a_pBOW3_4har_dap1_v13.png,character-base/layers/4har-hair/dap1-dapper/char_a_pBOW3_4har_dap1_v13.png
move,20.08b - Bow Combat 3.2/char_a_pBOW3/1out/char_a_pBOW3_1out_boxr_v01.png,character-base/layers/1out-outfit/boxr-boxers/char_a_pBOW3_1out_boxr_v01.png
move,20.08b - Bow Combat 3.2/char_a_pBOW3/1out/char_a_pBOW3_1out_undi_v01.png,character-base/layers/1out-outfit/undi-undies/char_a_pBOW3_1out_undi_v01.png
move,20.08b - Bow Combat 3.2/char_a_pBOW3/6tla/char_a_pBOW3_6tla_bo01_v01.png,character-base/layers/6tla-tool-main/bo01-bow-short/char_a_pBOW3_6tla_bo01_v01.png
move,20.08b - Bow Combat 3.2/char_a_pBOW3/6tla/char_a_pBOW3_6tla_bo01_v02.png,character-base/layers/6tla-tool-main/bo01-bow-short/char_a_pBOW3_6tla_bo01_v02.png
move,20.08b - Bow Combat 3.2/char_a_pBOW3/6tla/char_a_pBOW3_6tla_bo01_v03.png,character-base/layers/6tla-tool-main/bo01-bow-short/char_a_pBOW3_6tla_bo01_v03.png
move,20.08b - Bow Combat 3.2/char_a_pBOW3/6tla/char_a_pBOW3_6tla_bo01_v04.png,character-base/layers/6tla-tool-main/bo01-bow-short/char_a_pBOW3_6tla_bo01_v04.png
move,20.08b - Bow Combat 3.2/char_a_pBOW3/6tla/char_a_pBOW3_6tla_bo01_v05.png,character-base/layers/6tla-tool-main/bo01-bow-short/char_a_pBOW3_6tla_bo01_v05.png
move,20.08b - Bow Combat 3.2/char_a_pBOW3/6tla/char_a_pBOW3_6tla_bo02_v01.png,character-base/layers/6tla-tool-main/bo02-bow-recurve/char_a_pBOW3_6tla_bo02_v01.png
move,20.08b - Bow Combat 3.2/char_a_pBOW3/6tla/char_a_pBOW3_6tla_bo02_v02.png,character-base/layers/6tla-tool-main/bo02-bow-recurve/char_a_pBOW3_6tla_bo02_v02.png
move,20.08b - Bow Combat 3.2/char_a_pBOW3/6tla/char_a_pBOW3_6tla_bo02_v03.png,character-base/layers/6tla-tool-main/bo02-bow-recurve/char_a_pBOW3_6tla_bo02_v03.png
move,20.08b - Bow Combat 3.2/char_a_pBOW3/6tla/char_a_pBOW3_6tla_bo02_v04.png,character-base/layers/6tla-tool-main/bo02-bow-recurve/char_a_pBOW3_6tla_bo02_v04.png
move,20.08b - Bow Combat 3.2/char_a_pBOW3/6tla/char_a_pBOW3_6tla_bo02_v05.png,character-base/layers/6tla-tool-main/bo02-bow-recurve/char_a_pBOW3_6tla_bo02_v05.png
move,20.08b - Bow Combat 3.2/char_a_pBOW3/6tla/char_a_pBOW3_6tla_bo03_v01.png,character-base/layers/6tla-tool-main/bo03-bow-long/char_a_pBOW3_6tla_bo03_v01.png
move,20.08b - Bow Combat 3.2/char_a_pBOW3/6tla/char_a_pBOW3_6tla_bo03_v02.png,character-base/layers/6tla-tool-main/bo03-bow-long/char_a_pBOW3_6tla_bo03_v02.png
move,20.08b - Bow Combat 3.2/char_a_pBOW3/6tla/char_a_pBOW3_6tla_bo03_v03.png,character-base/layers/6tla-tool-main/bo03-bow-long/char_a_pBOW3_6tla_bo03_v03.png
move,20.08b - Bow Combat 3.2/char_a_pBOW3/6tla/char_a_pBOW3_6tla_bo03_v04.png,character-base/layers/6tla-tool-main/bo03-bow-long/char_a_pBOW3_6tla_bo03_v04.png
move,20.08b - Bow Combat 3.2/char_a_pBOW3/6tla/char_a_pBOW3_6tla_bo03_v05.png,character-base/layers/6tla-tool-main/bo03-bow-long/char_a_pBOW3_6tla_bo03_v05.png
move,20.08b - Bow Combat 3.2/char_a_pBOW3/7tlb/char_a_pBOW3_7tlb_qv01_v01.png,character-base/layers/7tlb-tool-offhand/qv01-quiver/char_a_pBOW3_7tlb_qv01_v01.png
move,20.08b - Bow Combat 3.2/char_a_pBOW3/7tlb/char_a_pBOW3_7tlb_qv01_v02.png,character-base/layers/7tlb-tool-offhand/qv01-quiver/char_a_pBOW3_7tlb_qv01_v02.png
move,20.08b - Bow Combat 3.2/char_a_pBOW3/7tlb/char_a_pBOW3_7tlb_qv01_v03.png,character-base/layers/7tlb-tool-offhand/qv01-quiver/char_a_pBOW3_7tlb_qv01_v03.png
move,20.08b - Bow Combat 3.2/char_a_pBOW3/7tlb/char_a_pBOW3_7tlb_qv01_v04.png,character-base/layers/7tlb-tool-offhand/qv01-quiver/char_a_pBOW3_7tlb_qv01_v04.png
move,20.08b - Bow Combat 3.2/char_a_pBOW3/7tlb/char_a_pBOW3_7tlb_qv01_v05.png,character-base/layers/7tlb-tool-offhand/qv01-quiver/char_a_pBOW3_7tlb_qv01_v05.png
move,20.08b - Bow Combat 3.2/char_a_pBOW3/7tlb/char_a_pBOW3_7tlb_qv01_v06.png,character-base/layers/7tlb-tool-offhand/qv01-quiver/char_a_pBOW3_7tlb_qv01_v06.png
move,20.08b - Bow Combat 3.2/char_a_pBOW3/7tlb/char_a_pBOW3_7tlb_qv01_v07.png,character-base/layers/7tlb-tool-offhand/qv01-quiver/char_a_pBOW3_7tlb_qv01_v07.png
move,20.08b - Bow Combat 3.2/char_a_pBOW3/7tlb/char_a_pBOW3_7tlb_qv01_v08.png,character-base/layers/7tlb-tool-offhand/qv01-quiver/char_a_pBOW3_7tlb_qv01_v08.png
move,20.08b - Bow Combat 3.2/weapon sprites/aro_comn_v01.png,character-base/effects-and-props/weapon sprites/aro_comn_v01.png
move,20.08b - Bow Combat 3.2/weapon sprites/aro_comn_v02.png,character-base/effects-and-props/weapon sprites/aro_comn_v02.png
move,20.08b - Bow Combat 3.2/weapon sprites/aro_comn_v03.png,character-base/effects-and-props/weapon sprites/aro_comn_v03.png
move,20.08b - Bow Combat 3.2/weapon sprites/aro_comn_v04.png,character-base/effects-and-props/weapon sprites/aro_comn_v04.png
move,20.08b - Bow Combat 3.2/weapon sprites/aro_comn_v05.png,character-base/effects-and-props/weapon sprites/aro_comn_v05.png
move,20.08b - Bow Combat 3.2/weapon sprites/aro_comn_v06.png,character-base/effects-and-props/weapon sprites/aro_comn_v06.png
move,20.08b - Bow Combat 3.2/weapon sprites/aro_comn_v07.png,character-base/effects-and-props/weapon sprites/aro_comn_v07.png
move,20.08b - Bow Combat 3.2/weapon sprites/aro_comn_v08.png,character-base/effects-and-props/weapon sprites/aro_comn_v08.png
move,20.08b - Bow Combat 3.2/weapon sprites/bow_curv_v01.png,character-base/effects-and-props/weapon sprites/bow_curv_v01.png
move,20.08b - Bow Combat 3.2/weapon sprites/bow_curv_v02.png,character-base/effects-and-props/weapon sprites/bow_curv_v02.png
move,20.08b - Bow Combat 3.2/weapon sprites/bow_curv_v03.png,character-base/effects-and-props/weapon sprites/bow_curv_v03.png
move,20.08b - Bow Combat 3.2/weapon sprites/bow_curv_v04.png,character-base/effects-and-props/weapon sprites/bow_curv_v04.png
move,20.08b - Bow Combat 3.2/weapon sprites/bow_curv_v05.png,character-base/effects-and-props/weapon sprites/bow_curv_v05.png
move,20.08b - Bow Combat 3.2/weapon sprites/bow_long_v01.png,character-base/effects-and-props/weapon sprites/bow_long_v01.png
move,20.08b - Bow Combat 3.2/weapon sprites/bow_long_v02.png,character-base/effects-and-props/weapon sprites/bow_long_v02.png
move,20.08b - Bow Combat 3.2/weapon sprites/bow_long_v03.png,character-base/effects-and-props/weapon sprites/bow_long_v03.png
move,20.08b - Bow Combat 3.2/weapon sprites/bow_long_v04.png,character-base/effects-and-props/weapon sprites/bow_long_v04.png
move,20.08b - Bow Combat 3.2/weapon sprites/bow_long_v05.png,character-base/effects-and-props/weapon sprites/bow_long_v05.png
move,20.08b - Bow Combat 3.2/weapon sprites/bow_shrt_v01.png,character-base/effects-and-props/weapon sprites/bow_shrt_v01.png
move,20.08b - Bow Combat 3.2/weapon sprites/bow_shrt_v02.png,character-base/effects-and-props/weapon sprites/bow_shrt_v02.png
move,20.08b - Bow Combat 3.2/weapon sprites/bow_shrt_v03.png,character-base/effects-and-props/weapon sprites/bow_shrt_v03.png
move,20.08b - Bow Combat 3.2/weapon sprites/bow_shrt_v04.png,character-base/effects-and-props/weapon sprites/bow_shrt_v04.png
move,20.08b - Bow Combat 3.2/weapon sprites/bow_shrt_v05.png,character-base/effects-and-props/weapon sprites/bow_shrt_v05.png
move,twin-blade sword/readme.txt,"docs/readme, twin-blade sword.txt"
move,twin-blade sword/char_a_pONE3/6tla/char_a_pONE3_6tla_sw02_v01.png,character-base/layers/6tla-tool-main/sw02-twin-blade-sword/char_a_pONE3_6tla_sw02_v01.png
move,twin-blade sword/char_a_pONE3/6tla/char_a_pONE3_6tla_sw02_v02.png,character-base/layers/6tla-tool-main/sw02-twin-blade-sword/char_a_pONE3_6tla_sw02_v02.png
move,twin-blade sword/char_a_pONE3/6tla/char_a_pONE3_6tla_sw02_v03.png,character-base/layers/6tla-tool-main/sw02-twin-blade-sword/char_a_pONE3_6tla_sw02_v03.png
move,twin-blade sword/char_a_pONE3/6tla/char_a_pONE3_6tla_sw02_v04.png,character-base/layers/6tla-tool-main/sw02-twin-blade-sword/char_a_pONE3_6tla_sw02_v04.png
move,twin-blade sword/char_a_pONE3/6tla/char_a_pONE3_6tla_sw02_v05.png,character-base/layers/6tla-tool-main/sw02-twin-blade-sword/char_a_pONE3_6tla_sw02_v05.png
move,twin-blade sword/weapon sprites/one_0916_v01.png,character-base/effects-and-props/weapon sprites/one_0916_v01.png
move,twin-blade sword/weapon sprites/one_0916_v02.png,character-base/effects-and-props/weapon sprites/one_0916_v02.png
move,twin-blade sword/weapon sprites/one_0916_v03.png,character-base/effects-and-props/weapon sprites/one_0916_v03.png
move,twin-blade sword/weapon sprites/one_0916_v04.png,character-base/effects-and-props/weapon sprites/one_0916_v04.png
move,twin-blade sword/weapon sprites/one_0916_v05.png,character-base/effects-and-props/weapon sprites/one_0916_v05.png
move,twin-blade sword/char_a_pONE2/6tla/char_a_pONE2_6tla_sw02_v01.png,character-base/layers/6tla-tool-main/sw02-twin-blade-sword/char_a_pONE2_6tla_sw02_v01.png
move,twin-blade sword/char_a_pONE2/6tla/char_a_pONE2_6tla_sw02_v02.png,character-base/layers/6tla-tool-main/sw02-twin-blade-sword/char_a_pONE2_6tla_sw02_v02.png
move,twin-blade sword/char_a_pONE2/6tla/char_a_pONE2_6tla_sw02_v03.png,character-base/layers/6tla-tool-main/sw02-twin-blade-sword/char_a_pONE2_6tla_sw02_v03.png
move,twin-blade sword/char_a_pONE2/6tla/char_a_pONE2_6tla_sw02_v04.png,character-base/layers/6tla-tool-main/sw02-twin-blade-sword/char_a_pONE2_6tla_sw02_v04.png
move,twin-blade sword/char_a_pONE2/6tla/char_a_pONE2_6tla_sw02_v05.png,character-base/layers/6tla-tool-main/sw02-twin-blade-sword/char_a_pONE2_6tla_sw02_v05.png
move,twin-blade sword/char_a_pONE1/6tla/char_a_pONE1_6tla_sw02_v01.png,character-base/layers/6tla-tool-main/sw02-twin-blade-sword/char_a_pONE1_6tla_sw02_v01.png
move,twin-blade sword/char_a_pONE1/6tla/char_a_pONE1_6tla_sw02_v02.png,character-base/layers/6tla-tool-main/sw02-twin-blade-sword/char_a_pONE1_6tla_sw02_v02.png
move,twin-blade sword/char_a_pONE1/6tla/char_a_pONE1_6tla_sw02_v03.png,character-base/layers/6tla-tool-main/sw02-twin-blade-sword/char_a_pONE1_6tla_sw02_v03.png
move,twin-blade sword/char_a_pONE1/6tla/char_a_pONE1_6tla_sw02_v04.png,character-base/layers/6tla-tool-main/sw02-twin-blade-sword/char_a_pONE1_6tla_sw02_v04.png
move,twin-blade sword/char_a_pONE1/6tla/char_a_pONE1_6tla_sw02_v05.png,character-base/layers/6tla-tool-main/sw02-twin-blade-sword/char_a_pONE1_6tla_sw02_v05.png
move,20.04b - Blacksmith Apron and Bandana 2.1 (comp. v01)/optional files (unsupported)/char_a_p1C/1out/char_a_p1C_1out_bksm_v01.png,character-base/layers/1out-outfit/bksm-blacksmith-apron/char_a_p1C_1out_bksm_v01.png
move,20.04b - Blacksmith Apron and Bandana 2.1 (comp. v01)/optional files (unsupported)/char_a_p1C/1out/char_a_p1C_1out_bksm_v02.png,character-base/layers/1out-outfit/bksm-blacksmith-apron/char_a_p1C_1out_bksm_v02.png
move,20.04b - Blacksmith Apron and Bandana 2.1 (comp. v01)/optional files (unsupported)/char_a_p1C/1out/char_a_p1C_1out_bksm_v03.png,character-base/layers/1out-outfit/bksm-blacksmith-apron/char_a_p1C_1out_bksm_v03.png
move,20.04b - Blacksmith Apron and Bandana 2.1 (comp. v01)/optional files (unsupported)/char_a_p1C/1out/char_a_p1C_1out_bksm_v04.png,character-base/layers/1out-outfit/bksm-blacksmith-apron/char_a_p1C_1out_bksm_v04.png
move,20.04b - Blacksmith Apron and Bandana 2.1 (comp. v01)/optional files (unsupported)/char_a_p1C/1out/char_a_p1C_1out_bksm_v05.png,character-base/layers/1out-outfit/bksm-blacksmith-apron/char_a_p1C_1out_bksm_v05.png
move,20.04b - Blacksmith Apron and Bandana 2.1 (comp. v01)/optional files (unsupported)/char_a_p1C/5hat/char_a_p1C_5hat_band_v01.png,character-base/layers/5hat-hat/band-bandana/char_a_p1C_5hat_band_v01.png
move,20.04b - Blacksmith Apron and Bandana 2.1 (comp. v01)/optional files (unsupported)/char_a_p1C/5hat/char_a_p1C_5hat_band_v02.png,character-base/layers/5hat-hat/band-bandana/char_a_p1C_5hat_band_v02.png
move,20.04b - Blacksmith Apron and Bandana 2.1 (comp. v01)/optional files (unsupported)/char_a_p1C/5hat/char_a_p1C_5hat_band_v03.png,character-base/layers/5hat-hat/band-bandana/char_a_p1C_5hat_band_v03.png
move,20.04b - Blacksmith Apron and Bandana 2.1 (comp. v01)/optional files (unsupported)/char_a_p1C/5hat/char_a_p1C_5hat_band_v04.png,character-base/layers/5hat-hat/band-bandana/char_a_p1C_5hat_band_v04.png
move,20.04b - Blacksmith Apron and Bandana 2.1 (comp. v01)/optional files (unsupported)/char_a_p1C/5hat/char_a_p1C_5hat_band_v05.png,character-base/layers/5hat-hat/band-bandana/char_a_p1C_5hat_band_v05.png
move,20.04b - Blacksmith Apron and Bandana 2.1 (comp. v01)/optional files (unsupported)/char_a_p1B/1out/char_a_p1B_1out_bksm_v01.png,character-base/layers/1out-outfit/bksm-blacksmith-apron/char_a_p1B_1out_bksm_v01.png
move,20.04b - Blacksmith Apron and Bandana 2.1 (comp. v01)/optional files (unsupported)/char_a_p1B/1out/char_a_p1B_1out_bksm_v02.png,character-base/layers/1out-outfit/bksm-blacksmith-apron/char_a_p1B_1out_bksm_v02.png
move,20.04b - Blacksmith Apron and Bandana 2.1 (comp. v01)/optional files (unsupported)/char_a_p1B/1out/char_a_p1B_1out_bksm_v03.png,character-base/layers/1out-outfit/bksm-blacksmith-apron/char_a_p1B_1out_bksm_v03.png
move,20.04b - Blacksmith Apron and Bandana 2.1 (comp. v01)/optional files (unsupported)/char_a_p1B/1out/char_a_p1B_1out_bksm_v04.png,character-base/layers/1out-outfit/bksm-blacksmith-apron/char_a_p1B_1out_bksm_v04.png
move,20.04b - Blacksmith Apron and Bandana 2.1 (comp. v01)/optional files (unsupported)/char_a_p1B/1out/char_a_p1B_1out_bksm_v05.png,character-base/layers/1out-outfit/bksm-blacksmith-apron/char_a_p1B_1out_bksm_v05.png
move,20.04b - Blacksmith Apron and Bandana 2.1 (comp. v01)/optional files (unsupported)/char_a_p1B/5hat/char_a_p1B_5hat_band_v01.png,character-base/layers/5hat-hat/band-bandana/char_a_p1B_5hat_band_v01.png
move,20.04b - Blacksmith Apron and Bandana 2.1 (comp. v01)/optional files (unsupported)/char_a_p1B/5hat/char_a_p1B_5hat_band_v02.png,character-base/layers/5hat-hat/band-bandana/char_a_p1B_5hat_band_v02.png
move,20.04b - Blacksmith Apron and Bandana 2.1 (comp. v01)/optional files (unsupported)/char_a_p1B/5hat/char_a_p1B_5hat_band_v03.png,character-base/layers/5hat-hat/band-bandana/char_a_p1B_5hat_band_v03.png
move,20.04b - Blacksmith Apron and Bandana 2.1 (comp. v01)/optional files (unsupported)/char_a_p1B/5hat/char_a_p1B_5hat_band_v04.png,character-base/layers/5hat-hat/band-bandana/char_a_p1B_5hat_band_v04.png
move,20.04b - Blacksmith Apron and Bandana 2.1 (comp. v01)/optional files (unsupported)/char_a_p1B/5hat/char_a_p1B_5hat_band_v05.png,character-base/layers/5hat-hat/band-bandana/char_a_p1B_5hat_band_v05.png
move,20.04b - Blacksmith Apron and Bandana 2.1 (comp. v01)/char_a_p3/1out/char_a_p3_1out_bksm_v01.png,character-base/layers/1out-outfit/bksm-blacksmith-apron/char_a_p3_1out_bksm_v01.png
move,20.04b - Blacksmith Apron and Bandana 2.1 (comp. v01)/char_a_p3/1out/char_a_p3_1out_bksm_v02.png,character-base/layers/1out-outfit/bksm-blacksmith-apron/char_a_p3_1out_bksm_v02.png
move,20.04b - Blacksmith Apron and Bandana 2.1 (comp. v01)/char_a_p3/1out/char_a_p3_1out_bksm_v03.png,character-base/layers/1out-outfit/bksm-blacksmith-apron/char_a_p3_1out_bksm_v03.png
move,20.04b - Blacksmith Apron and Bandana 2.1 (comp. v01)/char_a_p3/1out/char_a_p3_1out_bksm_v04.png,character-base/layers/1out-outfit/bksm-blacksmith-apron/char_a_p3_1out_bksm_v04.png
move,20.04b - Blacksmith Apron and Bandana 2.1 (comp. v01)/char_a_p3/1out/char_a_p3_1out_bksm_v05.png,character-base/layers/1out-outfit/bksm-blacksmith-apron/char_a_p3_1out_bksm_v05.png
move,20.04b - Blacksmith Apron and Bandana 2.1 (comp. v01)/char_a_p3/5hat/char_a_p3_5hat_band_v01.png,character-base/layers/5hat-hat/band-bandana/char_a_p3_5hat_band_v01.png
move,20.04b - Blacksmith Apron and Bandana 2.1 (comp. v01)/char_a_p3/5hat/char_a_p3_5hat_band_v02.png,character-base/layers/5hat-hat/band-bandana/char_a_p3_5hat_band_v02.png
move,20.04b - Blacksmith Apron and Bandana 2.1 (comp. v01)/char_a_p3/5hat/char_a_p3_5hat_band_v03.png,character-base/layers/5hat-hat/band-bandana/char_a_p3_5hat_band_v03.png
move,20.04b - Blacksmith Apron and Bandana 2.1 (comp. v01)/char_a_p3/5hat/char_a_p3_5hat_band_v04.png,character-base/layers/5hat-hat/band-bandana/char_a_p3_5hat_band_v04.png
move,20.04b - Blacksmith Apron and Bandana 2.1 (comp. v01)/char_a_p3/5hat/char_a_p3_5hat_band_v05.png,character-base/layers/5hat-hat/band-bandana/char_a_p3_5hat_band_v05.png
move,20.04b - Blacksmith Apron and Bandana 2.1 (comp. v01)/char_a_p4/1out/char_a_p4_1out_bksm_v01.png,character-base/layers/1out-outfit/bksm-blacksmith-apron/char_a_p4_1out_bksm_v01.png
move,20.04b - Blacksmith Apron and Bandana 2.1 (comp. v01)/char_a_p4/1out/char_a_p4_1out_bksm_v02.png,character-base/layers/1out-outfit/bksm-blacksmith-apron/char_a_p4_1out_bksm_v02.png
move,20.04b - Blacksmith Apron and Bandana 2.1 (comp. v01)/char_a_p4/1out/char_a_p4_1out_bksm_v03.png,character-base/layers/1out-outfit/bksm-blacksmith-apron/char_a_p4_1out_bksm_v03.png
move,20.04b - Blacksmith Apron and Bandana 2.1 (comp. v01)/char_a_p4/1out/char_a_p4_1out_bksm_v04.png,character-base/layers/1out-outfit/bksm-blacksmith-apron/char_a_p4_1out_bksm_v04.png
move,20.04b - Blacksmith Apron and Bandana 2.1 (comp. v01)/char_a_p4/1out/char_a_p4_1out_bksm_v05.png,character-base/layers/1out-outfit/bksm-blacksmith-apron/char_a_p4_1out_bksm_v05.png
move,20.04b - Blacksmith Apron and Bandana 2.1 (comp. v01)/char_a_p4/5hat/char_a_p4_5hat_band_v01.png,character-base/layers/5hat-hat/band-bandana/char_a_p4_5hat_band_v01.png
move,20.04b - Blacksmith Apron and Bandana 2.1 (comp. v01)/char_a_p4/5hat/char_a_p4_5hat_band_v02.png,character-base/layers/5hat-hat/band-bandana/char_a_p4_5hat_band_v02.png
move,20.04b - Blacksmith Apron and Bandana 2.1 (comp. v01)/char_a_p4/5hat/char_a_p4_5hat_band_v03.png,character-base/layers/5hat-hat/band-bandana/char_a_p4_5hat_band_v03.png
move,20.04b - Blacksmith Apron and Bandana 2.1 (comp. v01)/char_a_p4/5hat/char_a_p4_5hat_band_v04.png,character-base/layers/5hat-hat/band-bandana/char_a_p4_5hat_band_v04.png
move,20.04b - Blacksmith Apron and Bandana 2.1 (comp. v01)/char_a_p4/5hat/char_a_p4_5hat_band_v05.png,character-base/layers/5hat-hat/band-bandana/char_a_p4_5hat_band_v05.png
move,20.04b - Blacksmith Apron and Bandana 2.1 (comp. v01)/char_a_p2/1out/char_a_p2_1out_bksm_v01.png,character-base/layers/1out-outfit/bksm-blacksmith-apron/char_a_p2_1out_bksm_v01.png
move,20.04b - Blacksmith Apron and Bandana 2.1 (comp. v01)/char_a_p2/1out/char_a_p2_1out_bksm_v02.png,character-base/layers/1out-outfit/bksm-blacksmith-apron/char_a_p2_1out_bksm_v02.png
move,20.04b - Blacksmith Apron and Bandana 2.1 (comp. v01)/char_a_p2/1out/char_a_p2_1out_bksm_v03.png,character-base/layers/1out-outfit/bksm-blacksmith-apron/char_a_p2_1out_bksm_v03.png
move,20.04b - Blacksmith Apron and Bandana 2.1 (comp. v01)/char_a_p2/1out/char_a_p2_1out_bksm_v04.png,character-base/layers/1out-outfit/bksm-blacksmith-apron/char_a_p2_1out_bksm_v04.png
move,20.04b - Blacksmith Apron and Bandana 2.1 (comp. v01)/char_a_p2/1out/char_a_p2_1out_bksm_v05.png,character-base/layers/1out-outfit/bksm-blacksmith-apron/char_a_p2_1out_bksm_v05.png
move,20.04b - Blacksmith Apron and Bandana 2.1 (comp. v01)/char_a_p2/5hat/char_a_p2_5hat_band_v01.png,character-base/layers/5hat-hat/band-bandana/char_a_p2_5hat_band_v01.png
move,20.04b - Blacksmith Apron and Bandana 2.1 (comp. v01)/char_a_p2/5hat/char_a_p2_5hat_band_v02.png,character-base/layers/5hat-hat/band-bandana/char_a_p2_5hat_band_v02.png
move,20.04b - Blacksmith Apron and Bandana 2.1 (comp. v01)/char_a_p2/5hat/char_a_p2_5hat_band_v03.png,character-base/layers/5hat-hat/band-bandana/char_a_p2_5hat_band_v03.png
move,20.04b - Blacksmith Apron and Bandana 2.1 (comp. v01)/char_a_p2/5hat/char_a_p2_5hat_band_v04.png,character-base/layers/5hat-hat/band-bandana/char_a_p2_5hat_band_v04.png
move,20.04b - Blacksmith Apron and Bandana 2.1 (comp. v01)/char_a_p2/5hat/char_a_p2_5hat_band_v05.png,character-base/layers/5hat-hat/band-bandana/char_a_p2_5hat_band_v05.png
move,20.04b - Blacksmith Apron and Bandana 2.1 (comp. v01)/char_a_p1/1out/char_a_p1_1out_bksm_v01.png,character-base/layers/1out-outfit/bksm-blacksmith-apron/char_a_p1_1out_bksm_v01.png
move,20.04b - Blacksmith Apron and Bandana 2.1 (comp. v01)/char_a_p1/1out/char_a_p1_1out_bksm_v02.png,character-base/layers/1out-outfit/bksm-blacksmith-apron/char_a_p1_1out_bksm_v02.png
move,20.04b - Blacksmith Apron and Bandana 2.1 (comp. v01)/char_a_p1/1out/char_a_p1_1out_bksm_v03.png,character-base/layers/1out-outfit/bksm-blacksmith-apron/char_a_p1_1out_bksm_v03.png
move,20.04b - Blacksmith Apron and Bandana 2.1 (comp. v01)/char_a_p1/1out/char_a_p1_1out_bksm_v04.png,character-base/layers/1out-outfit/bksm-blacksmith-apron/char_a_p1_1out_bksm_v04.png
move,20.04b - Blacksmith Apron and Bandana 2.1 (comp. v01)/char_a_p1/1out/char_a_p1_1out_bksm_v05.png,character-base/layers/1out-outfit/bksm-blacksmith-apron/char_a_p1_1out_bksm_v05.png
move,20.04b - Blacksmith Apron and Bandana 2.1 (comp. v01)/char_a_p1/5hat/char_a_p1_5hat_band_v01.png,character-base/layers/5hat-hat/band-bandana/char_a_p1_5hat_band_v01.png
move,20.04b - Blacksmith Apron and Bandana 2.1 (comp. v01)/char_a_p1/5hat/char_a_p1_5hat_band_v02.png,character-base/layers/5hat-hat/band-bandana/char_a_p1_5hat_band_v02.png
move,20.04b - Blacksmith Apron and Bandana 2.1 (comp. v01)/char_a_p1/5hat/char_a_p1_5hat_band_v03.png,character-base/layers/5hat-hat/band-bandana/char_a_p1_5hat_band_v03.png
move,20.04b - Blacksmith Apron and Bandana 2.1 (comp. v01)/char_a_p1/5hat/char_a_p1_5hat_band_v04.png,character-base/layers/5hat-hat/band-bandana/char_a_p1_5hat_band_v04.png
move,20.04b - Blacksmith Apron and Bandana 2.1 (comp. v01)/char_a_p1/5hat/char_a_p1_5hat_band_v05.png,character-base/layers/5hat-hat/band-bandana/char_a_p1_5hat_band_v05.png
move,20.01d - Peasant Farmer Dress & Bonnet 2.1 (comp. v01)/optional files (unsupported)/char_a_p1C/1out/char_a_p1C_1out_pfdr_v01.png,character-base/layers/1out-outfit/pfdr-peasant-farmer-dress/char_a_p1C_1out_pfdr_v01.png
move,20.01d - Peasant Farmer Dress & Bonnet 2.1 (comp. v01)/optional files (unsupported)/char_a_p1C/1out/char_a_p1C_1out_pfdr_v02.png,character-base/layers/1out-outfit/pfdr-peasant-farmer-dress/char_a_p1C_1out_pfdr_v02.png
move,20.01d - Peasant Farmer Dress & Bonnet 2.1 (comp. v01)/optional files (unsupported)/char_a_p1C/1out/char_a_p1C_1out_pfdr_v03.png,character-base/layers/1out-outfit/pfdr-peasant-farmer-dress/char_a_p1C_1out_pfdr_v03.png
move,20.01d - Peasant Farmer Dress & Bonnet 2.1 (comp. v01)/optional files (unsupported)/char_a_p1C/1out/char_a_p1C_1out_pfdr_v04.png,character-base/layers/1out-outfit/pfdr-peasant-farmer-dress/char_a_p1C_1out_pfdr_v04.png
move,20.01d - Peasant Farmer Dress & Bonnet 2.1 (comp. v01)/optional files (unsupported)/char_a_p1C/1out/char_a_p1C_1out_pfdr_v05.png,character-base/layers/1out-outfit/pfdr-peasant-farmer-dress/char_a_p1C_1out_pfdr_v05.png
move,20.01d - Peasant Farmer Dress & Bonnet 2.1 (comp. v01)/optional files (unsupported)/char_a_p1C/5hat/char_a_p1C_5hat_pfbn_v01.png,character-base/layers/5hat-hat/pfbn-peasant-bonnet/char_a_p1C_5hat_pfbn_v01.png
move,20.01d - Peasant Farmer Dress & Bonnet 2.1 (comp. v01)/optional files (unsupported)/char_a_p1C/5hat/char_a_p1C_5hat_pfbn_v02.png,character-base/layers/5hat-hat/pfbn-peasant-bonnet/char_a_p1C_5hat_pfbn_v02.png
move,20.01d - Peasant Farmer Dress & Bonnet 2.1 (comp. v01)/optional files (unsupported)/char_a_p1C/5hat/char_a_p1C_5hat_pfbn_v03.png,character-base/layers/5hat-hat/pfbn-peasant-bonnet/char_a_p1C_5hat_pfbn_v03.png
move,20.01d - Peasant Farmer Dress & Bonnet 2.1 (comp. v01)/optional files (unsupported)/char_a_p1C/5hat/char_a_p1C_5hat_pfbn_v04.png,character-base/layers/5hat-hat/pfbn-peasant-bonnet/char_a_p1C_5hat_pfbn_v04.png
move,20.01d - Peasant Farmer Dress & Bonnet 2.1 (comp. v01)/optional files (unsupported)/char_a_p1C/5hat/char_a_p1C_5hat_pfbn_v05.png,character-base/layers/5hat-hat/pfbn-peasant-bonnet/char_a_p1C_5hat_pfbn_v05.png
move,20.01d - Peasant Farmer Dress & Bonnet 2.1 (comp. v01)/optional files (unsupported)/char_a_p1B/1out/char_a_p1B_1out_pfdr_v01.png,character-base/layers/1out-outfit/pfdr-peasant-farmer-dress/char_a_p1B_1out_pfdr_v01.png
move,20.01d - Peasant Farmer Dress & Bonnet 2.1 (comp. v01)/optional files (unsupported)/char_a_p1B/1out/char_a_p1B_1out_pfdr_v02.png,character-base/layers/1out-outfit/pfdr-peasant-farmer-dress/char_a_p1B_1out_pfdr_v02.png
move,20.01d - Peasant Farmer Dress & Bonnet 2.1 (comp. v01)/optional files (unsupported)/char_a_p1B/1out/char_a_p1B_1out_pfdr_v03.png,character-base/layers/1out-outfit/pfdr-peasant-farmer-dress/char_a_p1B_1out_pfdr_v03.png
move,20.01d - Peasant Farmer Dress & Bonnet 2.1 (comp. v01)/optional files (unsupported)/char_a_p1B/1out/char_a_p1B_1out_pfdr_v04.png,character-base/layers/1out-outfit/pfdr-peasant-farmer-dress/char_a_p1B_1out_pfdr_v04.png
move,20.01d - Peasant Farmer Dress & Bonnet 2.1 (comp. v01)/optional files (unsupported)/char_a_p1B/1out/char_a_p1B_1out_pfdr_v05.png,character-base/layers/1out-outfit/pfdr-peasant-farmer-dress/char_a_p1B_1out_pfdr_v05.png
move,20.01d - Peasant Farmer Dress & Bonnet 2.1 (comp. v01)/optional files (unsupported)/char_a_p1B/5hat/char_a_p1B_5hat_pfbn_v01.png,character-base/layers/5hat-hat/pfbn-peasant-bonnet/char_a_p1B_5hat_pfbn_v01.png
move,20.01d - Peasant Farmer Dress & Bonnet 2.1 (comp. v01)/optional files (unsupported)/char_a_p1B/5hat/char_a_p1B_5hat_pfbn_v02.png,character-base/layers/5hat-hat/pfbn-peasant-bonnet/char_a_p1B_5hat_pfbn_v02.png
move,20.01d - Peasant Farmer Dress & Bonnet 2.1 (comp. v01)/optional files (unsupported)/char_a_p1B/5hat/char_a_p1B_5hat_pfbn_v03.png,character-base/layers/5hat-hat/pfbn-peasant-bonnet/char_a_p1B_5hat_pfbn_v03.png
move,20.01d - Peasant Farmer Dress & Bonnet 2.1 (comp. v01)/optional files (unsupported)/char_a_p1B/5hat/char_a_p1B_5hat_pfbn_v04.png,character-base/layers/5hat-hat/pfbn-peasant-bonnet/char_a_p1B_5hat_pfbn_v04.png
move,20.01d - Peasant Farmer Dress & Bonnet 2.1 (comp. v01)/optional files (unsupported)/char_a_p1B/5hat/char_a_p1B_5hat_pfbn_v05.png,character-base/layers/5hat-hat/pfbn-peasant-bonnet/char_a_p1B_5hat_pfbn_v05.png
move,20.01d - Peasant Farmer Dress & Bonnet 2.1 (comp. v01)/char_a_p3/1out/char_a_p3_1out_pfdr_v01.png,character-base/layers/1out-outfit/pfdr-peasant-farmer-dress/char_a_p3_1out_pfdr_v01.png
move,20.01d - Peasant Farmer Dress & Bonnet 2.1 (comp. v01)/char_a_p3/1out/char_a_p3_1out_pfdr_v02.png,character-base/layers/1out-outfit/pfdr-peasant-farmer-dress/char_a_p3_1out_pfdr_v02.png
move,20.01d - Peasant Farmer Dress & Bonnet 2.1 (comp. v01)/char_a_p3/1out/char_a_p3_1out_pfdr_v03.png,character-base/layers/1out-outfit/pfdr-peasant-farmer-dress/char_a_p3_1out_pfdr_v03.png
move,20.01d - Peasant Farmer Dress & Bonnet 2.1 (comp. v01)/char_a_p3/1out/char_a_p3_1out_pfdr_v04.png,character-base/layers/1out-outfit/pfdr-peasant-farmer-dress/char_a_p3_1out_pfdr_v04.png
move,20.01d - Peasant Farmer Dress & Bonnet 2.1 (comp. v01)/char_a_p3/1out/char_a_p3_1out_pfdr_v05.png,character-base/layers/1out-outfit/pfdr-peasant-farmer-dress/char_a_p3_1out_pfdr_v05.png
move,20.01d - Peasant Farmer Dress & Bonnet 2.1 (comp. v01)/char_a_p3/5hat/char_a_p3_5hat_pfbn_v01.png,character-base/layers/5hat-hat/pfbn-peasant-bonnet/char_a_p3_5hat_pfbn_v01.png
move,20.01d - Peasant Farmer Dress & Bonnet 2.1 (comp. v01)/char_a_p3/5hat/char_a_p3_5hat_pfbn_v02.png,character-base/layers/5hat-hat/pfbn-peasant-bonnet/char_a_p3_5hat_pfbn_v02.png
move,20.01d - Peasant Farmer Dress & Bonnet 2.1 (comp. v01)/char_a_p3/5hat/char_a_p3_5hat_pfbn_v03.png,character-base/layers/5hat-hat/pfbn-peasant-bonnet/char_a_p3_5hat_pfbn_v03.png
move,20.01d - Peasant Farmer Dress & Bonnet 2.1 (comp. v01)/char_a_p3/5hat/char_a_p3_5hat_pfbn_v04.png,character-base/layers/5hat-hat/pfbn-peasant-bonnet/char_a_p3_5hat_pfbn_v04.png
move,20.01d - Peasant Farmer Dress & Bonnet 2.1 (comp. v01)/char_a_p3/5hat/char_a_p3_5hat_pfbn_v05.png,character-base/layers/5hat-hat/pfbn-peasant-bonnet/char_a_p3_5hat_pfbn_v05.png
move,20.01d - Peasant Farmer Dress & Bonnet 2.1 (comp. v01)/char_a_p4/1out/char_a_p4_1out_pfdr_v01.png,character-base/layers/1out-outfit/pfdr-peasant-farmer-dress/char_a_p4_1out_pfdr_v01.png
move,20.01d - Peasant Farmer Dress & Bonnet 2.1 (comp. v01)/char_a_p4/1out/char_a_p4_1out_pfdr_v02.png,character-base/layers/1out-outfit/pfdr-peasant-farmer-dress/char_a_p4_1out_pfdr_v02.png
move,20.01d - Peasant Farmer Dress & Bonnet 2.1 (comp. v01)/char_a_p4/1out/char_a_p4_1out_pfdr_v03.png,character-base/layers/1out-outfit/pfdr-peasant-farmer-dress/char_a_p4_1out_pfdr_v03.png
move,20.01d - Peasant Farmer Dress & Bonnet 2.1 (comp. v01)/char_a_p4/1out/char_a_p4_1out_pfdr_v04.png,character-base/layers/1out-outfit/pfdr-peasant-farmer-dress/char_a_p4_1out_pfdr_v04.png
move,20.01d - Peasant Farmer Dress & Bonnet 2.1 (comp. v01)/char_a_p4/1out/char_a_p4_1out_pfdr_v05.png,character-base/layers/1out-outfit/pfdr-peasant-farmer-dress/char_a_p4_1out_pfdr_v05.png
move,20.01d - Peasant Farmer Dress & Bonnet 2.1 (comp. v01)/char_a_p4/5hat/char_a_p4_5hat_pfbn_v01.png,character-base/layers/5hat-hat/pfbn-peasant-bonnet/char_a_p4_5hat_pfbn_v01.png
move,20.01d - Peasant Farmer Dress & Bonnet 2.1 (comp. v01)/char_a_p4/5hat/char_a_p4_5hat_pfbn_v02.png,character-base/layers/5hat-hat/pfbn-peasant-bonnet/char_a_p4_5hat_pfbn_v02.png
move,20.01d - Peasant Farmer Dress & Bonnet 2.1 (comp. v01)/char_a_p4/5hat/char_a_p4_5hat_pfbn_v03.png,character-base/layers/5hat-hat/pfbn-peasant-bonnet/char_a_p4_5hat_pfbn_v03.png
move,20.01d - Peasant Farmer Dress & Bonnet 2.1 (comp. v01)/char_a_p4/5hat/char_a_p4_5hat_pfbn_v04.png,character-base/layers/5hat-hat/pfbn-peasant-bonnet/char_a_p4_5hat_pfbn_v04.png
move,20.01d - Peasant Farmer Dress & Bonnet 2.1 (comp. v01)/char_a_p4/5hat/char_a_p4_5hat_pfbn_v05.png,character-base/layers/5hat-hat/pfbn-peasant-bonnet/char_a_p4_5hat_pfbn_v05.png
move,20.01d - Peasant Farmer Dress & Bonnet 2.1 (comp. v01)/char_a_p2/1out/char_a_p2_1out_pfdr_v01.png,character-base/layers/1out-outfit/pfdr-peasant-farmer-dress/char_a_p2_1out_pfdr_v01.png
move,20.01d - Peasant Farmer Dress & Bonnet 2.1 (comp. v01)/char_a_p2/1out/char_a_p2_1out_pfdr_v02.png,character-base/layers/1out-outfit/pfdr-peasant-farmer-dress/char_a_p2_1out_pfdr_v02.png
move,20.01d - Peasant Farmer Dress & Bonnet 2.1 (comp. v01)/char_a_p2/1out/char_a_p2_1out_pfdr_v03.png,character-base/layers/1out-outfit/pfdr-peasant-farmer-dress/char_a_p2_1out_pfdr_v03.png
move,20.01d - Peasant Farmer Dress & Bonnet 2.1 (comp. v01)/char_a_p2/1out/char_a_p2_1out_pfdr_v04.png,character-base/layers/1out-outfit/pfdr-peasant-farmer-dress/char_a_p2_1out_pfdr_v04.png
move,20.01d - Peasant Farmer Dress & Bonnet 2.1 (comp. v01)/char_a_p2/1out/char_a_p2_1out_pfdr_v05.png,character-base/layers/1out-outfit/pfdr-peasant-farmer-dress/char_a_p2_1out_pfdr_v05.png
move,20.01d - Peasant Farmer Dress & Bonnet 2.1 (comp. v01)/char_a_p2/5hat/char_a_p2_5hat_pfbn_v01.png,character-base/layers/5hat-hat/pfbn-peasant-bonnet/char_a_p2_5hat_pfbn_v01.png
move,20.01d - Peasant Farmer Dress & Bonnet 2.1 (comp. v01)/char_a_p2/5hat/char_a_p2_5hat_pfbn_v02.png,character-base/layers/5hat-hat/pfbn-peasant-bonnet/char_a_p2_5hat_pfbn_v02.png
move,20.01d - Peasant Farmer Dress & Bonnet 2.1 (comp. v01)/char_a_p2/5hat/char_a_p2_5hat_pfbn_v03.png,character-base/layers/5hat-hat/pfbn-peasant-bonnet/char_a_p2_5hat_pfbn_v03.png
move,20.01d - Peasant Farmer Dress & Bonnet 2.1 (comp. v01)/char_a_p2/5hat/char_a_p2_5hat_pfbn_v04.png,character-base/layers/5hat-hat/pfbn-peasant-bonnet/char_a_p2_5hat_pfbn_v04.png
move,20.01d - Peasant Farmer Dress & Bonnet 2.1 (comp. v01)/char_a_p2/5hat/char_a_p2_5hat_pfbn_v05.png,character-base/layers/5hat-hat/pfbn-peasant-bonnet/char_a_p2_5hat_pfbn_v05.png
move,20.01d - Peasant Farmer Dress & Bonnet 2.1 (comp. v01)/char_a_p1/1out/char_a_p1_1out_pfdr_v01.png,character-base/layers/1out-outfit/pfdr-peasant-farmer-dress/char_a_p1_1out_pfdr_v01.png
move,20.01d - Peasant Farmer Dress & Bonnet 2.1 (comp. v01)/char_a_p1/1out/char_a_p1_1out_pfdr_v02.png,character-base/layers/1out-outfit/pfdr-peasant-farmer-dress/char_a_p1_1out_pfdr_v02.png
move,20.01d - Peasant Farmer Dress & Bonnet 2.1 (comp. v01)/char_a_p1/1out/char_a_p1_1out_pfdr_v03.png,character-base/layers/1out-outfit/pfdr-peasant-farmer-dress/char_a_p1_1out_pfdr_v03.png
move,20.01d - Peasant Farmer Dress & Bonnet 2.1 (comp. v01)/char_a_p1/1out/char_a_p1_1out_pfdr_v04.png,character-base/layers/1out-outfit/pfdr-peasant-farmer-dress/char_a_p1_1out_pfdr_v04.png
move,20.01d - Peasant Farmer Dress & Bonnet 2.1 (comp. v01)/char_a_p1/1out/char_a_p1_1out_pfdr_v05.png,character-base/layers/1out-outfit/pfdr-peasant-farmer-dress/char_a_p1_1out_pfdr_v05.png
move,20.01d - Peasant Farmer Dress & Bonnet 2.1 (comp. v01)/char_a_p1/5hat/char_a_p1_5hat_pfbn_v01.png,character-base/layers/5hat-hat/pfbn-peasant-bonnet/char_a_p1_5hat_pfbn_v01.png
move,20.01d - Peasant Farmer Dress & Bonnet 2.1 (comp. v01)/char_a_p1/5hat/char_a_p1_5hat_pfbn_v02.png,character-base/layers/5hat-hat/pfbn-peasant-bonnet/char_a_p1_5hat_pfbn_v02.png
move,20.01d - Peasant Farmer Dress & Bonnet 2.1 (comp. v01)/char_a_p1/5hat/char_a_p1_5hat_pfbn_v03.png,character-base/layers/5hat-hat/pfbn-peasant-bonnet/char_a_p1_5hat_pfbn_v03.png
move,20.01d - Peasant Farmer Dress & Bonnet 2.1 (comp. v01)/char_a_p1/5hat/char_a_p1_5hat_pfbn_v04.png,character-base/layers/5hat-hat/pfbn-peasant-bonnet/char_a_p1_5hat_pfbn_v04.png
move,20.01d - Peasant Farmer Dress & Bonnet 2.1 (comp. v01)/char_a_p1/5hat/char_a_p1_5hat_pfbn_v05.png,character-base/layers/5hat-hat/pfbn-peasant-bonnet/char_a_p1_5hat_pfbn_v05.png
move,"free bug net add-on/readme, bug net.txt","docs/readme, bug net.txt"
move,free bug net add-on/char_a_p2/6tla/char_a_p2_6tla_bnet_v01.png,character-base/layers/6tla-tool-main/bnet-bug-net/char_a_p2_6tla_bnet_v01.png
move,guidelines and requirements for making and selling your own compatible outfits/Mana Seed Character Base Outfit Canvas.ase,character-base/outfit-canvases/Mana Seed Character Base Outfit Canvas.ase
move,guidelines and requirements for making and selling your own compatible outfits/Mana Seed Spear Combat Outfit Canvas.ase,character-base/outfit-canvases/Mana Seed Spear Combat Outfit Canvas.ase
move,guidelines and requirements for making and selling your own compatible outfits/Mana Seed Sword & Shield Combat Outfit Canvas.ase,character-base/outfit-canvases/Mana Seed Sword & Shield Combat Outfit Canvas.ase
move,guidelines and requirements for making and selling your own compatible outfits/creator guidelines.txt,docs/creator guidelines.txt
move,guidelines and requirements for making and selling your own compatible outfits/include all the black that's part of your outfit.png,character-base/outfit-canvases/include all the black that's part of your outfit.png
move,"guidelines and requirements for making and selling your own compatible outfits/mana seed, sprites.pal","character-base/outfit-canvases/mana seed, sprites.pal"
move,"guidelines and requirements for making and selling your own compatible outfits/mana seed, sprites.png","character-base/outfit-canvases/mana seed, sprites.png"
move,guidelines and requirements for making and selling your own compatible outfits/using the outfit canvas.txt,character-base/outfit-canvases/using the outfit canvas.txt
move,20.11a - Alchemist's Coat 2.1 (comp. v01)/optional files (unsupported)/char_a_p1C/1out/char_a_p1C_1out_alch_v01.png,character-base/layers/1out-outfit/alch-alchemist-coat/char_a_p1C_1out_alch_v01.png
move,20.11a - Alchemist's Coat 2.1 (comp. v01)/optional files (unsupported)/char_a_p1C/1out/char_a_p1C_1out_alch_v02.png,character-base/layers/1out-outfit/alch-alchemist-coat/char_a_p1C_1out_alch_v02.png
move,20.11a - Alchemist's Coat 2.1 (comp. v01)/optional files (unsupported)/char_a_p1C/1out/char_a_p1C_1out_alch_v03.png,character-base/layers/1out-outfit/alch-alchemist-coat/char_a_p1C_1out_alch_v03.png
move,20.11a - Alchemist's Coat 2.1 (comp. v01)/optional files (unsupported)/char_a_p1C/1out/char_a_p1C_1out_alch_v04.png,character-base/layers/1out-outfit/alch-alchemist-coat/char_a_p1C_1out_alch_v04.png
move,20.11a - Alchemist's Coat 2.1 (comp. v01)/optional files (unsupported)/char_a_p1C/1out/char_a_p1C_1out_alch_v05.png,character-base/layers/1out-outfit/alch-alchemist-coat/char_a_p1C_1out_alch_v05.png
move,20.11a - Alchemist's Coat 2.1 (comp. v01)/optional files (unsupported)/char_a_p1C/3fac/char_a_p1C_3fac_gogl_v01.png,character-base/layers/3fac-face/gogl-goggles/char_a_p1C_3fac_gogl_v01.png
move,20.11a - Alchemist's Coat 2.1 (comp. v01)/optional files (unsupported)/char_a_p1C/3fac/char_a_p1C_3fac_gogl_v02.png,character-base/layers/3fac-face/gogl-goggles/char_a_p1C_3fac_gogl_v02.png
move,20.11a - Alchemist's Coat 2.1 (comp. v01)/optional files (unsupported)/char_a_p1C/3fac/char_a_p1C_3fac_gogl_v03.png,character-base/layers/3fac-face/gogl-goggles/char_a_p1C_3fac_gogl_v03.png
move,20.11a - Alchemist's Coat 2.1 (comp. v01)/optional files (unsupported)/char_a_p1C/3fac/char_a_p1C_3fac_gogl_v04.png,character-base/layers/3fac-face/gogl-goggles/char_a_p1C_3fac_gogl_v04.png
move,20.11a - Alchemist's Coat 2.1 (comp. v01)/optional files (unsupported)/char_a_p1C/3fac/char_a_p1C_3fac_gogl_v05.png,character-base/layers/3fac-face/gogl-goggles/char_a_p1C_3fac_gogl_v05.png
move,20.11a - Alchemist's Coat 2.1 (comp. v01)/optional files (unsupported)/char_a_p1B/1out/char_a_p1B_1out_alch_v01.png,character-base/layers/1out-outfit/alch-alchemist-coat/char_a_p1B_1out_alch_v01.png
move,20.11a - Alchemist's Coat 2.1 (comp. v01)/optional files (unsupported)/char_a_p1B/1out/char_a_p1B_1out_alch_v02.png,character-base/layers/1out-outfit/alch-alchemist-coat/char_a_p1B_1out_alch_v02.png
move,20.11a - Alchemist's Coat 2.1 (comp. v01)/optional files (unsupported)/char_a_p1B/1out/char_a_p1B_1out_alch_v03.png,character-base/layers/1out-outfit/alch-alchemist-coat/char_a_p1B_1out_alch_v03.png
move,20.11a - Alchemist's Coat 2.1 (comp. v01)/optional files (unsupported)/char_a_p1B/1out/char_a_p1B_1out_alch_v04.png,character-base/layers/1out-outfit/alch-alchemist-coat/char_a_p1B_1out_alch_v04.png
move,20.11a - Alchemist's Coat 2.1 (comp. v01)/optional files (unsupported)/char_a_p1B/1out/char_a_p1B_1out_alch_v05.png,character-base/layers/1out-outfit/alch-alchemist-coat/char_a_p1B_1out_alch_v05.png
move,20.11a - Alchemist's Coat 2.1 (comp. v01)/optional files (unsupported)/char_a_p1B/3fac/char_a_p1B_3fac_gogl_v01.png,character-base/layers/3fac-face/gogl-goggles/char_a_p1B_3fac_gogl_v01.png
move,20.11a - Alchemist's Coat 2.1 (comp. v01)/optional files (unsupported)/char_a_p1B/3fac/char_a_p1B_3fac_gogl_v02.png,character-base/layers/3fac-face/gogl-goggles/char_a_p1B_3fac_gogl_v02.png
move,20.11a - Alchemist's Coat 2.1 (comp. v01)/optional files (unsupported)/char_a_p1B/3fac/char_a_p1B_3fac_gogl_v03.png,character-base/layers/3fac-face/gogl-goggles/char_a_p1B_3fac_gogl_v03.png
move,20.11a - Alchemist's Coat 2.1 (comp. v01)/optional files (unsupported)/char_a_p1B/3fac/char_a_p1B_3fac_gogl_v04.png,character-base/layers/3fac-face/gogl-goggles/char_a_p1B_3fac_gogl_v04.png
move,20.11a - Alchemist's Coat 2.1 (comp. v01)/optional files (unsupported)/char_a_p1B/3fac/char_a_p1B_3fac_gogl_v05.png,character-base/layers/3fac-face/gogl-goggles/char_a_p1B_3fac_gogl_v05.png
move,20.11a - Alchemist's Coat 2.1 (comp. v01)/char_a_p3/1out/char_a_p3_1out_alch_v01.png,character-base/layers/1out-outfit/alch-alchemist-coat/char_a_p3_1out_alch_v01.png
move,20.11a - Alchemist's Coat 2.1 (comp. v01)/char_a_p3/1out/char_a_p3_1out_alch_v02.png,character-base/layers/1out-outfit/alch-alchemist-coat/char_a_p3_1out_alch_v02.png
move,20.11a - Alchemist's Coat 2.1 (comp. v01)/char_a_p3/1out/char_a_p3_1out_alch_v03.png,character-base/layers/1out-outfit/alch-alchemist-coat/char_a_p3_1out_alch_v03.png
move,20.11a - Alchemist's Coat 2.1 (comp. v01)/char_a_p3/1out/char_a_p3_1out_alch_v04.png,character-base/layers/1out-outfit/alch-alchemist-coat/char_a_p3_1out_alch_v04.png
move,20.11a - Alchemist's Coat 2.1 (comp. v01)/char_a_p3/1out/char_a_p3_1out_alch_v05.png,character-base/layers/1out-outfit/alch-alchemist-coat/char_a_p3_1out_alch_v05.png
move,20.11a - Alchemist's Coat 2.1 (comp. v01)/char_a_p3/3fac/char_a_p3_3fac_gogl_v01.png,character-base/layers/3fac-face/gogl-goggles/char_a_p3_3fac_gogl_v01.png
move,20.11a - Alchemist's Coat 2.1 (comp. v01)/char_a_p3/3fac/char_a_p3_3fac_gogl_v02.png,character-base/layers/3fac-face/gogl-goggles/char_a_p3_3fac_gogl_v02.png
move,20.11a - Alchemist's Coat 2.1 (comp. v01)/char_a_p3/3fac/char_a_p3_3fac_gogl_v03.png,character-base/layers/3fac-face/gogl-goggles/char_a_p3_3fac_gogl_v03.png
move,20.11a - Alchemist's Coat 2.1 (comp. v01)/char_a_p3/3fac/char_a_p3_3fac_gogl_v04.png,character-base/layers/3fac-face/gogl-goggles/char_a_p3_3fac_gogl_v04.png
move,20.11a - Alchemist's Coat 2.1 (comp. v01)/char_a_p3/3fac/char_a_p3_3fac_gogl_v05.png,character-base/layers/3fac-face/gogl-goggles/char_a_p3_3fac_gogl_v05.png
move,20.11a - Alchemist's Coat 2.1 (comp. v01)/char_a_p4/1out/char_a_p4_1out_alch_v01.png,character-base/layers/1out-outfit/alch-alchemist-coat/char_a_p4_1out_alch_v01.png
move,20.11a - Alchemist's Coat 2.1 (comp. v01)/char_a_p4/1out/char_a_p4_1out_alch_v02.png,character-base/layers/1out-outfit/alch-alchemist-coat/char_a_p4_1out_alch_v02.png
move,20.11a - Alchemist's Coat 2.1 (comp. v01)/char_a_p4/1out/char_a_p4_1out_alch_v03.png,character-base/layers/1out-outfit/alch-alchemist-coat/char_a_p4_1out_alch_v03.png
move,20.11a - Alchemist's Coat 2.1 (comp. v01)/char_a_p4/1out/char_a_p4_1out_alch_v04.png,character-base/layers/1out-outfit/alch-alchemist-coat/char_a_p4_1out_alch_v04.png
move,20.11a - Alchemist's Coat 2.1 (comp. v01)/char_a_p4/1out/char_a_p4_1out_alch_v05.png,character-base/layers/1out-outfit/alch-alchemist-coat/char_a_p4_1out_alch_v05.png
move,20.11a - Alchemist's Coat 2.1 (comp. v01)/char_a_p4/3fac/char_a_p4_3fac_gogl_v01.png,character-base/layers/3fac-face/gogl-goggles/char_a_p4_3fac_gogl_v01.png
move,20.11a - Alchemist's Coat 2.1 (comp. v01)/char_a_p4/3fac/char_a_p4_3fac_gogl_v02.png,character-base/layers/3fac-face/gogl-goggles/char_a_p4_3fac_gogl_v02.png
move,20.11a - Alchemist's Coat 2.1 (comp. v01)/char_a_p4/3fac/char_a_p4_3fac_gogl_v03.png,character-base/layers/3fac-face/gogl-goggles/char_a_p4_3fac_gogl_v03.png
move,20.11a - Alchemist's Coat 2.1 (comp. v01)/char_a_p4/3fac/char_a_p4_3fac_gogl_v04.png,character-base/layers/3fac-face/gogl-goggles/char_a_p4_3fac_gogl_v04.png
move,20.11a - Alchemist's Coat 2.1 (comp. v01)/char_a_p4/3fac/char_a_p4_3fac_gogl_v05.png,character-base/layers/3fac-face/gogl-goggles/char_a_p4_3fac_gogl_v05.png
move,20.11a - Alchemist's Coat 2.1 (comp. v01)/char_a_p2/1out/char_a_p2_1out_alch_v01.png,character-base/layers/1out-outfit/alch-alchemist-coat/char_a_p2_1out_alch_v01.png
move,20.11a - Alchemist's Coat 2.1 (comp. v01)/char_a_p2/1out/char_a_p2_1out_alch_v02.png,character-base/layers/1out-outfit/alch-alchemist-coat/char_a_p2_1out_alch_v02.png
move,20.11a - Alchemist's Coat 2.1 (comp. v01)/char_a_p2/1out/char_a_p2_1out_alch_v03.png,character-base/layers/1out-outfit/alch-alchemist-coat/char_a_p2_1out_alch_v03.png
move,20.11a - Alchemist's Coat 2.1 (comp. v01)/char_a_p2/1out/char_a_p2_1out_alch_v04.png,character-base/layers/1out-outfit/alch-alchemist-coat/char_a_p2_1out_alch_v04.png
move,20.11a - Alchemist's Coat 2.1 (comp. v01)/char_a_p2/1out/char_a_p2_1out_alch_v05.png,character-base/layers/1out-outfit/alch-alchemist-coat/char_a_p2_1out_alch_v05.png
move,20.11a - Alchemist's Coat 2.1 (comp. v01)/char_a_p2/3fac/char_a_p2_3fac_gogl_v01.png,character-base/layers/3fac-face/gogl-goggles/char_a_p2_3fac_gogl_v01.png
move,20.11a - Alchemist's Coat 2.1 (comp. v01)/char_a_p2/3fac/char_a_p2_3fac_gogl_v02.png,character-base/layers/3fac-face/gogl-goggles/char_a_p2_3fac_gogl_v02.png
move,20.11a - Alchemist's Coat 2.1 (comp. v01)/char_a_p2/3fac/char_a_p2_3fac_gogl_v03.png,character-base/layers/3fac-face/gogl-goggles/char_a_p2_3fac_gogl_v03.png
move,20.11a - Alchemist's Coat 2.1 (comp. v01)/char_a_p2/3fac/char_a_p2_3fac_gogl_v04.png,character-base/layers/3fac-face/gogl-goggles/char_a_p2_3fac_gogl_v04.png
move,20.11a - Alchemist's Coat 2.1 (comp. v01)/char_a_p2/3fac/char_a_p2_3fac_gogl_v05.png,character-base/layers/3fac-face/gogl-goggles/char_a_p2_3fac_gogl_v05.png
move,20.11a - Alchemist's Coat 2.1 (comp. v01)/char_a_p1/1out/char_a_p1_1out_alch_v01.png,character-base/layers/1out-outfit/alch-alchemist-coat/char_a_p1_1out_alch_v01.png
move,20.11a - Alchemist's Coat 2.1 (comp. v01)/char_a_p1/1out/char_a_p1_1out_alch_v02.png,character-base/layers/1out-outfit/alch-alchemist-coat/char_a_p1_1out_alch_v02.png
move,20.11a - Alchemist's Coat 2.1 (comp. v01)/char_a_p1/1out/char_a_p1_1out_alch_v03.png,character-base/layers/1out-outfit/alch-alchemist-coat/char_a_p1_1out_alch_v03.png
move,20.11a - Alchemist's Coat 2.1 (comp. v01)/char_a_p1/1out/char_a_p1_1out_alch_v04.png,character-base/layers/1out-outfit/alch-alchemist-coat/char_a_p1_1out_alch_v04.png
move,20.11a - Alchemist's Coat 2.1 (comp. v01)/char_a_p1/1out/char_a_p1_1out_alch_v05.png,character-base/layers/1out-outfit/alch-alchemist-coat/char_a_p1_1out_alch_v05.png
move,20.11a - Alchemist's Coat 2.1 (comp. v01)/char_a_p1/3fac/char_a_p1_3fac_gogl_v01.png,character-base/layers/3fac-face/gogl-goggles/char_a_p1_3fac_gogl_v01.png
move,20.11a - Alchemist's Coat 2.1 (comp. v01)/char_a_p1/3fac/char_a_p1_3fac_gogl_v02.png,character-base/layers/3fac-face/gogl-goggles/char_a_p1_3fac_gogl_v02.png
move,20.11a - Alchemist's Coat 2.1 (comp. v01)/char_a_p1/3fac/char_a_p1_3fac_gogl_v03.png,character-base/layers/3fac-face/gogl-goggles/char_a_p1_3fac_gogl_v03.png
move,20.11a - Alchemist's Coat 2.1 (comp. v01)/char_a_p1/3fac/char_a_p1_3fac_gogl_v04.png,character-base/layers/3fac-face/gogl-goggles/char_a_p1_3fac_gogl_v04.png
move,20.11a - Alchemist's Coat 2.1 (comp. v01)/char_a_p1/3fac/char_a_p1_3fac_gogl_v05.png,character-base/layers/3fac-face/gogl-goggles/char_a_p1_3fac_gogl_v05.png
move,21.01a - Hairstyle Pack v0.5.3/optional files (unsupported)/char_a_p1C/4har/char_a_p1C_4har_bob2_v01.png,character-base/layers/4har-hair/bob2-bob-alt/char_a_p1C_4har_bob2_v01.png
move,21.01a - Hairstyle Pack v0.5.3/optional files (unsupported)/char_a_p1C/4har/char_a_p1C_4har_bob2_v02.png,character-base/layers/4har-hair/bob2-bob-alt/char_a_p1C_4har_bob2_v02.png
move,21.01a - Hairstyle Pack v0.5.3/optional files (unsupported)/char_a_p1C/4har/char_a_p1C_4har_bob2_v03.png,character-base/layers/4har-hair/bob2-bob-alt/char_a_p1C_4har_bob2_v03.png
move,21.01a - Hairstyle Pack v0.5.3/optional files (unsupported)/char_a_p1C/4har/char_a_p1C_4har_bob2_v04.png,character-base/layers/4har-hair/bob2-bob-alt/char_a_p1C_4har_bob2_v04.png
move,21.01a - Hairstyle Pack v0.5.3/optional files (unsupported)/char_a_p1C/4har/char_a_p1C_4har_bob2_v05.png,character-base/layers/4har-hair/bob2-bob-alt/char_a_p1C_4har_bob2_v05.png
move,21.01a - Hairstyle Pack v0.5.3/optional files (unsupported)/char_a_p1C/4har/char_a_p1C_4har_bob2_v06.png,character-base/layers/4har-hair/bob2-bob-alt/char_a_p1C_4har_bob2_v06.png
move,21.01a - Hairstyle Pack v0.5.3/optional files (unsupported)/char_a_p1C/4har/char_a_p1C_4har_bob2_v07.png,character-base/layers/4har-hair/bob2-bob-alt/char_a_p1C_4har_bob2_v07.png
move,21.01a - Hairstyle Pack v0.5.3/optional files (unsupported)/char_a_p1C/4har/char_a_p1C_4har_bob2_v08.png,character-base/layers/4har-hair/bob2-bob-alt/char_a_p1C_4har_bob2_v08.png
move,21.01a - Hairstyle Pack v0.5.3/optional files (unsupported)/char_a_p1C/4har/char_a_p1C_4har_bob2_v09.png,character-base/layers/4har-hair/bob2-bob-alt/char_a_p1C_4har_bob2_v09.png
move,21.01a - Hairstyle Pack v0.5.3/optional files (unsupported)/char_a_p1C/4har/char_a_p1C_4har_bob2_v10.png,character-base/layers/4har-hair/bob2-bob-alt/char_a_p1C_4har_bob2_v10.png
move,21.01a - Hairstyle Pack v0.5.3/optional files (unsupported)/char_a_p1C/4har/char_a_p1C_4har_bob2_v11.png,character-base/layers/4har-hair/bob2-bob-alt/char_a_p1C_4har_bob2_v11.png
move,21.01a - Hairstyle Pack v0.5.3/optional files (unsupported)/char_a_p1C/4har/char_a_p1C_4har_bob2_v12.png,character-base/layers/4har-hair/bob2-bob-alt/char_a_p1C_4har_bob2_v12.png
move,21.01a - Hairstyle Pack v0.5.3/optional files (unsupported)/char_a_p1C/4har/char_a_p1C_4har_bob2_v13.png,character-base/layers/4har-hair/bob2-bob-alt/char_a_p1C_4har_bob2_v13.png
move,21.01a - Hairstyle Pack v0.5.3/optional files (unsupported)/char_a_p1C/4har/char_a_p1C_4har_flat_v01.png,character-base/layers/4har-hair/flat-flattop/char_a_p1C_4har_flat_v01.png
move,21.01a - Hairstyle Pack v0.5.3/optional files (unsupported)/char_a_p1C/4har/char_a_p1C_4har_flat_v02.png,character-base/layers/4har-hair/flat-flattop/char_a_p1C_4har_flat_v02.png
move,21.01a - Hairstyle Pack v0.5.3/optional files (unsupported)/char_a_p1C/4har/char_a_p1C_4har_flat_v03.png,character-base/layers/4har-hair/flat-flattop/char_a_p1C_4har_flat_v03.png
move,21.01a - Hairstyle Pack v0.5.3/optional files (unsupported)/char_a_p1C/4har/char_a_p1C_4har_flat_v04.png,character-base/layers/4har-hair/flat-flattop/char_a_p1C_4har_flat_v04.png
move,21.01a - Hairstyle Pack v0.5.3/optional files (unsupported)/char_a_p1C/4har/char_a_p1C_4har_flat_v05.png,character-base/layers/4har-hair/flat-flattop/char_a_p1C_4har_flat_v05.png
move,21.01a - Hairstyle Pack v0.5.3/optional files (unsupported)/char_a_p1C/4har/char_a_p1C_4har_flat_v06.png,character-base/layers/4har-hair/flat-flattop/char_a_p1C_4har_flat_v06.png
move,21.01a - Hairstyle Pack v0.5.3/optional files (unsupported)/char_a_p1C/4har/char_a_p1C_4har_flat_v07.png,character-base/layers/4har-hair/flat-flattop/char_a_p1C_4har_flat_v07.png
move,21.01a - Hairstyle Pack v0.5.3/optional files (unsupported)/char_a_p1C/4har/char_a_p1C_4har_flat_v08.png,character-base/layers/4har-hair/flat-flattop/char_a_p1C_4har_flat_v08.png
move,21.01a - Hairstyle Pack v0.5.3/optional files (unsupported)/char_a_p1C/4har/char_a_p1C_4har_flat_v09.png,character-base/layers/4har-hair/flat-flattop/char_a_p1C_4har_flat_v09.png
move,21.01a - Hairstyle Pack v0.5.3/optional files (unsupported)/char_a_p1C/4har/char_a_p1C_4har_flat_v10.png,character-base/layers/4har-hair/flat-flattop/char_a_p1C_4har_flat_v10.png
move,21.01a - Hairstyle Pack v0.5.3/optional files (unsupported)/char_a_p1C/4har/char_a_p1C_4har_flat_v11.png,character-base/layers/4har-hair/flat-flattop/char_a_p1C_4har_flat_v11.png
move,21.01a - Hairstyle Pack v0.5.3/optional files (unsupported)/char_a_p1C/4har/char_a_p1C_4har_flat_v12.png,character-base/layers/4har-hair/flat-flattop/char_a_p1C_4har_flat_v12.png
move,21.01a - Hairstyle Pack v0.5.3/optional files (unsupported)/char_a_p1C/4har/char_a_p1C_4har_flat_v13.png,character-base/layers/4har-hair/flat-flattop/char_a_p1C_4har_flat_v13.png
move,21.01a - Hairstyle Pack v0.5.3/optional files (unsupported)/char_a_p1C/4har/char_a_p1C_4har_fro1_v01.png,character-base/layers/4har-hair/fro1-afro/char_a_p1C_4har_fro1_v01.png
move,21.01a - Hairstyle Pack v0.5.3/optional files (unsupported)/char_a_p1C/4har/char_a_p1C_4har_fro1_v02.png,character-base/layers/4har-hair/fro1-afro/char_a_p1C_4har_fro1_v02.png
move,21.01a - Hairstyle Pack v0.5.3/optional files (unsupported)/char_a_p1C/4har/char_a_p1C_4har_fro1_v03.png,character-base/layers/4har-hair/fro1-afro/char_a_p1C_4har_fro1_v03.png
move,21.01a - Hairstyle Pack v0.5.3/optional files (unsupported)/char_a_p1C/4har/char_a_p1C_4har_fro1_v04.png,character-base/layers/4har-hair/fro1-afro/char_a_p1C_4har_fro1_v04.png
move,21.01a - Hairstyle Pack v0.5.3/optional files (unsupported)/char_a_p1C/4har/char_a_p1C_4har_fro1_v05.png,character-base/layers/4har-hair/fro1-afro/char_a_p1C_4har_fro1_v05.png
move,21.01a - Hairstyle Pack v0.5.3/optional files (unsupported)/char_a_p1C/4har/char_a_p1C_4har_fro1_v06.png,character-base/layers/4har-hair/fro1-afro/char_a_p1C_4har_fro1_v06.png
move,21.01a - Hairstyle Pack v0.5.3/optional files (unsupported)/char_a_p1C/4har/char_a_p1C_4har_fro1_v07.png,character-base/layers/4har-hair/fro1-afro/char_a_p1C_4har_fro1_v07.png
move,21.01a - Hairstyle Pack v0.5.3/optional files (unsupported)/char_a_p1C/4har/char_a_p1C_4har_fro1_v08.png,character-base/layers/4har-hair/fro1-afro/char_a_p1C_4har_fro1_v08.png
move,21.01a - Hairstyle Pack v0.5.3/optional files (unsupported)/char_a_p1C/4har/char_a_p1C_4har_fro1_v09.png,character-base/layers/4har-hair/fro1-afro/char_a_p1C_4har_fro1_v09.png
move,21.01a - Hairstyle Pack v0.5.3/optional files (unsupported)/char_a_p1C/4har/char_a_p1C_4har_fro1_v10.png,character-base/layers/4har-hair/fro1-afro/char_a_p1C_4har_fro1_v10.png
move,21.01a - Hairstyle Pack v0.5.3/optional files (unsupported)/char_a_p1C/4har/char_a_p1C_4har_fro1_v11.png,character-base/layers/4har-hair/fro1-afro/char_a_p1C_4har_fro1_v11.png
move,21.01a - Hairstyle Pack v0.5.3/optional files (unsupported)/char_a_p1C/4har/char_a_p1C_4har_fro1_v12.png,character-base/layers/4har-hair/fro1-afro/char_a_p1C_4har_fro1_v12.png
move,21.01a - Hairstyle Pack v0.5.3/optional files (unsupported)/char_a_p1C/4har/char_a_p1C_4har_fro1_v13.png,character-base/layers/4har-hair/fro1-afro/char_a_p1C_4har_fro1_v13.png
move,21.01a - Hairstyle Pack v0.5.3/optional files (unsupported)/char_a_p1C/4har/char_a_p1C_4har_pon1_v01.png,character-base/layers/4har-hair/pon1-ponytail/char_a_p1C_4har_pon1_v01.png
move,21.01a - Hairstyle Pack v0.5.3/optional files (unsupported)/char_a_p1C/4har/char_a_p1C_4har_pon1_v02.png,character-base/layers/4har-hair/pon1-ponytail/char_a_p1C_4har_pon1_v02.png
move,21.01a - Hairstyle Pack v0.5.3/optional files (unsupported)/char_a_p1C/4har/char_a_p1C_4har_pon1_v03.png,character-base/layers/4har-hair/pon1-ponytail/char_a_p1C_4har_pon1_v03.png
move,21.01a - Hairstyle Pack v0.5.3/optional files (unsupported)/char_a_p1C/4har/char_a_p1C_4har_pon1_v04.png,character-base/layers/4har-hair/pon1-ponytail/char_a_p1C_4har_pon1_v04.png
move,21.01a - Hairstyle Pack v0.5.3/optional files (unsupported)/char_a_p1C/4har/char_a_p1C_4har_pon1_v05.png,character-base/layers/4har-hair/pon1-ponytail/char_a_p1C_4har_pon1_v05.png
move,21.01a - Hairstyle Pack v0.5.3/optional files (unsupported)/char_a_p1C/4har/char_a_p1C_4har_pon1_v06.png,character-base/layers/4har-hair/pon1-ponytail/char_a_p1C_4har_pon1_v06.png
move,21.01a - Hairstyle Pack v0.5.3/optional files (unsupported)/char_a_p1C/4har/char_a_p1C_4har_pon1_v07.png,character-base/layers/4har-hair/pon1-ponytail/char_a_p1C_4har_pon1_v07.png
move,21.01a - Hairstyle Pack v0.5.3/optional files (unsupported)/char_a_p1C/4har/char_a_p1C_4har_pon1_v08.png,character-base/layers/4har-hair/pon1-ponytail/char_a_p1C_4har_pon1_v08.png
move,21.01a - Hairstyle Pack v0.5.3/optional files (unsupported)/char_a_p1C/4har/char_a_p1C_4har_pon1_v09.png,character-base/layers/4har-hair/pon1-ponytail/char_a_p1C_4har_pon1_v09.png
move,21.01a - Hairstyle Pack v0.5.3/optional files (unsupported)/char_a_p1C/4har/char_a_p1C_4har_pon1_v10.png,character-base/layers/4har-hair/pon1-ponytail/char_a_p1C_4har_pon1_v10.png
move,21.01a - Hairstyle Pack v0.5.3/optional files (unsupported)/char_a_p1C/4har/char_a_p1C_4har_pon1_v11a.png,character-base/layers/4har-hair/pon1-ponytail/char_a_p1C_4har_pon1_v11a.png
move,21.01a - Hairstyle Pack v0.5.3/optional files (unsupported)/char_a_p1C/4har/char_a_p1C_4har_pon1_v11b.png,character-base/layers/4har-hair/pon1-ponytail/char_a_p1C_4har_pon1_v11b.png
move,21.01a - Hairstyle Pack v0.5.3/optional files (unsupported)/char_a_p1C/4har/char_a_p1C_4har_pon1_v12.png,character-base/layers/4har-hair/pon1-ponytail/char_a_p1C_4har_pon1_v12.png
move,21.01a - Hairstyle Pack v0.5.3/optional files (unsupported)/char_a_p1C/4har/char_a_p1C_4har_pon1_v13.png,character-base/layers/4har-hair/pon1-ponytail/char_a_p1C_4har_pon1_v13.png
move,21.01a - Hairstyle Pack v0.5.3/optional files (unsupported)/char_a_p1C/4har/char_a_p1C_4har_spk2_v01.png,character-base/layers/4har-hair/spk2-spiky/char_a_p1C_4har_spk2_v01.png
move,21.01a - Hairstyle Pack v0.5.3/optional files (unsupported)/char_a_p1C/4har/char_a_p1C_4har_spk2_v02.png,character-base/layers/4har-hair/spk2-spiky/char_a_p1C_4har_spk2_v02.png
move,21.01a - Hairstyle Pack v0.5.3/optional files (unsupported)/char_a_p1C/4har/char_a_p1C_4har_spk2_v03.png,character-base/layers/4har-hair/spk2-spiky/char_a_p1C_4har_spk2_v03.png
move,21.01a - Hairstyle Pack v0.5.3/optional files (unsupported)/char_a_p1C/4har/char_a_p1C_4har_spk2_v04.png,character-base/layers/4har-hair/spk2-spiky/char_a_p1C_4har_spk2_v04.png
move,21.01a - Hairstyle Pack v0.5.3/optional files (unsupported)/char_a_p1C/4har/char_a_p1C_4har_spk2_v05.png,character-base/layers/4har-hair/spk2-spiky/char_a_p1C_4har_spk2_v05.png
move,21.01a - Hairstyle Pack v0.5.3/optional files (unsupported)/char_a_p1C/4har/char_a_p1C_4har_spk2_v06.png,character-base/layers/4har-hair/spk2-spiky/char_a_p1C_4har_spk2_v06.png
move,21.01a - Hairstyle Pack v0.5.3/optional files (unsupported)/char_a_p1C/4har/char_a_p1C_4har_spk2_v07.png,character-base/layers/4har-hair/spk2-spiky/char_a_p1C_4har_spk2_v07.png
move,21.01a - Hairstyle Pack v0.5.3/optional files (unsupported)/char_a_p1C/4har/char_a_p1C_4har_spk2_v08.png,character-base/layers/4har-hair/spk2-spiky/char_a_p1C_4har_spk2_v08.png
move,21.01a - Hairstyle Pack v0.5.3/optional files (unsupported)/char_a_p1C/4har/char_a_p1C_4har_spk2_v09.png,character-base/layers/4har-hair/spk2-spiky/char_a_p1C_4har_spk2_v09.png
move,21.01a - Hairstyle Pack v0.5.3/optional files (unsupported)/char_a_p1C/4har/char_a_p1C_4har_spk2_v10.png,character-base/layers/4har-hair/spk2-spiky/char_a_p1C_4har_spk2_v10.png
move,21.01a - Hairstyle Pack v0.5.3/optional files (unsupported)/char_a_p1C/4har/char_a_p1C_4har_spk2_v11.png,character-base/layers/4har-hair/spk2-spiky/char_a_p1C_4har_spk2_v11.png
move,21.01a - Hairstyle Pack v0.5.3/optional files (unsupported)/char_a_p1C/4har/char_a_p1C_4har_spk2_v12.png,character-base/layers/4har-hair/spk2-spiky/char_a_p1C_4har_spk2_v12.png
move,21.01a - Hairstyle Pack v0.5.3/optional files (unsupported)/char_a_p1C/4har/char_a_p1C_4har_spk2_v13.png,character-base/layers/4har-hair/spk2-spiky/char_a_p1C_4har_spk2_v13.png
move,21.01a - Hairstyle Pack v0.5.3/optional files (unsupported)/char_a_p1B/4har/char_a_p1B_4har_bob2_v01.png,character-base/layers/4har-hair/bob2-bob-alt/char_a_p1B_4har_bob2_v01.png
move,21.01a - Hairstyle Pack v0.5.3/optional files (unsupported)/char_a_p1B/4har/char_a_p1B_4har_bob2_v02.png,character-base/layers/4har-hair/bob2-bob-alt/char_a_p1B_4har_bob2_v02.png
move,21.01a - Hairstyle Pack v0.5.3/optional files (unsupported)/char_a_p1B/4har/char_a_p1B_4har_bob2_v03.png,character-base/layers/4har-hair/bob2-bob-alt/char_a_p1B_4har_bob2_v03.png
move,21.01a - Hairstyle Pack v0.5.3/optional files (unsupported)/char_a_p1B/4har/char_a_p1B_4har_bob2_v04.png,character-base/layers/4har-hair/bob2-bob-alt/char_a_p1B_4har_bob2_v04.png
move,21.01a - Hairstyle Pack v0.5.3/optional files (unsupported)/char_a_p1B/4har/char_a_p1B_4har_bob2_v05.png,character-base/layers/4har-hair/bob2-bob-alt/char_a_p1B_4har_bob2_v05.png
move,21.01a - Hairstyle Pack v0.5.3/optional files (unsupported)/char_a_p1B/4har/char_a_p1B_4har_bob2_v06.png,character-base/layers/4har-hair/bob2-bob-alt/char_a_p1B_4har_bob2_v06.png
move,21.01a - Hairstyle Pack v0.5.3/optional files (unsupported)/char_a_p1B/4har/char_a_p1B_4har_bob2_v07.png,character-base/layers/4har-hair/bob2-bob-alt/char_a_p1B_4har_bob2_v07.png
move,21.01a - Hairstyle Pack v0.5.3/optional files (unsupported)/char_a_p1B/4har/char_a_p1B_4har_bob2_v08.png,character-base/layers/4har-hair/bob2-bob-alt/char_a_p1B_4har_bob2_v08.png
move,21.01a - Hairstyle Pack v0.5.3/optional files (unsupported)/char_a_p1B/4har/char_a_p1B_4har_bob2_v09.png,character-base/layers/4har-hair/bob2-bob-alt/char_a_p1B_4har_bob2_v09.png
move,21.01a - Hairstyle Pack v0.5.3/optional files (unsupported)/char_a_p1B/4har/char_a_p1B_4har_bob2_v10.png,character-base/layers/4har-hair/bob2-bob-alt/char_a_p1B_4har_bob2_v10.png
move,21.01a - Hairstyle Pack v0.5.3/optional files (unsupported)/char_a_p1B/4har/char_a_p1B_4har_bob2_v11.png,character-base/layers/4har-hair/bob2-bob-alt/char_a_p1B_4har_bob2_v11.png
move,21.01a - Hairstyle Pack v0.5.3/optional files (unsupported)/char_a_p1B/4har/char_a_p1B_4har_bob2_v12.png,character-base/layers/4har-hair/bob2-bob-alt/char_a_p1B_4har_bob2_v12.png
move,21.01a - Hairstyle Pack v0.5.3/optional files (unsupported)/char_a_p1B/4har/char_a_p1B_4har_bob2_v13.png,character-base/layers/4har-hair/bob2-bob-alt/char_a_p1B_4har_bob2_v13.png
move,21.01a - Hairstyle Pack v0.5.3/optional files (unsupported)/char_a_p1B/4har/char_a_p1B_4har_flat_v01.png,character-base/layers/4har-hair/flat-flattop/char_a_p1B_4har_flat_v01.png
move,21.01a - Hairstyle Pack v0.5.3/optional files (unsupported)/char_a_p1B/4har/char_a_p1B_4har_flat_v02.png,character-base/layers/4har-hair/flat-flattop/char_a_p1B_4har_flat_v02.png
move,21.01a - Hairstyle Pack v0.5.3/optional files (unsupported)/char_a_p1B/4har/char_a_p1B_4har_flat_v03.png,character-base/layers/4har-hair/flat-flattop/char_a_p1B_4har_flat_v03.png
move,21.01a - Hairstyle Pack v0.5.3/optional files (unsupported)/char_a_p1B/4har/char_a_p1B_4har_flat_v04.png,character-base/layers/4har-hair/flat-flattop/char_a_p1B_4har_flat_v04.png
move,21.01a - Hairstyle Pack v0.5.3/optional files (unsupported)/char_a_p1B/4har/char_a_p1B_4har_flat_v05.png,character-base/layers/4har-hair/flat-flattop/char_a_p1B_4har_flat_v05.png
move,21.01a - Hairstyle Pack v0.5.3/optional files (unsupported)/char_a_p1B/4har/char_a_p1B_4har_flat_v06.png,character-base/layers/4har-hair/flat-flattop/char_a_p1B_4har_flat_v06.png
move,21.01a - Hairstyle Pack v0.5.3/optional files (unsupported)/char_a_p1B/4har/char_a_p1B_4har_flat_v07.png,character-base/layers/4har-hair/flat-flattop/char_a_p1B_4har_flat_v07.png
move,21.01a - Hairstyle Pack v0.5.3/optional files (unsupported)/char_a_p1B/4har/char_a_p1B_4har_flat_v08.png,character-base/layers/4har-hair/flat-flattop/char_a_p1B_4har_flat_v08.png
move,21.01a - Hairstyle Pack v0.5.3/optional files (unsupported)/char_a_p1B/4har/char_a_p1B_4har_flat_v09.png,character-base/layers/4har-hair/flat-flattop/char_a_p1B_4har_flat_v09.png
move,21.01a - Hairstyle Pack v0.5.3/optional files (unsupported)/char_a_p1B/4har/char_a_p1B_4har_flat_v10.png,character-base/layers/4har-hair/flat-flattop/char_a_p1B_4har_flat_v10.png
move,21.01a - Hairstyle Pack v0.5.3/optional files (unsupported)/char_a_p1B/4har/char_a_p1B_4har_flat_v11.png,character-base/layers/4har-hair/flat-flattop/char_a_p1B_4har_flat_v11.png
move,21.01a - Hairstyle Pack v0.5.3/optional files (unsupported)/char_a_p1B/4har/char_a_p1B_4har_flat_v12.png,character-base/layers/4har-hair/flat-flattop/char_a_p1B_4har_flat_v12.png
move,21.01a - Hairstyle Pack v0.5.3/optional files (unsupported)/char_a_p1B/4har/char_a_p1B_4har_flat_v13.png,character-base/layers/4har-hair/flat-flattop/char_a_p1B_4har_flat_v13.png
move,21.01a - Hairstyle Pack v0.5.3/optional files (unsupported)/char_a_p1B/4har/char_a_p1B_4har_fro1_v01.png,character-base/layers/4har-hair/fro1-afro/char_a_p1B_4har_fro1_v01.png
move,21.01a - Hairstyle Pack v0.5.3/optional files (unsupported)/char_a_p1B/4har/char_a_p1B_4har_fro1_v02.png,character-base/layers/4har-hair/fro1-afro/char_a_p1B_4har_fro1_v02.png
move,21.01a - Hairstyle Pack v0.5.3/optional files (unsupported)/char_a_p1B/4har/char_a_p1B_4har_fro1_v03.png,character-base/layers/4har-hair/fro1-afro/char_a_p1B_4har_fro1_v03.png
move,21.01a - Hairstyle Pack v0.5.3/optional files (unsupported)/char_a_p1B/4har/char_a_p1B_4har_fro1_v04.png,character-base/layers/4har-hair/fro1-afro/char_a_p1B_4har_fro1_v04.png
move,21.01a - Hairstyle Pack v0.5.3/optional files (unsupported)/char_a_p1B/4har/char_a_p1B_4har_fro1_v05.png,character-base/layers/4har-hair/fro1-afro/char_a_p1B_4har_fro1_v05.png
move,21.01a - Hairstyle Pack v0.5.3/optional files (unsupported)/char_a_p1B/4har/char_a_p1B_4har_fro1_v06.png,character-base/layers/4har-hair/fro1-afro/char_a_p1B_4har_fro1_v06.png
move,21.01a - Hairstyle Pack v0.5.3/optional files (unsupported)/char_a_p1B/4har/char_a_p1B_4har_fro1_v07.png,character-base/layers/4har-hair/fro1-afro/char_a_p1B_4har_fro1_v07.png
move,21.01a - Hairstyle Pack v0.5.3/optional files (unsupported)/char_a_p1B/4har/char_a_p1B_4har_fro1_v08.png,character-base/layers/4har-hair/fro1-afro/char_a_p1B_4har_fro1_v08.png
move,21.01a - Hairstyle Pack v0.5.3/optional files (unsupported)/char_a_p1B/4har/char_a_p1B_4har_fro1_v09.png,character-base/layers/4har-hair/fro1-afro/char_a_p1B_4har_fro1_v09.png
move,21.01a - Hairstyle Pack v0.5.3/optional files (unsupported)/char_a_p1B/4har/char_a_p1B_4har_fro1_v10.png,character-base/layers/4har-hair/fro1-afro/char_a_p1B_4har_fro1_v10.png
move,21.01a - Hairstyle Pack v0.5.3/optional files (unsupported)/char_a_p1B/4har/char_a_p1B_4har_fro1_v11.png,character-base/layers/4har-hair/fro1-afro/char_a_p1B_4har_fro1_v11.png
move,21.01a - Hairstyle Pack v0.5.3/optional files (unsupported)/char_a_p1B/4har/char_a_p1B_4har_fro1_v12.png,character-base/layers/4har-hair/fro1-afro/char_a_p1B_4har_fro1_v12.png
move,21.01a - Hairstyle Pack v0.5.3/optional files (unsupported)/char_a_p1B/4har/char_a_p1B_4har_fro1_v13.png,character-base/layers/4har-hair/fro1-afro/char_a_p1B_4har_fro1_v13.png
move,21.01a - Hairstyle Pack v0.5.3/optional files (unsupported)/char_a_p1B/4har/char_a_p1B_4har_pon1_v01.png,character-base/layers/4har-hair/pon1-ponytail/char_a_p1B_4har_pon1_v01.png
move,21.01a - Hairstyle Pack v0.5.3/optional files (unsupported)/char_a_p1B/4har/char_a_p1B_4har_pon1_v02.png,character-base/layers/4har-hair/pon1-ponytail/char_a_p1B_4har_pon1_v02.png
move,21.01a - Hairstyle Pack v0.5.3/optional files (unsupported)/char_a_p1B/4har/char_a_p1B_4har_pon1_v03.png,character-base/layers/4har-hair/pon1-ponytail/char_a_p1B_4har_pon1_v03.png
move,21.01a - Hairstyle Pack v0.5.3/optional files (unsupported)/char_a_p1B/4har/char_a_p1B_4har_pon1_v04.png,character-base/layers/4har-hair/pon1-ponytail/char_a_p1B_4har_pon1_v04.png
move,21.01a - Hairstyle Pack v0.5.3/optional files (unsupported)/char_a_p1B/4har/char_a_p1B_4har_pon1_v05.png,character-base/layers/4har-hair/pon1-ponytail/char_a_p1B_4har_pon1_v05.png
move,21.01a - Hairstyle Pack v0.5.3/optional files (unsupported)/char_a_p1B/4har/char_a_p1B_4har_pon1_v06.png,character-base/layers/4har-hair/pon1-ponytail/char_a_p1B_4har_pon1_v06.png
move,21.01a - Hairstyle Pack v0.5.3/optional files (unsupported)/char_a_p1B/4har/char_a_p1B_4har_pon1_v07.png,character-base/layers/4har-hair/pon1-ponytail/char_a_p1B_4har_pon1_v07.png
move,21.01a - Hairstyle Pack v0.5.3/optional files (unsupported)/char_a_p1B/4har/char_a_p1B_4har_pon1_v08.png,character-base/layers/4har-hair/pon1-ponytail/char_a_p1B_4har_pon1_v08.png
move,21.01a - Hairstyle Pack v0.5.3/optional files (unsupported)/char_a_p1B/4har/char_a_p1B_4har_pon1_v09.png,character-base/layers/4har-hair/pon1-ponytail/char_a_p1B_4har_pon1_v09.png
move,21.01a - Hairstyle Pack v0.5.3/optional files (unsupported)/char_a_p1B/4har/char_a_p1B_4har_pon1_v10.png,character-base/layers/4har-hair/pon1-ponytail/char_a_p1B_4har_pon1_v10.png
move,21.01a - Hairstyle Pack v0.5.3/optional files (unsupported)/char_a_p1B/4har/char_a_p1B_4har_pon1_v11a.png,character-base/layers/4har-hair/pon1-ponytail/char_a_p1B_4har_pon1_v11a.png
move,21.01a - Hairstyle Pack v0.5.3/optional files (unsupported)/char_a_p1B/4har/char_a_p1B_4har_pon1_v11b.png,character-base/layers/4har-hair/pon1-ponytail/char_a_p1B_4har_pon1_v11b.png
move,21.01a - Hairstyle Pack v0.5.3/optional files (unsupported)/char_a_p1B/4har/char_a_p1B_4har_pon1_v12.png,character-base/layers/4har-hair/pon1-ponytail/char_a_p1B_4har_pon1_v12.png
move,21.01a - Hairstyle Pack v0.5.3/optional files (unsupported)/char_a_p1B/4har/char_a_p1B_4har_pon1_v13.png,character-base/layers/4har-hair/pon1-ponytail/char_a_p1B_4har_pon1_v13.png
move,21.01a - Hairstyle Pack v0.5.3/optional files (unsupported)/char_a_p1B/4har/char_a_p1B_4har_spk2_v01.png,character-base/layers/4har-hair/spk2-spiky/char_a_p1B_4har_spk2_v01.png
move,21.01a - Hairstyle Pack v0.5.3/optional files (unsupported)/char_a_p1B/4har/char_a_p1B_4har_spk2_v02.png,character-base/layers/4har-hair/spk2-spiky/char_a_p1B_4har_spk2_v02.png
move,21.01a - Hairstyle Pack v0.5.3/optional files (unsupported)/char_a_p1B/4har/char_a_p1B_4har_spk2_v03.png,character-base/layers/4har-hair/spk2-spiky/char_a_p1B_4har_spk2_v03.png
move,21.01a - Hairstyle Pack v0.5.3/optional files (unsupported)/char_a_p1B/4har/char_a_p1B_4har_spk2_v04.png,character-base/layers/4har-hair/spk2-spiky/char_a_p1B_4har_spk2_v04.png
move,21.01a - Hairstyle Pack v0.5.3/optional files (unsupported)/char_a_p1B/4har/char_a_p1B_4har_spk2_v05.png,character-base/layers/4har-hair/spk2-spiky/char_a_p1B_4har_spk2_v05.png
move,21.01a - Hairstyle Pack v0.5.3/optional files (unsupported)/char_a_p1B/4har/char_a_p1B_4har_spk2_v06.png,character-base/layers/4har-hair/spk2-spiky/char_a_p1B_4har_spk2_v06.png
move,21.01a - Hairstyle Pack v0.5.3/optional files (unsupported)/char_a_p1B/4har/char_a_p1B_4har_spk2_v07.png,character-base/layers/4har-hair/spk2-spiky/char_a_p1B_4har_spk2_v07.png
move,21.01a - Hairstyle Pack v0.5.3/optional files (unsupported)/char_a_p1B/4har/char_a_p1B_4har_spk2_v08.png,character-base/layers/4har-hair/spk2-spiky/char_a_p1B_4har_spk2_v08.png
move,21.01a - Hairstyle Pack v0.5.3/optional files (unsupported)/char_a_p1B/4har/char_a_p1B_4har_spk2_v09.png,character-base/layers/4har-hair/spk2-spiky/char_a_p1B_4har_spk2_v09.png
move,21.01a - Hairstyle Pack v0.5.3/optional files (unsupported)/char_a_p1B/4har/char_a_p1B_4har_spk2_v10.png,character-base/layers/4har-hair/spk2-spiky/char_a_p1B_4har_spk2_v10.png
move,21.01a - Hairstyle Pack v0.5.3/optional files (unsupported)/char_a_p1B/4har/char_a_p1B_4har_spk2_v11.png,character-base/layers/4har-hair/spk2-spiky/char_a_p1B_4har_spk2_v11.png
move,21.01a - Hairstyle Pack v0.5.3/optional files (unsupported)/char_a_p1B/4har/char_a_p1B_4har_spk2_v12.png,character-base/layers/4har-hair/spk2-spiky/char_a_p1B_4har_spk2_v12.png
move,21.01a - Hairstyle Pack v0.5.3/optional files (unsupported)/char_a_p1B/4har/char_a_p1B_4har_spk2_v13.png,character-base/layers/4har-hair/spk2-spiky/char_a_p1B_4har_spk2_v13.png
move,21.01a - Hairstyle Pack v0.5.3/char_a_p3/4har/char_a_p3_4har_bob2_v00.png,character-base/layers/4har-hair/bob2-bob-alt/char_a_p3_4har_bob2_v00.png
move,21.01a - Hairstyle Pack v0.5.3/char_a_p3/4har/char_a_p3_4har_bob2_v01.png,character-base/layers/4har-hair/bob2-bob-alt/char_a_p3_4har_bob2_v01.png
move,21.01a - Hairstyle Pack v0.5.3/char_a_p3/4har/char_a_p3_4har_bob2_v02.png,character-base/layers/4har-hair/bob2-bob-alt/char_a_p3_4har_bob2_v02.png
move,21.01a - Hairstyle Pack v0.5.3/char_a_p3/4har/char_a_p3_4har_bob2_v03.png,character-base/layers/4har-hair/bob2-bob-alt/char_a_p3_4har_bob2_v03.png
move,21.01a - Hairstyle Pack v0.5.3/char_a_p3/4har/char_a_p3_4har_bob2_v04.png,character-base/layers/4har-hair/bob2-bob-alt/char_a_p3_4har_bob2_v04.png
move,21.01a - Hairstyle Pack v0.5.3/char_a_p3/4har/char_a_p3_4har_bob2_v05.png,character-base/layers/4har-hair/bob2-bob-alt/char_a_p3_4har_bob2_v05.png
move,21.01a - Hairstyle Pack v0.5.3/char_a_p3/4har/char_a_p3_4har_bob2_v06.png,character-base/layers/4har-hair/bob2-bob-alt/char_a_p3_4har_bob2_v06.png
move,21.01a - Hairstyle Pack v0.5.3/char_a_p3/4har/char_a_p3_4har_bob2_v07.png,character-base/layers/4har-hair/bob2-bob-alt/char_a_p3_4har_bob2_v07.png
move,21.01a - Hairstyle Pack v0.5.3/char_a_p3/4har/char_a_p3_4har_bob2_v08.png,character-base/layers/4har-hair/bob2-bob-alt/char_a_p3_4har_bob2_v08.png
move,21.01a - Hairstyle Pack v0.5.3/char_a_p3/4har/char_a_p3_4har_bob2_v09.png,character-base/layers/4har-hair/bob2-bob-alt/char_a_p3_4har_bob2_v09.png
move,21.01a - Hairstyle Pack v0.5.3/char_a_p3/4har/char_a_p3_4har_bob2_v10.png,character-base/layers/4har-hair/bob2-bob-alt/char_a_p3_4har_bob2_v10.png
move,21.01a - Hairstyle Pack v0.5.3/char_a_p3/4har/char_a_p3_4har_bob2_v11.png,character-base/layers/4har-hair/bob2-bob-alt/char_a_p3_4har_bob2_v11.png
move,21.01a - Hairstyle Pack v0.5.3/char_a_p3/4har/char_a_p3_4har_bob2_v12.png,character-base/layers/4har-hair/bob2-bob-alt/char_a_p3_4har_bob2_v12.png
move,21.01a - Hairstyle Pack v0.5.3/char_a_p3/4har/char_a_p3_4har_bob2_v13.png,character-base/layers/4har-hair/bob2-bob-alt/char_a_p3_4har_bob2_v13.png
move,21.01a - Hairstyle Pack v0.5.3/char_a_p3/4har/char_a_p3_4har_flat_v00.png,character-base/layers/4har-hair/flat-flattop/char_a_p3_4har_flat_v00.png
move,21.01a - Hairstyle Pack v0.5.3/char_a_p3/4har/char_a_p3_4har_flat_v01.png,character-base/layers/4har-hair/flat-flattop/char_a_p3_4har_flat_v01.png
move,21.01a - Hairstyle Pack v0.5.3/char_a_p3/4har/char_a_p3_4har_flat_v02.png,character-base/layers/4har-hair/flat-flattop/char_a_p3_4har_flat_v02.png
move,21.01a - Hairstyle Pack v0.5.3/char_a_p3/4har/char_a_p3_4har_flat_v03.png,character-base/layers/4har-hair/flat-flattop/char_a_p3_4har_flat_v03.png
move,21.01a - Hairstyle Pack v0.5.3/char_a_p3/4har/char_a_p3_4har_flat_v04.png,character-base/layers/4har-hair/flat-flattop/char_a_p3_4har_flat_v04.png
move,21.01a - Hairstyle Pack v0.5.3/char_a_p3/4har/char_a_p3_4har_flat_v05.png,character-base/layers/4har-hair/flat-flattop/char_a_p3_4har_flat_v05.png
move,21.01a - Hairstyle Pack v0.5.3/char_a_p3/4har/char_a_p3_4har_flat_v06.png,character-base/layers/4har-hair/flat-flattop/char_a_p3_4har_flat_v06.png
move,21.01a - Hairstyle Pack v0.5.3/char_a_p3/4har/char_a_p3_4har_flat_v07.png,character-base/layers/4har-hair/flat-flattop/char_a_p3_4har_flat_v07.png
move,21.01a - Hairstyle Pack v0.5.3/char_a_p3/4har/char_a_p3_4har_flat_v08.png,character-base/layers/4har-hair/flat-flattop/char_a_p3_4har_flat_v08.png
move,21.01a - Hairstyle Pack v0.5.3/char_a_p3/4har/char_a_p3_4har_flat_v09.png,character-base/layers/4har-hair/flat-flattop/char_a_p3_4har_flat_v09.png
move,21.01a - Hairstyle Pack v0.5.3/char_a_p3/4har/char_a_p3_4har_flat_v10.png,character-base/layers/4har-hair/flat-flattop/char_a_p3_4har_flat_v10.png
move,21.01a - Hairstyle Pack v0.5.3/char_a_p3/4har/char_a_p3_4har_flat_v11.png,character-base/layers/4har-hair/flat-flattop/char_a_p3_4har_flat_v11.png
move,21.01a - Hairstyle Pack v0.5.3/char_a_p3/4har/char_a_p3_4har_flat_v12.png,character-base/layers/4har-hair/flat-flattop/char_a_p3_4har_flat_v12.png
move,21.01a - Hairstyle Pack v0.5.3/char_a_p3/4har/char_a_p3_4har_flat_v13.png,character-base/layers/4har-hair/flat-flattop/char_a_p3_4har_flat_v13.png
move,21.01a - Hairstyle Pack v0.5.3/char_a_p3/4har/char_a_p3_4har_fro1_v00.png,character-base/layers/4har-hair/fro1-afro/char_a_p3_4har_fro1_v00.png
move,21.01a - Hairstyle Pack v0.5.3/char_a_p3/4har/char_a_p3_4har_fro1_v01.png,character-base/layers/4har-hair/fro1-afro/char_a_p3_4har_fro1_v01.png
move,21.01a - Hairstyle Pack v0.5.3/char_a_p3/4har/char_a_p3_4har_fro1_v02.png,character-base/layers/4har-hair/fro1-afro/char_a_p3_4har_fro1_v02.png
move,21.01a - Hairstyle Pack v0.5.3/char_a_p3/4har/char_a_p3_4har_fro1_v03.png,character-base/layers/4har-hair/fro1-afro/char_a_p3_4har_fro1_v03.png
move,21.01a - Hairstyle Pack v0.5.3/char_a_p3/4har/char_a_p3_4har_fro1_v04.png,character-base/layers/4har-hair/fro1-afro/char_a_p3_4har_fro1_v04.png
move,21.01a - Hairstyle Pack v0.5.3/char_a_p3/4har/char_a_p3_4har_fro1_v05.png,character-base/layers/4har-hair/fro1-afro/char_a_p3_4har_fro1_v05.png
move,21.01a - Hairstyle Pack v0.5.3/char_a_p3/4har/char_a_p3_4har_fro1_v06.png,character-base/layers/4har-hair/fro1-afro/char_a_p3_4har_fro1_v06.png
move,21.01a - Hairstyle Pack v0.5.3/char_a_p3/4har/char_a_p3_4har_fro1_v07.png,character-base/layers/4har-hair/fro1-afro/char_a_p3_4har_fro1_v07.png
move,21.01a - Hairstyle Pack v0.5.3/char_a_p3/4har/char_a_p3_4har_fro1_v08.png,character-base/layers/4har-hair/fro1-afro/char_a_p3_4har_fro1_v08.png
move,21.01a - Hairstyle Pack v0.5.3/char_a_p3/4har/char_a_p3_4har_fro1_v09.png,character-base/layers/4har-hair/fro1-afro/char_a_p3_4har_fro1_v09.png
move,21.01a - Hairstyle Pack v0.5.3/char_a_p3/4har/char_a_p3_4har_fro1_v10.png,character-base/layers/4har-hair/fro1-afro/char_a_p3_4har_fro1_v10.png
move,21.01a - Hairstyle Pack v0.5.3/char_a_p3/4har/char_a_p3_4har_fro1_v11.png,character-base/layers/4har-hair/fro1-afro/char_a_p3_4har_fro1_v11.png
move,21.01a - Hairstyle Pack v0.5.3/char_a_p3/4har/char_a_p3_4har_fro1_v12.png,character-base/layers/4har-hair/fro1-afro/char_a_p3_4har_fro1_v12.png
move,21.01a - Hairstyle Pack v0.5.3/char_a_p3/4har/char_a_p3_4har_fro1_v13.png,character-base/layers/4har-hair/fro1-afro/char_a_p3_4har_fro1_v13.png
move,21.01a - Hairstyle Pack v0.5.3/char_a_p3/4har/char_a_p3_4har_pon1_v00.png,character-base/layers/4har-hair/pon1-ponytail/char_a_p3_4har_pon1_v00.png
move,21.01a - Hairstyle Pack v0.5.3/char_a_p3/4har/char_a_p3_4har_pon1_v01.png,character-base/layers/4har-hair/pon1-ponytail/char_a_p3_4har_pon1_v01.png
move,21.01a - Hairstyle Pack v0.5.3/char_a_p3/4har/char_a_p3_4har_pon1_v02.png,character-base/layers/4har-hair/pon1-ponytail/char_a_p3_4har_pon1_v02.png
move,21.01a - Hairstyle Pack v0.5.3/char_a_p3/4har/char_a_p3_4har_pon1_v03.png,character-base/layers/4har-hair/pon1-ponytail/char_a_p3_4har_pon1_v03.png
move,21.01a - Hairstyle Pack v0.5.3/char_a_p3/4har/char_a_p3_4har_pon1_v04.png,character-base/layers/4har-hair/pon1-ponytail/char_a_p3_4har_pon1_v04.png
move,21.01a - Hairstyle Pack v0.5.3/char_a_p3/4har/char_a_p3_4har_pon1_v05.png,character-base/layers/4har-hair/pon1-ponytail/char_a_p3_4har_pon1_v05.png
move,21.01a - Hairstyle Pack v0.5.3/char_a_p3/4har/char_a_p3_4har_pon1_v06.png,character-base/layers/4har-hair/pon1-ponytail/char_a_p3_4har_pon1_v06.png
move,21.01a - Hairstyle Pack v0.5.3/char_a_p3/4har/char_a_p3_4har_pon1_v07.png,character-base/layers/4har-hair/pon1-ponytail/char_a_p3_4har_pon1_v07.png
move,21.01a - Hairstyle Pack v0.5.3/char_a_p3/4har/char_a_p3_4har_pon1_v08.png,character-base/layers/4har-hair/pon1-ponytail/char_a_p3_4har_pon1_v08.png
move,21.01a - Hairstyle Pack v0.5.3/char_a_p3/4har/char_a_p3_4har_pon1_v09.png,character-base/layers/4har-hair/pon1-ponytail/char_a_p3_4har_pon1_v09.png
move,21.01a - Hairstyle Pack v0.5.3/char_a_p3/4har/char_a_p3_4har_pon1_v10.png,character-base/layers/4har-hair/pon1-ponytail/char_a_p3_4har_pon1_v10.png
move,21.01a - Hairstyle Pack v0.5.3/char_a_p3/4har/char_a_p3_4har_pon1_v11a.png,character-base/layers/4har-hair/pon1-ponytail/char_a_p3_4har_pon1_v11a.png
move,21.01a - Hairstyle Pack v0.5.3/char_a_p3/4har/char_a_p3_4har_pon1_v11b.png,character-base/layers/4har-hair/pon1-ponytail/char_a_p3_4har_pon1_v11b.png
move,21.01a - Hairstyle Pack v0.5.3/char_a_p3/4har/char_a_p3_4har_pon1_v12.png,character-base/layers/4har-hair/pon1-ponytail/char_a_p3_4har_pon1_v12.png
move,21.01a - Hairstyle Pack v0.5.3/char_a_p3/4har/char_a_p3_4har_pon1_v13.png,character-base/layers/4har-hair/pon1-ponytail/char_a_p3_4har_pon1_v13.png
move,21.01a - Hairstyle Pack v0.5.3/char_a_p3/4har/char_a_p3_4har_spk2_v00.png,character-base/layers/4har-hair/spk2-spiky/char_a_p3_4har_spk2_v00.png
move,21.01a - Hairstyle Pack v0.5.3/char_a_p3/4har/char_a_p3_4har_spk2_v01.png,character-base/layers/4har-hair/spk2-spiky/char_a_p3_4har_spk2_v01.png
move,21.01a - Hairstyle Pack v0.5.3/char_a_p3/4har/char_a_p3_4har_spk2_v02.png,character-base/layers/4har-hair/spk2-spiky/char_a_p3_4har_spk2_v02.png
move,21.01a - Hairstyle Pack v0.5.3/char_a_p3/4har/char_a_p3_4har_spk2_v03.png,character-base/layers/4har-hair/spk2-spiky/char_a_p3_4har_spk2_v03.png
move,21.01a - Hairstyle Pack v0.5.3/char_a_p3/4har/char_a_p3_4har_spk2_v04.png,character-base/layers/4har-hair/spk2-spiky/char_a_p3_4har_spk2_v04.png
move,21.01a - Hairstyle Pack v0.5.3/char_a_p3/4har/char_a_p3_4har_spk2_v05.png,character-base/layers/4har-hair/spk2-spiky/char_a_p3_4har_spk2_v05.png
move,21.01a - Hairstyle Pack v0.5.3/char_a_p3/4har/char_a_p3_4har_spk2_v06.png,character-base/layers/4har-hair/spk2-spiky/char_a_p3_4har_spk2_v06.png
move,21.01a - Hairstyle Pack v0.5.3/char_a_p3/4har/char_a_p3_4har_spk2_v07.png,character-base/layers/4har-hair/spk2-spiky/char_a_p3_4har_spk2_v07.png
move,21.01a - Hairstyle Pack v0.5.3/char_a_p3/4har/char_a_p3_4har_spk2_v08.png,character-base/layers/4har-hair/spk2-spiky/char_a_p3_4har_spk2_v08.png
move,21.01a - Hairstyle Pack v0.5.3/char_a_p3/4har/char_a_p3_4har_spk2_v09.png,character-base/layers/4har-hair/spk2-spiky/char_a_p3_4har_spk2_v09.png
move,21.01a - Hairstyle Pack v0.5.3/char_a_p3/4har/char_a_p3_4har_spk2_v10.png,character-base/layers/4har-hair/spk2-spiky/char_a_p3_4har_spk2_v10.png
move,21.01a - Hairstyle Pack v0.5.3/char_a_p3/4har/char_a_p3_4har_spk2_v11.png,character-base/layers/4har-hair/spk2-spiky/char_a_p3_4har_spk2_v11.png
move,21.01a - Hairstyle Pack v0.5.3/char_a_p3/4har/char_a_p3_4har_spk2_v12.png,character-base/layers/4har-hair/spk2-spiky/char_a_p3_4har_spk2_v12.png
move,21.01a - Hairstyle Pack v0.5.3/char_a_p3/4har/char_a_p3_4har_spk2_v13.png,character-base/layers/4har-hair/spk2-spiky/char_a_p3_4har_spk2_v13.png
move,21.01a - Hairstyle Pack v0.5.3/char_a_p4/4har/char_a_p4_4har_bob2_v00.png,character-base/layers/4har-hair/bob2-bob-alt/char_a_p4_4har_bob2_v00.png
move,21.01a - Hairstyle Pack v0.5.3/char_a_p4/4har/char_a_p4_4har_bob2_v01.png,character-base/layers/4har-hair/bob2-bob-alt/char_a_p4_4har_bob2_v01.png
move,21.01a - Hairstyle Pack v0.5.3/char_a_p4/4har/char_a_p4_4har_bob2_v02.png,character-base/layers/4har-hair/bob2-bob-alt/char_a_p4_4har_bob2_v02.png
move,21.01a - Hairstyle Pack v0.5.3/char_a_p4/4har/char_a_p4_4har_bob2_v03.png,character-base/layers/4har-hair/bob2-bob-alt/char_a_p4_4har_bob2_v03.png
move,21.01a - Hairstyle Pack v0.5.3/char_a_p4/4har/char_a_p4_4har_bob2_v04.png,character-base/layers/4har-hair/bob2-bob-alt/char_a_p4_4har_bob2_v04.png
move,21.01a - Hairstyle Pack v0.5.3/char_a_p4/4har/char_a_p4_4har_bob2_v05.png,character-base/layers/4har-hair/bob2-bob-alt/char_a_p4_4har_bob2_v05.png
move,21.01a - Hairstyle Pack v0.5.3/char_a_p4/4har/char_a_p4_4har_bob2_v06.png,character-base/layers/4har-hair/bob2-bob-alt/char_a_p4_4har_bob2_v06.png
move,21.01a - Hairstyle Pack v0.5.3/char_a_p4/4har/char_a_p4_4har_bob2_v07.png,character-base/layers/4har-hair/bob2-bob-alt/char_a_p4_4har_bob2_v07.png
move,21.01a - Hairstyle Pack v0.5.3/char_a_p4/4har/char_a_p4_4har_bob2_v08.png,character-base/layers/4har-hair/bob2-bob-alt/char_a_p4_4har_bob2_v08.png
move,21.01a - Hairstyle Pack v0.5.3/char_a_p4/4har/char_a_p4_4har_bob2_v09.png,character-base/layers/4har-hair/bob2-bob-alt/char_a_p4_4har_bob2_v09.png
move,21.01a - Hairstyle Pack v0.5.3/char_a_p4/4har/char_a_p4_4har_bob2_v10.png,character-base/layers/4har-hair/bob2-bob-alt/char_a_p4_4har_bob2_v10.png
move,21.01a - Hairstyle Pack v0.5.3/char_a_p4/4har/char_a_p4_4har_bob2_v11.png,character-base/layers/4har-hair/bob2-bob-alt/char_a_p4_4har_bob2_v11.png
move,21.01a - Hairstyle Pack v0.5.3/char_a_p4/4har/char_a_p4_4har_bob2_v12.png,character-base/layers/4har-hair/bob2-bob-alt/char_a_p4_4har_bob2_v12.png
move,21.01a - Hairstyle Pack v0.5.3/char_a_p4/4har/char_a_p4_4har_bob2_v13.png,character-base/layers/4har-hair/bob2-bob-alt/char_a_p4_4har_bob2_v13.png
move,21.01a - Hairstyle Pack v0.5.3/char_a_p4/4har/char_a_p4_4har_flat_v00.png,character-base/layers/4har-hair/flat-flattop/char_a_p4_4har_flat_v00.png
move,21.01a - Hairstyle Pack v0.5.3/char_a_p4/4har/char_a_p4_4har_flat_v01.png,character-base/layers/4har-hair/flat-flattop/char_a_p4_4har_flat_v01.png
move,21.01a - Hairstyle Pack v0.5.3/char_a_p4/4har/char_a_p4_4har_flat_v02.png,character-base/layers/4har-hair/flat-flattop/char_a_p4_4har_flat_v02.png
move,21.01a - Hairstyle Pack v0.5.3/char_a_p4/4har/char_a_p4_4har_flat_v03.png,character-base/layers/4har-hair/flat-flattop/char_a_p4_4har_flat_v03.png
move,21.01a - Hairstyle Pack v0.5.3/char_a_p4/4har/char_a_p4_4har_flat_v04.png,character-base/layers/4har-hair/flat-flattop/char_a_p4_4har_flat_v04.png
move,21.01a - Hairstyle Pack v0.5.3/char_a_p4/4har/char_a_p4_4har_flat_v05.png,character-base/layers/4har-hair/flat-flattop/char_a_p4_4har_flat_v05.png
move,21.01a - Hairstyle Pack v0.5.3/char_a_p4/4har/char_a_p4_4har_flat_v06.png,character-base/layers/4har-hair/flat-flattop/char_a_p4_4har_flat_v06.png
move,21.01a - Hairstyle Pack v0.5.3/char_a_p4/4har/char_a_p4_4har_flat_v07.png,character-base/layers/4har-hair/flat-flattop/char_a_p4_4har_flat_v07.png
move,21.01a - Hairstyle Pack v0.5.3/char_a_p4/4har/char_a_p4_4har_flat_v08.png,character-base/layers/4har-hair/flat-flattop/char_a_p4_4har_flat_v08.png
move,21.01a - Hairstyle Pack v0.5.3/char_a_p4/4har/char_a_p4_4har_flat_v09.png,character-base/layers/4har-hair/flat-flattop/char_a_p4_4har_flat_v09.png
move,21.01a - Hairstyle Pack v0.5.3/char_a_p4/4har/char_a_p4_4har_flat_v10.png,character-base/layers/4har-hair/flat-flattop/char_a_p4_4har_flat_v10.png
move,21.01a - Hairstyle Pack v0.5.3/char_a_p4/4har/char_a_p4_4har_flat_v11.png,character-base/layers/4har-hair/flat-flattop/char_a_p4_4har_flat_v11.png
move,21.01a - Hairstyle Pack v0.5.3/char_a_p4/4har/char_a_p4_4har_flat_v12.png,character-base/layers/4har-hair/flat-flattop/char_a_p4_4har_flat_v12.png
move,21.01a - Hairstyle Pack v0.5.3/char_a_p4/4har/char_a_p4_4har_flat_v13.png,character-base/layers/4har-hair/flat-flattop/char_a_p4_4har_flat_v13.png
move,21.01a - Hairstyle Pack v0.5.3/char_a_p4/4har/char_a_p4_4har_fro1_v00.png,character-base/layers/4har-hair/fro1-afro/char_a_p4_4har_fro1_v00.png
move,21.01a - Hairstyle Pack v0.5.3/char_a_p4/4har/char_a_p4_4har_fro1_v01.png,character-base/layers/4har-hair/fro1-afro/char_a_p4_4har_fro1_v01.png
move,21.01a - Hairstyle Pack v0.5.3/char_a_p4/4har/char_a_p4_4har_fro1_v02.png,character-base/layers/4har-hair/fro1-afro/char_a_p4_4har_fro1_v02.png
move,21.01a - Hairstyle Pack v0.5.3/char_a_p4/4har/char_a_p4_4har_fro1_v03.png,character-base/layers/4har-hair/fro1-afro/char_a_p4_4har_fro1_v03.png
move,21.01a - Hairstyle Pack v0.5.3/char_a_p4/4har/char_a_p4_4har_fro1_v04.png,character-base/layers/4har-hair/fro1-afro/char_a_p4_4har_fro1_v04.png
move,21.01a - Hairstyle Pack v0.5.3/char_a_p4/4har/char_a_p4_4har_fro1_v05.png,character-base/layers/4har-hair/fro1-afro/char_a_p4_4har_fro1_v05.png
move,21.01a - Hairstyle Pack v0.5.3/char_a_p4/4har/char_a_p4_4har_fro1_v06.png,character-base/layers/4har-hair/fro1-afro/char_a_p4_4har_fro1_v06.png
move,21.01a - Hairstyle Pack v0.5.3/char_a_p4/4har/char_a_p4_4har_fro1_v07.png,character-base/layers/4har-hair/fro1-afro/char_a_p4_4har_fro1_v07.png
move,21.01a - Hairstyle Pack v0.5.3/char_a_p4/4har/char_a_p4_4har_fro1_v08.png,character-base/layers/4har-hair/fro1-afro/char_a_p4_4har_fro1_v08.png
move,21.01a - Hairstyle Pack v0.5.3/char_a_p4/4har/char_a_p4_4har_fro1_v09.png,character-base/layers/4har-hair/fro1-afro/char_a_p4_4har_fro1_v09.png
move,21.01a - Hairstyle Pack v0.5.3/char_a_p4/4har/char_a_p4_4har_fro1_v10.png,character-base/layers/4har-hair/fro1-afro/char_a_p4_4har_fro1_v10.png
move,21.01a - Hairstyle Pack v0.5.3/char_a_p4/4har/char_a_p4_4har_fro1_v11.png,character-base/layers/4har-hair/fro1-afro/char_a_p4_4har_fro1_v11.png
move,21.01a - Hairstyle Pack v0.5.3/char_a_p4/4har/char_a_p4_4har_fro1_v12.png,character-base/layers/4har-hair/fro1-afro/char_a_p4_4har_fro1_v12.png
move,21.01a - Hairstyle Pack v0.5.3/char_a_p4/4har/char_a_p4_4har_fro1_v13.png,character-base/layers/4har-hair/fro1-afro/char_a_p4_4har_fro1_v13.png
move,21.01a - Hairstyle Pack v0.5.3/char_a_p4/4har/char_a_p4_4har_pon1_v00.png,character-base/layers/4har-hair/pon1-ponytail/char_a_p4_4har_pon1_v00.png
move,21.01a - Hairstyle Pack v0.5.3/char_a_p4/4har/char_a_p4_4har_pon1_v01.png,character-base/layers/4har-hair/pon1-ponytail/char_a_p4_4har_pon1_v01.png
move,21.01a - Hairstyle Pack v0.5.3/char_a_p4/4har/char_a_p4_4har_pon1_v02.png,character-base/layers/4har-hair/pon1-ponytail/char_a_p4_4har_pon1_v02.png
move,21.01a - Hairstyle Pack v0.5.3/char_a_p4/4har/char_a_p4_4har_pon1_v03.png,character-base/layers/4har-hair/pon1-ponytail/char_a_p4_4har_pon1_v03.png
move,21.01a - Hairstyle Pack v0.5.3/char_a_p4/4har/char_a_p4_4har_pon1_v04.png,character-base/layers/4har-hair/pon1-ponytail/char_a_p4_4har_pon1_v04.png
move,21.01a - Hairstyle Pack v0.5.3/char_a_p4/4har/char_a_p4_4har_pon1_v05.png,character-base/layers/4har-hair/pon1-ponytail/char_a_p4_4har_pon1_v05.png
move,21.01a - Hairstyle Pack v0.5.3/char_a_p4/4har/char_a_p4_4har_pon1_v06.png,character-base/layers/4har-hair/pon1-ponytail/char_a_p4_4har_pon1_v06.png
move,21.01a - Hairstyle Pack v0.5.3/char_a_p4/4har/char_a_p4_4har_pon1_v07.png,character-base/layers/4har-hair/pon1-ponytail/char_a_p4_4har_pon1_v07.png
move,21.01a - Hairstyle Pack v0.5.3/char_a_p4/4har/char_a_p4_4har_pon1_v08.png,character-base/layers/4har-hair/pon1-ponytail/char_a_p4_4har_pon1_v08.png
move,21.01a - Hairstyle Pack v0.5.3/char_a_p4/4har/char_a_p4_4har_pon1_v09.png,character-base/layers/4har-hair/pon1-ponytail/char_a_p4_4har_pon1_v09.png
move,21.01a - Hairstyle Pack v0.5.3/char_a_p4/4har/char_a_p4_4har_pon1_v10.png,character-base/layers/4har-hair/pon1-ponytail/char_a_p4_4har_pon1_v10.png
move,21.01a - Hairstyle Pack v0.5.3/char_a_p4/4har/char_a_p4_4har_pon1_v11a.png,character-base/layers/4har-hair/pon1-ponytail/char_a_p4_4har_pon1_v11a.png
move,21.01a - Hairstyle Pack v0.5.3/char_a_p4/4har/char_a_p4_4har_pon1_v11b.png,character-base/layers/4har-hair/pon1-ponytail/char_a_p4_4har_pon1_v11b.png
move,21.01a - Hairstyle Pack v0.5.3/char_a_p4/4har/char_a_p4_4har_pon1_v12.png,character-base/layers/4har-hair/pon1-ponytail/char_a_p4_4har_pon1_v12.png
move,21.01a - Hairstyle Pack v0.5.3/char_a_p4/4har/char_a_p4_4har_pon1_v13.png,character-base/layers/4har-hair/pon1-ponytail/char_a_p4_4har_pon1_v13.png
move,21.01a - Hairstyle Pack v0.5.3/char_a_p4/4har/char_a_p4_4har_spk2_v00.png,character-base/layers/4har-hair/spk2-spiky/char_a_p4_4har_spk2_v00.png
move,21.01a - Hairstyle Pack v0.5.3/char_a_p4/4har/char_a_p4_4har_spk2_v01.png,character-base/layers/4har-hair/spk2-spiky/char_a_p4_4har_spk2_v01.png
move,21.01a - Hairstyle Pack v0.5.3/char_a_p4/4har/char_a_p4_4har_spk2_v02.png,character-base/layers/4har-hair/spk2-spiky/char_a_p4_4har_spk2_v02.png
move,21.01a - Hairstyle Pack v0.5.3/char_a_p4/4har/char_a_p4_4har_spk2_v03.png,character-base/layers/4har-hair/spk2-spiky/char_a_p4_4har_spk2_v03.png
move,21.01a - Hairstyle Pack v0.5.3/char_a_p4/4har/char_a_p4_4har_spk2_v04.png,character-base/layers/4har-hair/spk2-spiky/char_a_p4_4har_spk2_v04.png
move,21.01a - Hairstyle Pack v0.5.3/char_a_p4/4har/char_a_p4_4har_spk2_v05.png,character-base/layers/4har-hair/spk2-spiky/char_a_p4_4har_spk2_v05.png
move,21.01a - Hairstyle Pack v0.5.3/char_a_p4/4har/char_a_p4_4har_spk2_v06.png,character-base/layers/4har-hair/spk2-spiky/char_a_p4_4har_spk2_v06.png
move,21.01a - Hairstyle Pack v0.5.3/char_a_p4/4har/char_a_p4_4har_spk2_v07.png,character-base/layers/4har-hair/spk2-spiky/char_a_p4_4har_spk2_v07.png
move,21.01a - Hairstyle Pack v0.5.3/char_a_p4/4har/char_a_p4_4har_spk2_v08.png,character-base/layers/4har-hair/spk2-spiky/char_a_p4_4har_spk2_v08.png
move,21.01a - Hairstyle Pack v0.5.3/char_a_p4/4har/char_a_p4_4har_spk2_v09.png,character-base/layers/4har-hair/spk2-spiky/char_a_p4_4har_spk2_v09.png
move,21.01a - Hairstyle Pack v0.5.3/char_a_p4/4har/char_a_p4_4har_spk2_v10.png,character-base/layers/4har-hair/spk2-spiky/char_a_p4_4har_spk2_v10.png
move,21.01a - Hairstyle Pack v0.5.3/char_a_p4/4har/char_a_p4_4har_spk2_v11.png,character-base/layers/4har-hair/spk2-spiky/char_a_p4_4har_spk2_v11.png
move,21.01a - Hairstyle Pack v0.5.3/char_a_p4/4har/char_a_p4_4har_spk2_v12.png,character-base/layers/4har-hair/spk2-spiky/char_a_p4_4har_spk2_v12.png
move,21.01a - Hairstyle Pack v0.5.3/char_a_p4/4har/char_a_p4_4har_spk2_v13.png,character-base/layers/4har-hair/spk2-spiky/char_a_p4_4har_spk2_v13.png
move,21.01a - Hairstyle Pack v0.5.3/char_a_p2/4har/char_a_p2_4har_bob2_v00.png,character-base/layers/4har-hair/bob2-bob-alt/char_a_p2_4har_bob2_v00.png
move,21.01a - Hairstyle Pack v0.5.3/char_a_p2/4har/char_a_p2_4har_bob2_v01.png,character-base/layers/4har-hair/bob2-bob-alt/char_a_p2_4har_bob2_v01.png
move,21.01a - Hairstyle Pack v0.5.3/char_a_p2/4har/char_a_p2_4har_bob2_v02.png,character-base/layers/4har-hair/bob2-bob-alt/char_a_p2_4har_bob2_v02.png
move,21.01a - Hairstyle Pack v0.5.3/char_a_p2/4har/char_a_p2_4har_bob2_v03.png,character-base/layers/4har-hair/bob2-bob-alt/char_a_p2_4har_bob2_v03.png
move,21.01a - Hairstyle Pack v0.5.3/char_a_p2/4har/char_a_p2_4har_bob2_v04.png,character-base/layers/4har-hair/bob2-bob-alt/char_a_p2_4har_bob2_v04.png
move,21.01a - Hairstyle Pack v0.5.3/char_a_p2/4har/char_a_p2_4har_bob2_v05.png,character-base/layers/4har-hair/bob2-bob-alt/char_a_p2_4har_bob2_v05.png
move,21.01a - Hairstyle Pack v0.5.3/char_a_p2/4har/char_a_p2_4har_bob2_v06.png,character-base/layers/4har-hair/bob2-bob-alt/char_a_p2_4har_bob2_v06.png
move,21.01a - Hairstyle Pack v0.5.3/char_a_p2/4har/char_a_p2_4har_bob2_v07.png,character-base/layers/4har-hair/bob2-bob-alt/char_a_p2_4har_bob2_v07.png
move,21.01a - Hairstyle Pack v0.5.3/char_a_p2/4har/char_a_p2_4har_bob2_v08.png,character-base/layers/4har-hair/bob2-bob-alt/char_a_p2_4har_bob2_v08.png
move,21.01a - Hairstyle Pack v0.5.3/char_a_p2/4har/char_a_p2_4har_bob2_v09.png,character-base/layers/4har-hair/bob2-bob-alt/char_a_p2_4har_bob2_v09.png
move,21.01a - Hairstyle Pack v0.5.3/char_a_p2/4har/char_a_p2_4har_bob2_v10.png,character-base/layers/4har-hair/bob2-bob-alt/char_a_p2_4har_bob2_v10.png
move,21.01a - Hairstyle Pack v0.5.3/char_a_p2/4har/char_a_p2_4har_bob2_v11.png,character-base/layers/4har-hair/bob2-bob-alt/char_a_p2_4har_bob2_v11.png
move,21.01a - Hairstyle Pack v0.5.3/char_a_p2/4har/char_a_p2_4har_bob2_v12.png,character-base/layers/4har-hair/bob2-bob-alt/char_a_p2_4har_bob2_v12.png
move,21.01a - Hairstyle Pack v0.5.3/char_a_p2/4har/char_a_p2_4har_bob2_v13.png,character-base/layers/4har-hair/bob2-bob-alt/char_a_p2_4har_bob2_v13.png
move,21.01a - Hairstyle Pack v0.5.3/char_a_p2/4har/char_a_p2_4har_flat_v00.png,character-base/layers/4har-hair/flat-flattop/char_a_p2_4har_flat_v00.png
move,21.01a - Hairstyle Pack v0.5.3/char_a_p2/4har/char_a_p2_4har_flat_v01.png,character-base/layers/4har-hair/flat-flattop/char_a_p2_4har_flat_v01.png
move,21.01a - Hairstyle Pack v0.5.3/char_a_p2/4har/char_a_p2_4har_flat_v02.png,character-base/layers/4har-hair/flat-flattop/char_a_p2_4har_flat_v02.png
move,21.01a - Hairstyle Pack v0.5.3/char_a_p2/4har/char_a_p2_4har_flat_v03.png,character-base/layers/4har-hair/flat-flattop/char_a_p2_4har_flat_v03.png
move,21.01a - Hairstyle Pack v0.5.3/char_a_p2/4har/char_a_p2_4har_flat_v04.png,character-base/layers/4har-hair/flat-flattop/char_a_p2_4har_flat_v04.png
move,21.01a - Hairstyle Pack v0.5.3/char_a_p2/4har/char_a_p2_4har_flat_v05.png,character-base/layers/4har-hair/flat-flattop/char_a_p2_4har_flat_v05.png
move,21.01a - Hairstyle Pack v0.5.3/char_a_p2/4har/char_a_p2_4har_flat_v06.png,character-base/layers/4har-hair/flat-flattop/char_a_p2_4har_flat_v06.png
move,21.01a - Hairstyle Pack v0.5.3/char_a_p2/4har/char_a_p2_4har_flat_v07.png,character-base/layers/4har-hair/flat-flattop/char_a_p2_4har_flat_v07.png
move,21.01a - Hairstyle Pack v0.5.3/char_a_p2/4har/char_a_p2_4har_flat_v08.png,character-base/layers/4har-hair/flat-flattop/char_a_p2_4har_flat_v08.png
move,21.01a - Hairstyle Pack v0.5.3/char_a_p2/4har/char_a_p2_4har_flat_v09.png,character-base/layers/4har-hair/flat-flattop/char_a_p2_4har_flat_v09.png
move,21.01a - Hairstyle Pack v0.5.3/char_a_p2/4har/char_a_p2_4har_flat_v10.png,character-base/layers/4har-hair/flat-flattop/char_a_p2_4har_flat_v10.png
move,21.01a - Hairstyle Pack v0.5.3/char_a_p2/4har/char_a_p2_4har_flat_v11.png,character-base/layers/4har-hair/flat-flattop/char_a_p2_4har_flat_v11.png
move,21.01a - Hairstyle Pack v0.5.3/char_a_p2/4har/char_a_p2_4har_flat_v12.png,character-base/layers/4har-hair/flat-flattop/char_a_p2_4har_flat_v12.png
move,21.01a - Hairstyle Pack v0.5.3/char_a_p2/4har/char_a_p2_4har_flat_v13.png,character-base/layers/4har-hair/flat-flattop/char_a_p2_4har_flat_v13.png
move,21.01a - Hairstyle Pack v0.5.3/char_a_p2/4har/char_a_p2_4har_fro1_v00.png,character-base/layers/4har-hair/fro1-afro/char_a_p2_4har_fro1_v00.png
move,21.01a - Hairstyle Pack v0.5.3/char_a_p2/4har/char_a_p2_4har_fro1_v01.png,character-base/layers/4har-hair/fro1-afro/char_a_p2_4har_fro1_v01.png
move,21.01a - Hairstyle Pack v0.5.3/char_a_p2/4har/char_a_p2_4har_fro1_v02.png,character-base/layers/4har-hair/fro1-afro/char_a_p2_4har_fro1_v02.png
move,21.01a - Hairstyle Pack v0.5.3/char_a_p2/4har/char_a_p2_4har_fro1_v03.png,character-base/layers/4har-hair/fro1-afro/char_a_p2_4har_fro1_v03.png
move,21.01a - Hairstyle Pack v0.5.3/char_a_p2/4har/char_a_p2_4har_fro1_v04.png,character-base/layers/4har-hair/fro1-afro/char_a_p2_4har_fro1_v04.png
move,21.01a - Hairstyle Pack v0.5.3/char_a_p2/4har/char_a_p2_4har_fro1_v05.png,character-base/layers/4har-hair/fro1-afro/char_a_p2_4har_fro1_v05.png
move,21.01a - Hairstyle Pack v0.5.3/char_a_p2/4har/char_a_p2_4har_fro1_v06.png,character-base/layers/4har-hair/fro1-afro/char_a_p2_4har_fro1_v06.png
move,21.01a - Hairstyle Pack v0.5.3/char_a_p2/4har/char_a_p2_4har_fro1_v07.png,character-base/layers/4har-hair/fro1-afro/char_a_p2_4har_fro1_v07.png
move,21.01a - Hairstyle Pack v0.5.3/char_a_p2/4har/char_a_p2_4har_fro1_v08.png,character-base/layers/4har-hair/fro1-afro/char_a_p2_4har_fro1_v08.png
move,21.01a - Hairstyle Pack v0.5.3/char_a_p2/4har/char_a_p2_4har_fro1_v09.png,character-base/layers/4har-hair/fro1-afro/char_a_p2_4har_fro1_v09.png
move,21.01a - Hairstyle Pack v0.5.3/char_a_p2/4har/char_a_p2_4har_fro1_v10.png,character-base/layers/4har-hair/fro1-afro/char_a_p2_4har_fro1_v10.png
move,21.01a - Hairstyle Pack v0.5.3/char_a_p2/4har/char_a_p2_4har_fro1_v11.png,character-base/layers/4har-hair/fro1-afro/char_a_p2_4har_fro1_v11.png
move,21.01a - Hairstyle Pack v0.5.3/char_a_p2/4har/char_a_p2_4har_fro1_v12.png,character-base/layers/4har-hair/fro1-afro/char_a_p2_4har_fro1_v12.png
move,21.01a - Hairstyle Pack v0.5.3/char_a_p2/4har/char_a_p2_4har_fro1_v13.png,character-base/layers/4har-hair/fro1-afro/char_a_p2_4har_fro1_v13.png
move,21.01a - Hairstyle Pack v0.5.3/char_a_p2/4har/char_a_p2_4har_pon1_v00.png,character-base/layers/4har-hair/pon1-ponytail/char_a_p2_4har_pon1_v00.png
move,21.01a - Hairstyle Pack v0.5.3/char_a_p2/4har/char_a_p2_4har_pon1_v01.png,character-base/layers/4har-hair/pon1-ponytail/char_a_p2_4har_pon1_v01.png
move,21.01a - Hairstyle Pack v0.5.3/char_a_p2/4har/char_a_p2_4har_pon1_v02.png,character-base/layers/4har-hair/pon1-ponytail/char_a_p2_4har_pon1_v02.png
move,21.01a - Hairstyle Pack v0.5.3/char_a_p2/4har/char_a_p2_4har_pon1_v03.png,character-base/layers/4har-hair/pon1-ponytail/char_a_p2_4har_pon1_v03.png
move,21.01a - Hairstyle Pack v0.5.3/char_a_p2/4har/char_a_p2_4har_pon1_v04.png,character-base/layers/4har-hair/pon1-ponytail/char_a_p2_4har_pon1_v04.png
move,21.01a - Hairstyle Pack v0.5.3/char_a_p2/4har/char_a_p2_4har_pon1_v05.png,character-base/layers/4har-hair/pon1-ponytail/char_a_p2_4har_pon1_v05.png
move,21.01a - Hairstyle Pack v0.5.3/char_a_p2/4har/char_a_p2_4har_pon1_v06.png,character-base/layers/4har-hair/pon1-ponytail/char_a_p2_4har_pon1_v06.png
move,21.01a - Hairstyle Pack v0.5.3/char_a_p2/4har/char_a_p2_4har_pon1_v07.png,character-base/layers/4har-hair/pon1-ponytail/char_a_p2_4har_pon1_v07.png
move,21.01a - Hairstyle Pack v0.5.3/char_a_p2/4har/char_a_p2_4har_pon1_v08.png,character-base/layers/4har-hair/pon1-ponytail/char_a_p2_4har_pon1_v08.png
move,21.01a - Hairstyle Pack v0.5.3/char_a_p2/4har/char_a_p2_4har_pon1_v09.png,character-base/layers/4har-hair/pon1-ponytail/char_a_p2_4har_pon1_v09.png
move,21.01a - Hairstyle Pack v0.5.3/char_a_p2/4har/char_a_p2_4har_pon1_v10.png,character-base/layers/4har-hair/pon1-ponytail/char_a_p2_4har_pon1_v10.png
move,21.01a - Hairstyle Pack v0.5.3/char_a_p2/4har/char_a_p2_4har_pon1_v11a.png,character-base/layers/4har-hair/pon1-ponytail/char_a_p2_4har_pon1_v11a.png
move,21.01a - Hairstyle Pack v0.5.3/char_a_p2/4har/char_a_p2_4har_pon1_v11b.png,character-base/layers/4har-hair/pon1-ponytail/char_a_p2_4har_pon1_v11b.png
move,21.01a - Hairstyle Pack v0.5.3/char_a_p2/4har/char_a_p2_4har_pon1_v12.png,character-base/layers/4har-hair/pon1-ponytail/char_a_p2_4har_pon1_v12.png
move,21.01a - Hairstyle Pack v0.5.3/char_a_p2/4har/char_a_p2_4har_pon1_v13.png,character-base/layers/4har-hair/pon1-ponytail/char_a_p2_4har_pon1_v13.png
move,21.01a - Hairstyle Pack v0.5.3/char_a_p2/4har/char_a_p2_4har_spk2_v00.png,character-base/layers/4har-hair/spk2-spiky/char_a_p2_4har_spk2_v00.png
move,21.01a - Hairstyle Pack v0.5.3/char_a_p2/4har/char_a_p2_4har_spk2_v01.png,character-base/layers/4har-hair/spk2-spiky/char_a_p2_4har_spk2_v01.png
move,21.01a - Hairstyle Pack v0.5.3/char_a_p2/4har/char_a_p2_4har_spk2_v02.png,character-base/layers/4har-hair/spk2-spiky/char_a_p2_4har_spk2_v02.png
move,21.01a - Hairstyle Pack v0.5.3/char_a_p2/4har/char_a_p2_4har_spk2_v03.png,character-base/layers/4har-hair/spk2-spiky/char_a_p2_4har_spk2_v03.png
move,21.01a - Hairstyle Pack v0.5.3/char_a_p2/4har/char_a_p2_4har_spk2_v04.png,character-base/layers/4har-hair/spk2-spiky/char_a_p2_4har_spk2_v04.png
move,21.01a - Hairstyle Pack v0.5.3/char_a_p2/4har/char_a_p2_4har_spk2_v05.png,character-base/layers/4har-hair/spk2-spiky/char_a_p2_4har_spk2_v05.png
move,21.01a - Hairstyle Pack v0.5.3/char_a_p2/4har/char_a_p2_4har_spk2_v06.png,character-base/layers/4har-hair/spk2-spiky/char_a_p2_4har_spk2_v06.png
move,21.01a - Hairstyle Pack v0.5.3/char_a_p2/4har/char_a_p2_4har_spk2_v07.png,character-base/layers/4har-hair/spk2-spiky/char_a_p2_4har_spk2_v07.png
move,21.01a - Hairstyle Pack v0.5.3/char_a_p2/4har/char_a_p2_4har_spk2_v08.png,character-base/layers/4har-hair/spk2-spiky/char_a_p2_4har_spk2_v08.png
move,21.01a - Hairstyle Pack v0.5.3/char_a_p2/4har/char_a_p2_4har_spk2_v09.png,character-base/layers/4har-hair/spk2-spiky/char_a_p2_4har_spk2_v09.png
move,21.01a - Hairstyle Pack v0.5.3/char_a_p2/4har/char_a_p2_4har_spk2_v10.png,character-base/layers/4har-hair/spk2-spiky/char_a_p2_4har_spk2_v10.png
move,21.01a - Hairstyle Pack v0.5.3/char_a_p2/4har/char_a_p2_4har_spk2_v11.png,character-base/layers/4har-hair/spk2-spiky/char_a_p2_4har_spk2_v11.png
move,21.01a - Hairstyle Pack v0.5.3/char_a_p2/4har/char_a_p2_4har_spk2_v12.png,character-base/layers/4har-hair/spk2-spiky/char_a_p2_4har_spk2_v12.png
move,21.01a - Hairstyle Pack v0.5.3/char_a_p2/4har/char_a_p2_4har_spk2_v13.png,character-base/layers/4har-hair/spk2-spiky/char_a_p2_4har_spk2_v13.png
move,21.01a - Hairstyle Pack v0.5.3/char_a_p1/4har/char_a_p1_4har_bob2_v00.png,character-base/layers/4har-hair/bob2-bob-alt/char_a_p1_4har_bob2_v00.png
move,21.01a - Hairstyle Pack v0.5.3/char_a_p1/4har/char_a_p1_4har_bob2_v01.png,character-base/layers/4har-hair/bob2-bob-alt/char_a_p1_4har_bob2_v01.png
move,21.01a - Hairstyle Pack v0.5.3/char_a_p1/4har/char_a_p1_4har_bob2_v02.png,character-base/layers/4har-hair/bob2-bob-alt/char_a_p1_4har_bob2_v02.png
move,21.01a - Hairstyle Pack v0.5.3/char_a_p1/4har/char_a_p1_4har_bob2_v03.png,character-base/layers/4har-hair/bob2-bob-alt/char_a_p1_4har_bob2_v03.png
move,21.01a - Hairstyle Pack v0.5.3/char_a_p1/4har/char_a_p1_4har_bob2_v04.png,character-base/layers/4har-hair/bob2-bob-alt/char_a_p1_4har_bob2_v04.png
move,21.01a - Hairstyle Pack v0.5.3/char_a_p1/4har/char_a_p1_4har_bob2_v05.png,character-base/layers/4har-hair/bob2-bob-alt/char_a_p1_4har_bob2_v05.png
move,21.01a - Hairstyle Pack v0.5.3/char_a_p1/4har/char_a_p1_4har_bob2_v06.png,character-base/layers/4har-hair/bob2-bob-alt/char_a_p1_4har_bob2_v06.png
move,21.01a - Hairstyle Pack v0.5.3/char_a_p1/4har/char_a_p1_4har_bob2_v07.png,character-base/layers/4har-hair/bob2-bob-alt/char_a_p1_4har_bob2_v07.png
move,21.01a - Hairstyle Pack v0.5.3/char_a_p1/4har/char_a_p1_4har_bob2_v08.png,character-base/layers/4har-hair/bob2-bob-alt/char_a_p1_4har_bob2_v08.png
move,21.01a - Hairstyle Pack v0.5.3/char_a_p1/4har/char_a_p1_4har_bob2_v09.png,character-base/layers/4har-hair/bob2-bob-alt/char_a_p1_4har_bob2_v09.png
move,21.01a - Hairstyle Pack v0.5.3/char_a_p1/4har/char_a_p1_4har_bob2_v10.png,character-base/layers/4har-hair/bob2-bob-alt/char_a_p1_4har_bob2_v10.png
move,21.01a - Hairstyle Pack v0.5.3/char_a_p1/4har/char_a_p1_4har_bob2_v11.png,character-base/layers/4har-hair/bob2-bob-alt/char_a_p1_4har_bob2_v11.png
move,21.01a - Hairstyle Pack v0.5.3/char_a_p1/4har/char_a_p1_4har_bob2_v12.png,character-base/layers/4har-hair/bob2-bob-alt/char_a_p1_4har_bob2_v12.png
move,21.01a - Hairstyle Pack v0.5.3/char_a_p1/4har/char_a_p1_4har_bob2_v13.png,character-base/layers/4har-hair/bob2-bob-alt/char_a_p1_4har_bob2_v13.png
move,21.01a - Hairstyle Pack v0.5.3/char_a_p1/4har/char_a_p1_4har_flat_v00.png,character-base/layers/4har-hair/flat-flattop/char_a_p1_4har_flat_v00.png
move,21.01a - Hairstyle Pack v0.5.3/char_a_p1/4har/char_a_p1_4har_flat_v01.png,character-base/layers/4har-hair/flat-flattop/char_a_p1_4har_flat_v01.png
move,21.01a - Hairstyle Pack v0.5.3/char_a_p1/4har/char_a_p1_4har_flat_v02.png,character-base/layers/4har-hair/flat-flattop/char_a_p1_4har_flat_v02.png
move,21.01a - Hairstyle Pack v0.5.3/char_a_p1/4har/char_a_p1_4har_flat_v03.png,character-base/layers/4har-hair/flat-flattop/char_a_p1_4har_flat_v03.png
move,21.01a - Hairstyle Pack v0.5.3/char_a_p1/4har/char_a_p1_4har_flat_v04.png,character-base/layers/4har-hair/flat-flattop/char_a_p1_4har_flat_v04.png
move,21.01a - Hairstyle Pack v0.5.3/char_a_p1/4har/char_a_p1_4har_flat_v05.png,character-base/layers/4har-hair/flat-flattop/char_a_p1_4har_flat_v05.png
move,21.01a - Hairstyle Pack v0.5.3/char_a_p1/4har/char_a_p1_4har_flat_v06.png,character-base/layers/4har-hair/flat-flattop/char_a_p1_4har_flat_v06.png
move,21.01a - Hairstyle Pack v0.5.3/char_a_p1/4har/char_a_p1_4har_flat_v07.png,character-base/layers/4har-hair/flat-flattop/char_a_p1_4har_flat_v07.png
move,21.01a - Hairstyle Pack v0.5.3/char_a_p1/4har/char_a_p1_4har_flat_v08.png,character-base/layers/4har-hair/flat-flattop/char_a_p1_4har_flat_v08.png
move,21.01a - Hairstyle Pack v0.5.3/char_a_p1/4har/char_a_p1_4har_flat_v09.png,character-base/layers/4har-hair/flat-flattop/char_a_p1_4har_flat_v09.png
move,21.01a - Hairstyle Pack v0.5.3/char_a_p1/4har/char_a_p1_4har_flat_v10.png,character-base/layers/4har-hair/flat-flattop/char_a_p1_4har_flat_v10.png
move,21.01a - Hairstyle Pack v0.5.3/char_a_p1/4har/char_a_p1_4har_flat_v11.png,character-base/layers/4har-hair/flat-flattop/char_a_p1_4har_flat_v11.png
move,21.01a - Hairstyle Pack v0.5.3/char_a_p1/4har/char_a_p1_4har_flat_v12.png,character-base/layers/4har-hair/flat-flattop/char_a_p1_4har_flat_v12.png
move,21.01a - Hairstyle Pack v0.5.3/char_a_p1/4har/char_a_p1_4har_flat_v13.png,character-base/layers/4har-hair/flat-flattop/char_a_p1_4har_flat_v13.png
move,21.01a - Hairstyle Pack v0.5.3/char_a_p1/4har/char_a_p1_4har_fro1_v00.png,character-base/layers/4har-hair/fro1-afro/char_a_p1_4har_fro1_v00.png
move,21.01a - Hairstyle Pack v0.5.3/char_a_p1/4har/char_a_p1_4har_fro1_v01.png,character-base/layers/4har-hair/fro1-afro/char_a_p1_4har_fro1_v01.png
move,21.01a - Hairstyle Pack v0.5.3/char_a_p1/4har/char_a_p1_4har_fro1_v02.png,character-base/layers/4har-hair/fro1-afro/char_a_p1_4har_fro1_v02.png
move,21.01a - Hairstyle Pack v0.5.3/char_a_p1/4har/char_a_p1_4har_fro1_v03.png,character-base/layers/4har-hair/fro1-afro/char_a_p1_4har_fro1_v03.png
move,21.01a - Hairstyle Pack v0.5.3/char_a_p1/4har/char_a_p1_4har_fro1_v04.png,character-base/layers/4har-hair/fro1-afro/char_a_p1_4har_fro1_v04.png
move,21.01a - Hairstyle Pack v0.5.3/char_a_p1/4har/char_a_p1_4har_fro1_v05.png,character-base/layers/4har-hair/fro1-afro/char_a_p1_4har_fro1_v05.png
move,21.01a - Hairstyle Pack v0.5.3/char_a_p1/4har/char_a_p1_4har_fro1_v06.png,character-base/layers/4har-hair/fro1-afro/char_a_p1_4har_fro1_v06.png
move,21.01a - Hairstyle Pack v0.5.3/char_a_p1/4har/char_a_p1_4har_fro1_v07.png,character-base/layers/4har-hair/fro1-afro/char_a_p1_4har_fro1_v07.png
move,21.01a - Hairstyle Pack v0.5.3/char_a_p1/4har/char_a_p1_4har_fro1_v08.png,character-base/layers/4har-hair/fro1-afro/char_a_p1_4har_fro1_v08.png
move,21.01a - Hairstyle Pack v0.5.3/char_a_p1/4har/char_a_p1_4har_fro1_v09.png,character-base/layers/4har-hair/fro1-afro/char_a_p1_4har_fro1_v09.png
move,21.01a - Hairstyle Pack v0.5.3/char_a_p1/4har/char_a_p1_4har_fro1_v10.png,character-base/layers/4har-hair/fro1-afro/char_a_p1_4har_fro1_v10.png
move,21.01a - Hairstyle Pack v0.5.3/char_a_p1/4har/char_a_p1_4har_fro1_v11.png,character-base/layers/4har-hair/fro1-afro/char_a_p1_4har_fro1_v11.png
move,21.01a - Hairstyle Pack v0.5.3/char_a_p1/4har/char_a_p1_4har_fro1_v12.png,character-base/layers/4har-hair/fro1-afro/char_a_p1_4har_fro1_v12.png
move,21.01a - Hairstyle Pack v0.5.3/char_a_p1/4har/char_a_p1_4har_fro1_v13.png,character-base/layers/4har-hair/fro1-afro/char_a_p1_4har_fro1_v13.png
move,21.01a - Hairstyle Pack v0.5.3/char_a_p1/4har/char_a_p1_4har_pon1_v00.png,character-base/layers/4har-hair/pon1-ponytail/char_a_p1_4har_pon1_v00.png
move,21.01a - Hairstyle Pack v0.5.3/char_a_p1/4har/char_a_p1_4har_pon1_v01.png,character-base/layers/4har-hair/pon1-ponytail/char_a_p1_4har_pon1_v01.png
move,21.01a - Hairstyle Pack v0.5.3/char_a_p1/4har/char_a_p1_4har_pon1_v02.png,character-base/layers/4har-hair/pon1-ponytail/char_a_p1_4har_pon1_v02.png
move,21.01a - Hairstyle Pack v0.5.3/char_a_p1/4har/char_a_p1_4har_pon1_v03.png,character-base/layers/4har-hair/pon1-ponytail/char_a_p1_4har_pon1_v03.png
move,21.01a - Hairstyle Pack v0.5.3/char_a_p1/4har/char_a_p1_4har_pon1_v04.png,character-base/layers/4har-hair/pon1-ponytail/char_a_p1_4har_pon1_v04.png
move,21.01a - Hairstyle Pack v0.5.3/char_a_p1/4har/char_a_p1_4har_pon1_v05.png,character-base/layers/4har-hair/pon1-ponytail/char_a_p1_4har_pon1_v05.png
move,21.01a - Hairstyle Pack v0.5.3/char_a_p1/4har/char_a_p1_4har_pon1_v06.png,character-base/layers/4har-hair/pon1-ponytail/char_a_p1_4har_pon1_v06.png
move,21.01a - Hairstyle Pack v0.5.3/char_a_p1/4har/char_a_p1_4har_pon1_v07.png,character-base/layers/4har-hair/pon1-ponytail/char_a_p1_4har_pon1_v07.png
move,21.01a - Hairstyle Pack v0.5.3/char_a_p1/4har/char_a_p1_4har_pon1_v08.png,character-base/layers/4har-hair/pon1-ponytail/char_a_p1_4har_pon1_v08.png
move,21.01a - Hairstyle Pack v0.5.3/char_a_p1/4har/char_a_p1_4har_pon1_v09.png,character-base/layers/4har-hair/pon1-ponytail/char_a_p1_4har_pon1_v09.png
move,21.01a - Hairstyle Pack v0.5.3/char_a_p1/4har/char_a_p1_4har_pon1_v10.png,character-base/layers/4har-hair/pon1-ponytail/char_a_p1_4har_pon1_v10.png
move,21.01a - Hairstyle Pack v0.5.3/char_a_p1/4har/char_a_p1_4har_pon1_v11a.png,character-base/layers/4har-hair/pon1-ponytail/char_a_p1_4har_pon1_v11a.png
move,21.01a - Hairstyle Pack v0.5.3/char_a_p1/4har/char_a_p1_4har_pon1_v11b.png,character-base/layers/4har-hair/pon1-ponytail/char_a_p1_4har_pon1_v11b.png
move,21.01a - Hairstyle Pack v0.5.3/char_a_p1/4har/char_a_p1_4har_pon1_v12.png,character-base/layers/4har-hair/pon1-ponytail/char_a_p1_4har_pon1_v12.png
move,21.01a - Hairstyle Pack v0.5.3/char_a_p1/4har/char_a_p1_4har_pon1_v13.png,character-base/layers/4har-hair/pon1-ponytail/char_a_p1_4har_pon1_v13.png
move,21.01a - Hairstyle Pack v0.5.3/char_a_p1/4har/char_a_p1_4har_spk2_v00.png,character-base/layers/4har-hair/spk2-spiky/char_a_p1_4har_spk2_v00.png
move,21.01a - Hairstyle Pack v0.5.3/char_a_p1/4har/char_a_p1_4har_spk2_v01.png,character-base/layers/4har-hair/spk2-spiky/char_a_p1_4har_spk2_v01.png
move,21.01a - Hairstyle Pack v0.5.3/char_a_p1/4har/char_a_p1_4har_spk2_v02.png,character-base/layers/4har-hair/spk2-spiky/char_a_p1_4har_spk2_v02.png
move,21.01a - Hairstyle Pack v0.5.3/char_a_p1/4har/char_a_p1_4har_spk2_v03.png,character-base/layers/4har-hair/spk2-spiky/char_a_p1_4har_spk2_v03.png
move,21.01a - Hairstyle Pack v0.5.3/char_a_p1/4har/char_a_p1_4har_spk2_v04.png,character-base/layers/4har-hair/spk2-spiky/char_a_p1_4har_spk2_v04.png
move,21.01a - Hairstyle Pack v0.5.3/char_a_p1/4har/char_a_p1_4har_spk2_v05.png,character-base/layers/4har-hair/spk2-spiky/char_a_p1_4har_spk2_v05.png
move,21.01a - Hairstyle Pack v0.5.3/char_a_p1/4har/char_a_p1_4har_spk2_v06.png,character-base/layers/4har-hair/spk2-spiky/char_a_p1_4har_spk2_v06.png
move,21.01a - Hairstyle Pack v0.5.3/char_a_p1/4har/char_a_p1_4har_spk2_v07.png,character-base/layers/4har-hair/spk2-spiky/char_a_p1_4har_spk2_v07.png
move,21.01a - Hairstyle Pack v0.5.3/char_a_p1/4har/char_a_p1_4har_spk2_v08.png,character-base/layers/4har-hair/spk2-spiky/char_a_p1_4har_spk2_v08.png
move,21.01a - Hairstyle Pack v0.5.3/char_a_p1/4har/char_a_p1_4har_spk2_v09.png,character-base/layers/4har-hair/spk2-spiky/char_a_p1_4har_spk2_v09.png
move,21.01a - Hairstyle Pack v0.5.3/char_a_p1/4har/char_a_p1_4har_spk2_v10.png,character-base/layers/4har-hair/spk2-spiky/char_a_p1_4har_spk2_v10.png
move,21.01a - Hairstyle Pack v0.5.3/char_a_p1/4har/char_a_p1_4har_spk2_v11.png,character-base/layers/4har-hair/spk2-spiky/char_a_p1_4har_spk2_v11.png
move,21.01a - Hairstyle Pack v0.5.3/char_a_p1/4har/char_a_p1_4har_spk2_v12.png,character-base/layers/4har-hair/spk2-spiky/char_a_p1_4har_spk2_v12.png
move,21.01a - Hairstyle Pack v0.5.3/char_a_p1/4har/char_a_p1_4har_spk2_v13.png,character-base/layers/4har-hair/spk2-spiky/char_a_p1_4har_spk2_v13.png
move,20.01c - Peasant Farmer Pants & Hat 2.2 (optional combat animations)/char_a_pONE3/1out/char_a_pONE3_1out_pfpn_v01.png,character-base/layers/1out-outfit/pfpn-peasant-farmer-pants/char_a_pONE3_1out_pfpn_v01.png
move,20.01c - Peasant Farmer Pants & Hat 2.2 (optional combat animations)/char_a_pONE3/1out/char_a_pONE3_1out_pfpn_v02.png,character-base/layers/1out-outfit/pfpn-peasant-farmer-pants/char_a_pONE3_1out_pfpn_v02.png
move,20.01c - Peasant Farmer Pants & Hat 2.2 (optional combat animations)/char_a_pONE3/1out/char_a_pONE3_1out_pfpn_v03.png,character-base/layers/1out-outfit/pfpn-peasant-farmer-pants/char_a_pONE3_1out_pfpn_v03.png
move,20.01c - Peasant Farmer Pants & Hat 2.2 (optional combat animations)/char_a_pONE3/1out/char_a_pONE3_1out_pfpn_v04.png,character-base/layers/1out-outfit/pfpn-peasant-farmer-pants/char_a_pONE3_1out_pfpn_v04.png
move,20.01c - Peasant Farmer Pants & Hat 2.2 (optional combat animations)/char_a_pONE3/1out/char_a_pONE3_1out_pfpn_v05.png,character-base/layers/1out-outfit/pfpn-peasant-farmer-pants/char_a_pONE3_1out_pfpn_v05.png
move,20.01c - Peasant Farmer Pants & Hat 2.2 (optional combat animations)/char_a_pONE3/5hat/char_a_pONE3_5hat_pfht_v01.png,character-base/layers/5hat-hat/pfht-peasant-hat/char_a_pONE3_5hat_pfht_v01.png
move,20.01c - Peasant Farmer Pants & Hat 2.2 (optional combat animations)/char_a_pONE3/5hat/char_a_pONE3_5hat_pfht_v02.png,character-base/layers/5hat-hat/pfht-peasant-hat/char_a_pONE3_5hat_pfht_v02.png
move,20.01c - Peasant Farmer Pants & Hat 2.2 (optional combat animations)/char_a_pONE3/5hat/char_a_pONE3_5hat_pfht_v03.png,character-base/layers/5hat-hat/pfht-peasant-hat/char_a_pONE3_5hat_pfht_v03.png
move,20.01c - Peasant Farmer Pants & Hat 2.2 (optional combat animations)/char_a_pONE3/5hat/char_a_pONE3_5hat_pfht_v04.png,character-base/layers/5hat-hat/pfht-peasant-hat/char_a_pONE3_5hat_pfht_v04.png
move,20.01c - Peasant Farmer Pants & Hat 2.2 (optional combat animations)/char_a_pONE3/5hat/char_a_pONE3_5hat_pfht_v05.png,character-base/layers/5hat-hat/pfht-peasant-hat/char_a_pONE3_5hat_pfht_v05.png
move,20.01c - Peasant Farmer Pants & Hat 2.2 (optional combat animations)/char_a_pPOL3/1out/char_a_pPOL3_1out_pfpn_v01.png,character-base/layers/1out-outfit/pfpn-peasant-farmer-pants/char_a_pPOL3_1out_pfpn_v01.png
move,20.01c - Peasant Farmer Pants & Hat 2.2 (optional combat animations)/char_a_pPOL3/1out/char_a_pPOL3_1out_pfpn_v02.png,character-base/layers/1out-outfit/pfpn-peasant-farmer-pants/char_a_pPOL3_1out_pfpn_v02.png
move,20.01c - Peasant Farmer Pants & Hat 2.2 (optional combat animations)/char_a_pPOL3/1out/char_a_pPOL3_1out_pfpn_v03.png,character-base/layers/1out-outfit/pfpn-peasant-farmer-pants/char_a_pPOL3_1out_pfpn_v03.png
move,20.01c - Peasant Farmer Pants & Hat 2.2 (optional combat animations)/char_a_pPOL3/1out/char_a_pPOL3_1out_pfpn_v04.png,character-base/layers/1out-outfit/pfpn-peasant-farmer-pants/char_a_pPOL3_1out_pfpn_v04.png
move,20.01c - Peasant Farmer Pants & Hat 2.2 (optional combat animations)/char_a_pPOL3/1out/char_a_pPOL3_1out_pfpn_v05.png,character-base/layers/1out-outfit/pfpn-peasant-farmer-pants/char_a_pPOL3_1out_pfpn_v05.png
move,20.01c - Peasant Farmer Pants & Hat 2.2 (optional combat animations)/char_a_pPOL3/5hat/char_a_pPOL3_5hat_pfht_v01.png,character-base/layers/5hat-hat/pfht-peasant-hat/char_a_pPOL3_5hat_pfht_v01.png
move,20.01c - Peasant Farmer Pants & Hat 2.2 (optional combat animations)/char_a_pPOL3/5hat/char_a_pPOL3_5hat_pfht_v02.png,character-base/layers/5hat-hat/pfht-peasant-hat/char_a_pPOL3_5hat_pfht_v02.png
move,20.01c - Peasant Farmer Pants & Hat 2.2 (optional combat animations)/char_a_pPOL3/5hat/char_a_pPOL3_5hat_pfht_v03.png,character-base/layers/5hat-hat/pfht-peasant-hat/char_a_pPOL3_5hat_pfht_v03.png
move,20.01c - Peasant Farmer Pants & Hat 2.2 (optional combat animations)/char_a_pPOL3/5hat/char_a_pPOL3_5hat_pfht_v04.png,character-base/layers/5hat-hat/pfht-peasant-hat/char_a_pPOL3_5hat_pfht_v04.png
move,20.01c - Peasant Farmer Pants & Hat 2.2 (optional combat animations)/char_a_pPOL3/5hat/char_a_pPOL3_5hat_pfht_v05.png,character-base/layers/5hat-hat/pfht-peasant-hat/char_a_pPOL3_5hat_pfht_v05.png
move,20.01c - Peasant Farmer Pants & Hat 2.2 (optional combat animations)/char_a_pBOW1/1out/char_a_pBOW1_1out_pfpn_v01.png,character-base/layers/1out-outfit/pfpn-peasant-farmer-pants/char_a_pBOW1_1out_pfpn_v01.png
move,20.01c - Peasant Farmer Pants & Hat 2.2 (optional combat animations)/char_a_pBOW1/1out/char_a_pBOW1_1out_pfpn_v02.png,character-base/layers/1out-outfit/pfpn-peasant-farmer-pants/char_a_pBOW1_1out_pfpn_v02.png
move,20.01c - Peasant Farmer Pants & Hat 2.2 (optional combat animations)/char_a_pBOW1/1out/char_a_pBOW1_1out_pfpn_v03.png,character-base/layers/1out-outfit/pfpn-peasant-farmer-pants/char_a_pBOW1_1out_pfpn_v03.png
move,20.01c - Peasant Farmer Pants & Hat 2.2 (optional combat animations)/char_a_pBOW1/1out/char_a_pBOW1_1out_pfpn_v04.png,character-base/layers/1out-outfit/pfpn-peasant-farmer-pants/char_a_pBOW1_1out_pfpn_v04.png
move,20.01c - Peasant Farmer Pants & Hat 2.2 (optional combat animations)/char_a_pBOW1/1out/char_a_pBOW1_1out_pfpn_v05.png,character-base/layers/1out-outfit/pfpn-peasant-farmer-pants/char_a_pBOW1_1out_pfpn_v05.png
move,20.01c - Peasant Farmer Pants & Hat 2.2 (optional combat animations)/char_a_pBOW1/5hat/char_a_pBOW1_5hat_pfht_v01.png,character-base/layers/5hat-hat/pfht-peasant-hat/char_a_pBOW1_5hat_pfht_v01.png
move,20.01c - Peasant Farmer Pants & Hat 2.2 (optional combat animations)/char_a_pBOW1/5hat/char_a_pBOW1_5hat_pfht_v02.png,character-base/layers/5hat-hat/pfht-peasant-hat/char_a_pBOW1_5hat_pfht_v02.png
move,20.01c - Peasant Farmer Pants & Hat 2.2 (optional combat animations)/char_a_pBOW1/5hat/char_a_pBOW1_5hat_pfht_v03.png,character-base/layers/5hat-hat/pfht-peasant-hat/char_a_pBOW1_5hat_pfht_v03.png
move,20.01c - Peasant Farmer Pants & Hat 2.2 (optional combat animations)/char_a_pBOW1/5hat/char_a_pBOW1_5hat_pfht_v04.png,character-base/layers/5hat-hat/pfht-peasant-hat/char_a_pBOW1_5hat_pfht_v04.png
move,20.01c - Peasant Farmer Pants & Hat 2.2 (optional combat animations)/char_a_pBOW1/5hat/char_a_pBOW1_5hat_pfht_v05.png,character-base/layers/5hat-hat/pfht-peasant-hat/char_a_pBOW1_5hat_pfht_v05.png
move,20.01c - Peasant Farmer Pants & Hat 2.2 (optional combat animations)/char_a_pBOW2/1out/char_a_pBOW2_1out_pfpn_v01.png,character-base/layers/1out-outfit/pfpn-peasant-farmer-pants/char_a_pBOW2_1out_pfpn_v01.png
move,20.01c - Peasant Farmer Pants & Hat 2.2 (optional combat animations)/char_a_pBOW2/1out/char_a_pBOW2_1out_pfpn_v02.png,character-base/layers/1out-outfit/pfpn-peasant-farmer-pants/char_a_pBOW2_1out_pfpn_v02.png
move,20.01c - Peasant Farmer Pants & Hat 2.2 (optional combat animations)/char_a_pBOW2/1out/char_a_pBOW2_1out_pfpn_v03.png,character-base/layers/1out-outfit/pfpn-peasant-farmer-pants/char_a_pBOW2_1out_pfpn_v03.png
move,20.01c - Peasant Farmer Pants & Hat 2.2 (optional combat animations)/char_a_pBOW2/1out/char_a_pBOW2_1out_pfpn_v04.png,character-base/layers/1out-outfit/pfpn-peasant-farmer-pants/char_a_pBOW2_1out_pfpn_v04.png
move,20.01c - Peasant Farmer Pants & Hat 2.2 (optional combat animations)/char_a_pBOW2/1out/char_a_pBOW2_1out_pfpn_v05.png,character-base/layers/1out-outfit/pfpn-peasant-farmer-pants/char_a_pBOW2_1out_pfpn_v05.png
move,20.01c - Peasant Farmer Pants & Hat 2.2 (optional combat animations)/char_a_pBOW2/5hat/char_a_pBOW2_5hat_pfht_v01.png,character-base/layers/5hat-hat/pfht-peasant-hat/char_a_pBOW2_5hat_pfht_v01.png
move,20.01c - Peasant Farmer Pants & Hat 2.2 (optional combat animations)/char_a_pBOW2/5hat/char_a_pBOW2_5hat_pfht_v02.png,character-base/layers/5hat-hat/pfht-peasant-hat/char_a_pBOW2_5hat_pfht_v02.png
move,20.01c - Peasant Farmer Pants & Hat 2.2 (optional combat animations)/char_a_pBOW2/5hat/char_a_pBOW2_5hat_pfht_v03.png,character-base/layers/5hat-hat/pfht-peasant-hat/char_a_pBOW2_5hat_pfht_v03.png
move,20.01c - Peasant Farmer Pants & Hat 2.2 (optional combat animations)/char_a_pBOW2/5hat/char_a_pBOW2_5hat_pfht_v04.png,character-base/layers/5hat-hat/pfht-peasant-hat/char_a_pBOW2_5hat_pfht_v04.png
move,20.01c - Peasant Farmer Pants & Hat 2.2 (optional combat animations)/char_a_pBOW2/5hat/char_a_pBOW2_5hat_pfht_v05.png,character-base/layers/5hat-hat/pfht-peasant-hat/char_a_pBOW2_5hat_pfht_v05.png
move,20.01c - Peasant Farmer Pants & Hat 2.2 (optional combat animations)/char_a_pBOW3/1out/char_a_pBOW3_1out_pfpn_v01.png,character-base/layers/1out-outfit/pfpn-peasant-farmer-pants/char_a_pBOW3_1out_pfpn_v01.png
move,20.01c - Peasant Farmer Pants & Hat 2.2 (optional combat animations)/char_a_pBOW3/1out/char_a_pBOW3_1out_pfpn_v02.png,character-base/layers/1out-outfit/pfpn-peasant-farmer-pants/char_a_pBOW3_1out_pfpn_v02.png
move,20.01c - Peasant Farmer Pants & Hat 2.2 (optional combat animations)/char_a_pBOW3/1out/char_a_pBOW3_1out_pfpn_v03.png,character-base/layers/1out-outfit/pfpn-peasant-farmer-pants/char_a_pBOW3_1out_pfpn_v03.png
move,20.01c - Peasant Farmer Pants & Hat 2.2 (optional combat animations)/char_a_pBOW3/1out/char_a_pBOW3_1out_pfpn_v04.png,character-base/layers/1out-outfit/pfpn-peasant-farmer-pants/char_a_pBOW3_1out_pfpn_v04.png
move,20.01c - Peasant Farmer Pants & Hat 2.2 (optional combat animations)/char_a_pBOW3/1out/char_a_pBOW3_1out_pfpn_v05.png,character-base/layers/1out-outfit/pfpn-peasant-farmer-pants/char_a_pBOW3_1out_pfpn_v05.png
move,20.01c - Peasant Farmer Pants & Hat 2.2 (optional combat animations)/char_a_pBOW3/5hat/char_a_pBOW3_5hat_pfht_v01.png,character-base/layers/5hat-hat/pfht-peasant-hat/char_a_pBOW3_5hat_pfht_v01.png
move,20.01c - Peasant Farmer Pants & Hat 2.2 (optional combat animations)/char_a_pBOW3/5hat/char_a_pBOW3_5hat_pfht_v02.png,character-base/layers/5hat-hat/pfht-peasant-hat/char_a_pBOW3_5hat_pfht_v02.png
move,20.01c - Peasant Farmer Pants & Hat 2.2 (optional combat animations)/char_a_pBOW3/5hat/char_a_pBOW3_5hat_pfht_v03.png,character-base/layers/5hat-hat/pfht-peasant-hat/char_a_pBOW3_5hat_pfht_v03.png
move,20.01c - Peasant Farmer Pants & Hat 2.2 (optional combat animations)/char_a_pBOW3/5hat/char_a_pBOW3_5hat_pfht_v04.png,character-base/layers/5hat-hat/pfht-peasant-hat/char_a_pBOW3_5hat_pfht_v04.png
move,20.01c - Peasant Farmer Pants & Hat 2.2 (optional combat animations)/char_a_pBOW3/5hat/char_a_pBOW3_5hat_pfht_v05.png,character-base/layers/5hat-hat/pfht-peasant-hat/char_a_pBOW3_5hat_pfht_v05.png
move,20.01c - Peasant Farmer Pants & Hat 2.2 (optional combat animations)/char_a_pONE2/1out/char_a_pONE2_1out_pfpn_v01.png,character-base/layers/1out-outfit/pfpn-peasant-farmer-pants/char_a_pONE2_1out_pfpn_v01.png
move,20.01c - Peasant Farmer Pants & Hat 2.2 (optional combat animations)/char_a_pONE2/1out/char_a_pONE2_1out_pfpn_v02.png,character-base/layers/1out-outfit/pfpn-peasant-farmer-pants/char_a_pONE2_1out_pfpn_v02.png
move,20.01c - Peasant Farmer Pants & Hat 2.2 (optional combat animations)/char_a_pONE2/1out/char_a_pONE2_1out_pfpn_v03.png,character-base/layers/1out-outfit/pfpn-peasant-farmer-pants/char_a_pONE2_1out_pfpn_v03.png
move,20.01c - Peasant Farmer Pants & Hat 2.2 (optional combat animations)/char_a_pONE2/1out/char_a_pONE2_1out_pfpn_v04.png,character-base/layers/1out-outfit/pfpn-peasant-farmer-pants/char_a_pONE2_1out_pfpn_v04.png
move,20.01c - Peasant Farmer Pants & Hat 2.2 (optional combat animations)/char_a_pONE2/1out/char_a_pONE2_1out_pfpn_v05.png,character-base/layers/1out-outfit/pfpn-peasant-farmer-pants/char_a_pONE2_1out_pfpn_v05.png
move,20.01c - Peasant Farmer Pants & Hat 2.2 (optional combat animations)/char_a_pONE2/5hat/char_a_pONE2_5hat_pfht_v01.png,character-base/layers/5hat-hat/pfht-peasant-hat/char_a_pONE2_5hat_pfht_v01.png
move,20.01c - Peasant Farmer Pants & Hat 2.2 (optional combat animations)/char_a_pONE2/5hat/char_a_pONE2_5hat_pfht_v02.png,character-base/layers/5hat-hat/pfht-peasant-hat/char_a_pONE2_5hat_pfht_v02.png
move,20.01c - Peasant Farmer Pants & Hat 2.2 (optional combat animations)/char_a_pONE2/5hat/char_a_pONE2_5hat_pfht_v03.png,character-base/layers/5hat-hat/pfht-peasant-hat/char_a_pONE2_5hat_pfht_v03.png
move,20.01c - Peasant Farmer Pants & Hat 2.2 (optional combat animations)/char_a_pONE2/5hat/char_a_pONE2_5hat_pfht_v04.png,character-base/layers/5hat-hat/pfht-peasant-hat/char_a_pONE2_5hat_pfht_v04.png
move,20.01c - Peasant Farmer Pants & Hat 2.2 (optional combat animations)/char_a_pONE2/5hat/char_a_pONE2_5hat_pfht_v05.png,character-base/layers/5hat-hat/pfht-peasant-hat/char_a_pONE2_5hat_pfht_v05.png
move,20.01c - Peasant Farmer Pants & Hat 2.2 (optional combat animations)/char_a_pPOL2/1out/char_a_pPOL2_1out_pfpn_v01.png,character-base/layers/1out-outfit/pfpn-peasant-farmer-pants/char_a_pPOL2_1out_pfpn_v01.png
move,20.01c - Peasant Farmer Pants & Hat 2.2 (optional combat animations)/char_a_pPOL2/1out/char_a_pPOL2_1out_pfpn_v02.png,character-base/layers/1out-outfit/pfpn-peasant-farmer-pants/char_a_pPOL2_1out_pfpn_v02.png
move,20.01c - Peasant Farmer Pants & Hat 2.2 (optional combat animations)/char_a_pPOL2/1out/char_a_pPOL2_1out_pfpn_v03.png,character-base/layers/1out-outfit/pfpn-peasant-farmer-pants/char_a_pPOL2_1out_pfpn_v03.png
move,20.01c - Peasant Farmer Pants & Hat 2.2 (optional combat animations)/char_a_pPOL2/1out/char_a_pPOL2_1out_pfpn_v04.png,character-base/layers/1out-outfit/pfpn-peasant-farmer-pants/char_a_pPOL2_1out_pfpn_v04.png
move,20.01c - Peasant Farmer Pants & Hat 2.2 (optional combat animations)/char_a_pPOL2/1out/char_a_pPOL2_1out_pfpn_v05.png,character-base/layers/1out-outfit/pfpn-peasant-farmer-pants/char_a_pPOL2_1out_pfpn_v05.png
move,20.01c - Peasant Farmer Pants & Hat 2.2 (optional combat animations)/char_a_pPOL2/5hat/char_a_pPOL2_5hat_pfht_v01.png,character-base/layers/5hat-hat/pfht-peasant-hat/char_a_pPOL2_5hat_pfht_v01.png
move,20.01c - Peasant Farmer Pants & Hat 2.2 (optional combat animations)/char_a_pPOL2/5hat/char_a_pPOL2_5hat_pfht_v02.png,character-base/layers/5hat-hat/pfht-peasant-hat/char_a_pPOL2_5hat_pfht_v02.png
move,20.01c - Peasant Farmer Pants & Hat 2.2 (optional combat animations)/char_a_pPOL2/5hat/char_a_pPOL2_5hat_pfht_v03.png,character-base/layers/5hat-hat/pfht-peasant-hat/char_a_pPOL2_5hat_pfht_v03.png
move,20.01c - Peasant Farmer Pants & Hat 2.2 (optional combat animations)/char_a_pPOL2/5hat/char_a_pPOL2_5hat_pfht_v04.png,character-base/layers/5hat-hat/pfht-peasant-hat/char_a_pPOL2_5hat_pfht_v04.png
move,20.01c - Peasant Farmer Pants & Hat 2.2 (optional combat animations)/char_a_pPOL2/5hat/char_a_pPOL2_5hat_pfht_v05.png,character-base/layers/5hat-hat/pfht-peasant-hat/char_a_pPOL2_5hat_pfht_v05.png
move,20.01c - Peasant Farmer Pants & Hat 2.2 (optional combat animations)/char_a_pONE1/1out/char_a_pONE1_1out_pfpn_v01.png,character-base/layers/1out-outfit/pfpn-peasant-farmer-pants/char_a_pONE1_1out_pfpn_v01.png
move,20.01c - Peasant Farmer Pants & Hat 2.2 (optional combat animations)/char_a_pONE1/1out/char_a_pONE1_1out_pfpn_v02.png,character-base/layers/1out-outfit/pfpn-peasant-farmer-pants/char_a_pONE1_1out_pfpn_v02.png
move,20.01c - Peasant Farmer Pants & Hat 2.2 (optional combat animations)/char_a_pONE1/1out/char_a_pONE1_1out_pfpn_v03.png,character-base/layers/1out-outfit/pfpn-peasant-farmer-pants/char_a_pONE1_1out_pfpn_v03.png
move,20.01c - Peasant Farmer Pants & Hat 2.2 (optional combat animations)/char_a_pONE1/1out/char_a_pONE1_1out_pfpn_v04.png,character-base/layers/1out-outfit/pfpn-peasant-farmer-pants/char_a_pONE1_1out_pfpn_v04.png
move,20.01c - Peasant Farmer Pants & Hat 2.2 (optional combat animations)/char_a_pONE1/1out/char_a_pONE1_1out_pfpn_v05.png,character-base/layers/1out-outfit/pfpn-peasant-farmer-pants/char_a_pONE1_1out_pfpn_v05.png
move,20.01c - Peasant Farmer Pants & Hat 2.2 (optional combat animations)/char_a_pONE1/5hat/char_a_pONE1_5hat_pfht_v01.png,character-base/layers/5hat-hat/pfht-peasant-hat/char_a_pONE1_5hat_pfht_v01.png
move,20.01c - Peasant Farmer Pants & Hat 2.2 (optional combat animations)/char_a_pONE1/5hat/char_a_pONE1_5hat_pfht_v02.png,character-base/layers/5hat-hat/pfht-peasant-hat/char_a_pONE1_5hat_pfht_v02.png
move,20.01c - Peasant Farmer Pants & Hat 2.2 (optional combat animations)/char_a_pONE1/5hat/char_a_pONE1_5hat_pfht_v03.png,character-base/layers/5hat-hat/pfht-peasant-hat/char_a_pONE1_5hat_pfht_v03.png
move,20.01c - Peasant Farmer Pants & Hat 2.2 (optional combat animations)/char_a_pONE1/5hat/char_a_pONE1_5hat_pfht_v04.png,character-base/layers/5hat-hat/pfht-peasant-hat/char_a_pONE1_5hat_pfht_v04.png
move,20.01c - Peasant Farmer Pants & Hat 2.2 (optional combat animations)/char_a_pONE1/5hat/char_a_pONE1_5hat_pfht_v05.png,character-base/layers/5hat-hat/pfht-peasant-hat/char_a_pONE1_5hat_pfht_v05.png
move,20.01c - Peasant Farmer Pants & Hat 2.2 (optional combat animations)/char_a_pPOL1/1out/char_a_pPOL1_1out_pfpn_v01.png,character-base/layers/1out-outfit/pfpn-peasant-farmer-pants/char_a_pPOL1_1out_pfpn_v01.png
move,20.01c - Peasant Farmer Pants & Hat 2.2 (optional combat animations)/char_a_pPOL1/1out/char_a_pPOL1_1out_pfpn_v02.png,character-base/layers/1out-outfit/pfpn-peasant-farmer-pants/char_a_pPOL1_1out_pfpn_v02.png
move,20.01c - Peasant Farmer Pants & Hat 2.2 (optional combat animations)/char_a_pPOL1/1out/char_a_pPOL1_1out_pfpn_v03.png,character-base/layers/1out-outfit/pfpn-peasant-farmer-pants/char_a_pPOL1_1out_pfpn_v03.png
move,20.01c - Peasant Farmer Pants & Hat 2.2 (optional combat animations)/char_a_pPOL1/1out/char_a_pPOL1_1out_pfpn_v04.png,character-base/layers/1out-outfit/pfpn-peasant-farmer-pants/char_a_pPOL1_1out_pfpn_v04.png
move,20.01c - Peasant Farmer Pants & Hat 2.2 (optional combat animations)/char_a_pPOL1/1out/char_a_pPOL1_1out_pfpn_v05.png,character-base/layers/1out-outfit/pfpn-peasant-farmer-pants/char_a_pPOL1_1out_pfpn_v05.png
move,20.01c - Peasant Farmer Pants & Hat 2.2 (optional combat animations)/char_a_pPOL1/5hat/char_a_pPOL1_5hat_pfht_v01.png,character-base/layers/5hat-hat/pfht-peasant-hat/char_a_pPOL1_5hat_pfht_v01.png
move,20.01c - Peasant Farmer Pants & Hat 2.2 (optional combat animations)/char_a_pPOL1/5hat/char_a_pPOL1_5hat_pfht_v02.png,character-base/layers/5hat-hat/pfht-peasant-hat/char_a_pPOL1_5hat_pfht_v02.png
move,20.01c - Peasant Farmer Pants & Hat 2.2 (optional combat animations)/char_a_pPOL1/5hat/char_a_pPOL1_5hat_pfht_v03.png,character-base/layers/5hat-hat/pfht-peasant-hat/char_a_pPOL1_5hat_pfht_v03.png
move,20.01c - Peasant Farmer Pants & Hat 2.2 (optional combat animations)/char_a_pPOL1/5hat/char_a_pPOL1_5hat_pfht_v04.png,character-base/layers/5hat-hat/pfht-peasant-hat/char_a_pPOL1_5hat_pfht_v04.png
move,20.01c - Peasant Farmer Pants & Hat 2.2 (optional combat animations)/char_a_pPOL1/5hat/char_a_pPOL1_5hat_pfht_v05.png,character-base/layers/5hat-hat/pfht-peasant-hat/char_a_pPOL1_5hat_pfht_v05.png
move,20.01c - Peasant Farmer Pants & Hat 2.1 (comp. v01)/requirements.txt,docs/requirements.txt
move,20.01c - Peasant Farmer Pants & Hat 2.1 (comp. v01)/optional files (unsupported)/char_a_p1C/1out/char_a_p1C_1out_pfpn_v01.png,character-base/layers/1out-outfit/pfpn-peasant-farmer-pants/char_a_p1C_1out_pfpn_v01.png
move,20.01c - Peasant Farmer Pants & Hat 2.1 (comp. v01)/optional files (unsupported)/char_a_p1C/1out/char_a_p1C_1out_pfpn_v02.png,character-base/layers/1out-outfit/pfpn-peasant-farmer-pants/char_a_p1C_1out_pfpn_v02.png
move,20.01c - Peasant Farmer Pants & Hat 2.1 (comp. v01)/optional files (unsupported)/char_a_p1C/1out/char_a_p1C_1out_pfpn_v03.png,character-base/layers/1out-outfit/pfpn-peasant-farmer-pants/char_a_p1C_1out_pfpn_v03.png
move,20.01c - Peasant Farmer Pants & Hat 2.1 (comp. v01)/optional files (unsupported)/char_a_p1C/1out/char_a_p1C_1out_pfpn_v04.png,character-base/layers/1out-outfit/pfpn-peasant-farmer-pants/char_a_p1C_1out_pfpn_v04.png
move,20.01c - Peasant Farmer Pants & Hat 2.1 (comp. v01)/optional files (unsupported)/char_a_p1C/1out/char_a_p1C_1out_pfpn_v05.png,character-base/layers/1out-outfit/pfpn-peasant-farmer-pants/char_a_p1C_1out_pfpn_v05.png
move,20.01c - Peasant Farmer Pants & Hat 2.1 (comp. v01)/optional files (unsupported)/char_a_p1C/5hat/char_a_p1C_5hat_pfht_v01.png,character-base/layers/5hat-hat/pfht-peasant-hat/char_a_p1C_5hat_pfht_v01.png
move,20.01c - Peasant Farmer Pants & Hat 2.1 (comp. v01)/optional files (unsupported)/char_a_p1C/5hat/char_a_p1C_5hat_pfht_v02.png,character-base/layers/5hat-hat/pfht-peasant-hat/char_a_p1C_5hat_pfht_v02.png
move,20.01c - Peasant Farmer Pants & Hat 2.1 (comp. v01)/optional files (unsupported)/char_a_p1C/5hat/char_a_p1C_5hat_pfht_v03.png,character-base/layers/5hat-hat/pfht-peasant-hat/char_a_p1C_5hat_pfht_v03.png
move,20.01c - Peasant Farmer Pants & Hat 2.1 (comp. v01)/optional files (unsupported)/char_a_p1C/5hat/char_a_p1C_5hat_pfht_v04.png,character-base/layers/5hat-hat/pfht-peasant-hat/char_a_p1C_5hat_pfht_v04.png
move,20.01c - Peasant Farmer Pants & Hat 2.1 (comp. v01)/optional files (unsupported)/char_a_p1C/5hat/char_a_p1C_5hat_pfht_v05.png,character-base/layers/5hat-hat/pfht-peasant-hat/char_a_p1C_5hat_pfht_v05.png
move,20.01c - Peasant Farmer Pants & Hat 2.1 (comp. v01)/optional files (unsupported)/char_a_p1B/1out/char_a_p1B_1out_pfpn_v01.png,character-base/layers/1out-outfit/pfpn-peasant-farmer-pants/char_a_p1B_1out_pfpn_v01.png
move,20.01c - Peasant Farmer Pants & Hat 2.1 (comp. v01)/optional files (unsupported)/char_a_p1B/1out/char_a_p1B_1out_pfpn_v02.png,character-base/layers/1out-outfit/pfpn-peasant-farmer-pants/char_a_p1B_1out_pfpn_v02.png
move,20.01c - Peasant Farmer Pants & Hat 2.1 (comp. v01)/optional files (unsupported)/char_a_p1B/1out/char_a_p1B_1out_pfpn_v03.png,character-base/layers/1out-outfit/pfpn-peasant-farmer-pants/char_a_p1B_1out_pfpn_v03.png
move,20.01c - Peasant Farmer Pants & Hat 2.1 (comp. v01)/optional files (unsupported)/char_a_p1B/1out/char_a_p1B_1out_pfpn_v04.png,character-base/layers/1out-outfit/pfpn-peasant-farmer-pants/char_a_p1B_1out_pfpn_v04.png
move,20.01c - Peasant Farmer Pants & Hat 2.1 (comp. v01)/optional files (unsupported)/char_a_p1B/1out/char_a_p1B_1out_pfpn_v05.png,character-base/layers/1out-outfit/pfpn-peasant-farmer-pants/char_a_p1B_1out_pfpn_v05.png
move,20.01c - Peasant Farmer Pants & Hat 2.1 (comp. v01)/optional files (unsupported)/char_a_p1B/5hat/char_a_p1B_5hat_pfht_v01.png,character-base/layers/5hat-hat/pfht-peasant-hat/char_a_p1B_5hat_pfht_v01.png
move,20.01c - Peasant Farmer Pants & Hat 2.1 (comp. v01)/optional files (unsupported)/char_a_p1B/5hat/char_a_p1B_5hat_pfht_v02.png,character-base/layers/5hat-hat/pfht-peasant-hat/char_a_p1B_5hat_pfht_v02.png
move,20.01c - Peasant Farmer Pants & Hat 2.1 (comp. v01)/optional files (unsupported)/char_a_p1B/5hat/char_a_p1B_5hat_pfht_v03.png,character-base/layers/5hat-hat/pfht-peasant-hat/char_a_p1B_5hat_pfht_v03.png
move,20.01c - Peasant Farmer Pants & Hat 2.1 (comp. v01)/optional files (unsupported)/char_a_p1B/5hat/char_a_p1B_5hat_pfht_v04.png,character-base/layers/5hat-hat/pfht-peasant-hat/char_a_p1B_5hat_pfht_v04.png
move,20.01c - Peasant Farmer Pants & Hat 2.1 (comp. v01)/optional files (unsupported)/char_a_p1B/5hat/char_a_p1B_5hat_pfht_v05.png,character-base/layers/5hat-hat/pfht-peasant-hat/char_a_p1B_5hat_pfht_v05.png
move,20.01c - Peasant Farmer Pants & Hat 2.1 (comp. v01)/char_a_p3/1out/char_a_p3_1out_pfpn_v01.png,character-base/layers/1out-outfit/pfpn-peasant-farmer-pants/char_a_p3_1out_pfpn_v01.png
move,20.01c - Peasant Farmer Pants & Hat 2.1 (comp. v01)/char_a_p3/1out/char_a_p3_1out_pfpn_v02.png,character-base/layers/1out-outfit/pfpn-peasant-farmer-pants/char_a_p3_1out_pfpn_v02.png
move,20.01c - Peasant Farmer Pants & Hat 2.1 (comp. v01)/char_a_p3/1out/char_a_p3_1out_pfpn_v03.png,character-base/layers/1out-outfit/pfpn-peasant-farmer-pants/char_a_p3_1out_pfpn_v03.png
move,20.01c - Peasant Farmer Pants & Hat 2.1 (comp. v01)/char_a_p3/1out/char_a_p3_1out_pfpn_v04.png,character-base/layers/1out-outfit/pfpn-peasant-farmer-pants/char_a_p3_1out_pfpn_v04.png
move,20.01c - Peasant Farmer Pants & Hat 2.1 (comp. v01)/char_a_p3/1out/char_a_p3_1out_pfpn_v05.png,character-base/layers/1out-outfit/pfpn-peasant-farmer-pants/char_a_p3_1out_pfpn_v05.png
move,20.01c - Peasant Farmer Pants & Hat 2.1 (comp. v01)/char_a_p3/5hat/char_a_p3_5hat_pfht_v01.png,character-base/layers/5hat-hat/pfht-peasant-hat/char_a_p3_5hat_pfht_v01.png
move,20.01c - Peasant Farmer Pants & Hat 2.1 (comp. v01)/char_a_p3/5hat/char_a_p3_5hat_pfht_v02.png,character-base/layers/5hat-hat/pfht-peasant-hat/char_a_p3_5hat_pfht_v02.png
move,20.01c - Peasant Farmer Pants & Hat 2.1 (comp. v01)/char_a_p3/5hat/char_a_p3_5hat_pfht_v03.png,character-base/layers/5hat-hat/pfht-peasant-hat/char_a_p3_5hat_pfht_v03.png
move,20.01c - Peasant Farmer Pants & Hat 2.1 (comp. v01)/char_a_p3/5hat/char_a_p3_5hat_pfht_v04.png,character-base/layers/5hat-hat/pfht-peasant-hat/char_a_p3_5hat_pfht_v04.png
move,20.01c - Peasant Farmer Pants & Hat 2.1 (comp. v01)/char_a_p3/5hat/char_a_p3_5hat_pfht_v05.png,character-base/layers/5hat-hat/pfht-peasant-hat/char_a_p3_5hat_pfht_v05.png
move,20.01c - Peasant Farmer Pants & Hat 2.1 (comp. v01)/char_a_p4/1out/char_a_p4_1out_pfpn_v01.png,character-base/layers/1out-outfit/pfpn-peasant-farmer-pants/char_a_p4_1out_pfpn_v01.png
move,20.01c - Peasant Farmer Pants & Hat 2.1 (comp. v01)/char_a_p4/1out/char_a_p4_1out_pfpn_v02.png,character-base/layers/1out-outfit/pfpn-peasant-farmer-pants/char_a_p4_1out_pfpn_v02.png
move,20.01c - Peasant Farmer Pants & Hat 2.1 (comp. v01)/char_a_p4/1out/char_a_p4_1out_pfpn_v03.png,character-base/layers/1out-outfit/pfpn-peasant-farmer-pants/char_a_p4_1out_pfpn_v03.png
move,20.01c - Peasant Farmer Pants & Hat 2.1 (comp. v01)/char_a_p4/1out/char_a_p4_1out_pfpn_v04.png,character-base/layers/1out-outfit/pfpn-peasant-farmer-pants/char_a_p4_1out_pfpn_v04.png
move,20.01c - Peasant Farmer Pants & Hat 2.1 (comp. v01)/char_a_p4/1out/char_a_p4_1out_pfpn_v05.png,character-base/layers/1out-outfit/pfpn-peasant-farmer-pants/char_a_p4_1out_pfpn_v05.png
move,20.01c - Peasant Farmer Pants & Hat 2.1 (comp. v01)/char_a_p4/5hat/char_a_p4_5hat_pfht_v01.png,character-base/layers/5hat-hat/pfht-peasant-hat/char_a_p4_5hat_pfht_v01.png
move,20.01c - Peasant Farmer Pants & Hat 2.1 (comp. v01)/char_a_p4/5hat/char_a_p4_5hat_pfht_v02.png,character-base/layers/5hat-hat/pfht-peasant-hat/char_a_p4_5hat_pfht_v02.png
move,20.01c - Peasant Farmer Pants & Hat 2.1 (comp. v01)/char_a_p4/5hat/char_a_p4_5hat_pfht_v03.png,character-base/layers/5hat-hat/pfht-peasant-hat/char_a_p4_5hat_pfht_v03.png
move,20.01c - Peasant Farmer Pants & Hat 2.1 (comp. v01)/char_a_p4/5hat/char_a_p4_5hat_pfht_v04.png,character-base/layers/5hat-hat/pfht-peasant-hat/char_a_p4_5hat_pfht_v04.png
move,20.01c - Peasant Farmer Pants & Hat 2.1 (comp. v01)/char_a_p4/5hat/char_a_p4_5hat_pfht_v05.png,character-base/layers/5hat-hat/pfht-peasant-hat/char_a_p4_5hat_pfht_v05.png
move,20.01c - Peasant Farmer Pants & Hat 2.1 (comp. v01)/char_a_p2/1out/char_a_p2_1out_pfpn_v01.png,character-base/layers/1out-outfit/pfpn-peasant-farmer-pants/char_a_p2_1out_pfpn_v01.png
move,20.01c - Peasant Farmer Pants & Hat 2.1 (comp. v01)/char_a_p2/1out/char_a_p2_1out_pfpn_v02.png,character-base/layers/1out-outfit/pfpn-peasant-farmer-pants/char_a_p2_1out_pfpn_v02.png
move,20.01c - Peasant Farmer Pants & Hat 2.1 (comp. v01)/char_a_p2/1out/char_a_p2_1out_pfpn_v03.png,character-base/layers/1out-outfit/pfpn-peasant-farmer-pants/char_a_p2_1out_pfpn_v03.png
move,20.01c - Peasant Farmer Pants & Hat 2.1 (comp. v01)/char_a_p2/1out/char_a_p2_1out_pfpn_v04.png,character-base/layers/1out-outfit/pfpn-peasant-farmer-pants/char_a_p2_1out_pfpn_v04.png
move,20.01c - Peasant Farmer Pants & Hat 2.1 (comp. v01)/char_a_p2/1out/char_a_p2_1out_pfpn_v05.png,character-base/layers/1out-outfit/pfpn-peasant-farmer-pants/char_a_p2_1out_pfpn_v05.png
move,20.01c - Peasant Farmer Pants & Hat 2.1 (comp. v01)/char_a_p2/5hat/char_a_p2_5hat_pfht_v01.png,character-base/layers/5hat-hat/pfht-peasant-hat/char_a_p2_5hat_pfht_v01.png
move,20.01c - Peasant Farmer Pants & Hat 2.1 (comp. v01)/char_a_p2/5hat/char_a_p2_5hat_pfht_v02.png,character-base/layers/5hat-hat/pfht-peasant-hat/char_a_p2_5hat_pfht_v02.png
move,20.01c - Peasant Farmer Pants & Hat 2.1 (comp. v01)/char_a_p2/5hat/char_a_p2_5hat_pfht_v03.png,character-base/layers/5hat-hat/pfht-peasant-hat/char_a_p2_5hat_pfht_v03.png
move,20.01c - Peasant Farmer Pants & Hat 2.1 (comp. v01)/char_a_p2/5hat/char_a_p2_5hat_pfht_v04.png,character-base/layers/5hat-hat/pfht-peasant-hat/char_a_p2_5hat_pfht_v04.png
move,20.01c - Peasant Farmer Pants & Hat 2.1 (comp. v01)/char_a_p2/5hat/char_a_p2_5hat_pfht_v05.png,character-base/layers/5hat-hat/pfht-peasant-hat/char_a_p2_5hat_pfht_v05.png
move,20.01c - Peasant Farmer Pants & Hat 2.1 (comp. v01)/char_a_p1/1out/char_a_p1_1out_pfpn_v01.png,character-base/layers/1out-outfit/pfpn-peasant-farmer-pants/char_a_p1_1out_pfpn_v01.png
move,20.01c - Peasant Farmer Pants & Hat 2.1 (comp. v01)/char_a_p1/1out/char_a_p1_1out_pfpn_v02.png,character-base/layers/1out-outfit/pfpn-peasant-farmer-pants/char_a_p1_1out_pfpn_v02.png
move,20.01c - Peasant Farmer Pants & Hat 2.1 (comp. v01)/char_a_p1/1out/char_a_p1_1out_pfpn_v03.png,character-base/layers/1out-outfit/pfpn-peasant-farmer-pants/char_a_p1_1out_pfpn_v03.png
move,20.01c - Peasant Farmer Pants & Hat 2.1 (comp. v01)/char_a_p1/1out/char_a_p1_1out_pfpn_v04.png,character-base/layers/1out-outfit/pfpn-peasant-farmer-pants/char_a_p1_1out_pfpn_v04.png
move,20.01c - Peasant Farmer Pants & Hat 2.1 (comp. v01)/char_a_p1/1out/char_a_p1_1out_pfpn_v05.png,character-base/layers/1out-outfit/pfpn-peasant-farmer-pants/char_a_p1_1out_pfpn_v05.png
move,20.01c - Peasant Farmer Pants & Hat 2.1 (comp. v01)/char_a_p1/5hat/char_a_p1_5hat_pfht_v01.png,character-base/layers/5hat-hat/pfht-peasant-hat/char_a_p1_5hat_pfht_v01.png
move,20.01c - Peasant Farmer Pants & Hat 2.1 (comp. v01)/char_a_p1/5hat/char_a_p1_5hat_pfht_v02.png,character-base/layers/5hat-hat/pfht-peasant-hat/char_a_p1_5hat_pfht_v02.png
move,20.01c - Peasant Farmer Pants & Hat 2.1 (comp. v01)/char_a_p1/5hat/char_a_p1_5hat_pfht_v03.png,character-base/layers/5hat-hat/pfht-peasant-hat/char_a_p1_5hat_pfht_v03.png
move,20.01c - Peasant Farmer Pants & Hat 2.1 (comp. v01)/char_a_p1/5hat/char_a_p1_5hat_pfht_v04.png,character-base/layers/5hat-hat/pfht-peasant-hat/char_a_p1_5hat_pfht_v04.png
move,20.01c - Peasant Farmer Pants & Hat 2.1 (comp. v01)/char_a_p1/5hat/char_a_p1_5hat_pfht_v05.png,character-base/layers/5hat-hat/pfht-peasant-hat/char_a_p1_5hat_pfht_v05.png
move,20.05d - Cloak & Hood 1.3 (comp. v01)/stacking layers.txt,character-base/guides/stacking layers (cloak & hood).txt
move,20.05d - Cloak & Hood 1.3 (comp. v01)/optional files (unsupported)/char_a_p1C/2clo/char_a_p1C_2clo_lnpl_v01.png,character-base/layers/2clo-cloak/lnpl-long-cloak/char_a_p1C_2clo_lnpl_v01.png
move,20.05d - Cloak & Hood 1.3 (comp. v01)/optional files (unsupported)/char_a_p1C/2clo/char_a_p1C_2clo_lnpl_v02.png,character-base/layers/2clo-cloak/lnpl-long-cloak/char_a_p1C_2clo_lnpl_v02.png
move,20.05d - Cloak & Hood 1.3 (comp. v01)/optional files (unsupported)/char_a_p1C/2clo/char_a_p1C_2clo_lnpl_v03.png,character-base/layers/2clo-cloak/lnpl-long-cloak/char_a_p1C_2clo_lnpl_v03.png
move,20.05d - Cloak & Hood 1.3 (comp. v01)/optional files (unsupported)/char_a_p1C/2clo/char_a_p1C_2clo_lnpl_v04.png,character-base/layers/2clo-cloak/lnpl-long-cloak/char_a_p1C_2clo_lnpl_v04.png
move,20.05d - Cloak & Hood 1.3 (comp. v01)/optional files (unsupported)/char_a_p1C/2clo/char_a_p1C_2clo_lnpl_v05.png,character-base/layers/2clo-cloak/lnpl-long-cloak/char_a_p1C_2clo_lnpl_v05.png
move,20.05d - Cloak & Hood 1.3 (comp. v01)/optional files (unsupported)/char_a_p1C/2clo/char_a_p1C_2clo_lnpl_v06.png,character-base/layers/2clo-cloak/lnpl-long-cloak/char_a_p1C_2clo_lnpl_v06.png
move,20.05d - Cloak & Hood 1.3 (comp. v01)/optional files (unsupported)/char_a_p1C/2clo/char_a_p1C_2clo_lnpl_v07.png,character-base/layers/2clo-cloak/lnpl-long-cloak/char_a_p1C_2clo_lnpl_v07.png
move,20.05d - Cloak & Hood 1.3 (comp. v01)/optional files (unsupported)/char_a_p1C/2clo/char_a_p1C_2clo_lnpl_v08.png,character-base/layers/2clo-cloak/lnpl-long-cloak/char_a_p1C_2clo_lnpl_v08.png
move,20.05d - Cloak & Hood 1.3 (comp. v01)/optional files (unsupported)/char_a_p1C/2clo/char_a_p1C_2clo_lnpl_v09.png,character-base/layers/2clo-cloak/lnpl-long-cloak/char_a_p1C_2clo_lnpl_v09.png
move,20.05d - Cloak & Hood 1.3 (comp. v01)/optional files (unsupported)/char_a_p1C/2clo/char_a_p1C_2clo_lnpl_v10.png,character-base/layers/2clo-cloak/lnpl-long-cloak/char_a_p1C_2clo_lnpl_v10.png
move,20.05d - Cloak & Hood 1.3 (comp. v01)/optional files (unsupported)/char_a_p1C/2clo/char_a_p1C_2clo_mnpl_v01.png,character-base/layers/2clo-cloak/mnpl-mantle/char_a_p1C_2clo_mnpl_v01.png
move,20.05d - Cloak & Hood 1.3 (comp. v01)/optional files (unsupported)/char_a_p1C/2clo/char_a_p1C_2clo_mnpl_v02.png,character-base/layers/2clo-cloak/mnpl-mantle/char_a_p1C_2clo_mnpl_v02.png
move,20.05d - Cloak & Hood 1.3 (comp. v01)/optional files (unsupported)/char_a_p1C/2clo/char_a_p1C_2clo_mnpl_v03.png,character-base/layers/2clo-cloak/mnpl-mantle/char_a_p1C_2clo_mnpl_v03.png
move,20.05d - Cloak & Hood 1.3 (comp. v01)/optional files (unsupported)/char_a_p1C/2clo/char_a_p1C_2clo_mnpl_v04.png,character-base/layers/2clo-cloak/mnpl-mantle/char_a_p1C_2clo_mnpl_v04.png
move,20.05d - Cloak & Hood 1.3 (comp. v01)/optional files (unsupported)/char_a_p1C/2clo/char_a_p1C_2clo_mnpl_v05.png,character-base/layers/2clo-cloak/mnpl-mantle/char_a_p1C_2clo_mnpl_v05.png
move,20.05d - Cloak & Hood 1.3 (comp. v01)/optional files (unsupported)/char_a_p1C/2clo/char_a_p1C_2clo_mnpl_v06.png,character-base/layers/2clo-cloak/mnpl-mantle/char_a_p1C_2clo_mnpl_v06.png
move,20.05d - Cloak & Hood 1.3 (comp. v01)/optional files (unsupported)/char_a_p1C/2clo/char_a_p1C_2clo_mnpl_v07.png,character-base/layers/2clo-cloak/mnpl-mantle/char_a_p1C_2clo_mnpl_v07.png
move,20.05d - Cloak & Hood 1.3 (comp. v01)/optional files (unsupported)/char_a_p1C/2clo/char_a_p1C_2clo_mnpl_v08.png,character-base/layers/2clo-cloak/mnpl-mantle/char_a_p1C_2clo_mnpl_v08.png
move,20.05d - Cloak & Hood 1.3 (comp. v01)/optional files (unsupported)/char_a_p1C/2clo/char_a_p1C_2clo_mnpl_v09.png,character-base/layers/2clo-cloak/mnpl-mantle/char_a_p1C_2clo_mnpl_v09.png
move,20.05d - Cloak & Hood 1.3 (comp. v01)/optional files (unsupported)/char_a_p1C/2clo/char_a_p1C_2clo_mnpl_v10.png,character-base/layers/2clo-cloak/mnpl-mantle/char_a_p1C_2clo_mnpl_v10.png
move,20.05d - Cloak & Hood 1.3 (comp. v01)/optional files (unsupported)/char_a_p1C/5hat/char_a_p1C_5hat_hddn_v01.png,character-base/layers/5hat-hat/hddn-hood-down/char_a_p1C_5hat_hddn_v01.png
move,20.05d - Cloak & Hood 1.3 (comp. v01)/optional files (unsupported)/char_a_p1C/5hat/char_a_p1C_5hat_hddn_v02.png,character-base/layers/5hat-hat/hddn-hood-down/char_a_p1C_5hat_hddn_v02.png
move,20.05d - Cloak & Hood 1.3 (comp. v01)/optional files (unsupported)/char_a_p1C/5hat/char_a_p1C_5hat_hddn_v03.png,character-base/layers/5hat-hat/hddn-hood-down/char_a_p1C_5hat_hddn_v03.png
move,20.05d - Cloak & Hood 1.3 (comp. v01)/optional files (unsupported)/char_a_p1C/5hat/char_a_p1C_5hat_hddn_v04.png,character-base/layers/5hat-hat/hddn-hood-down/char_a_p1C_5hat_hddn_v04.png
move,20.05d - Cloak & Hood 1.3 (comp. v01)/optional files (unsupported)/char_a_p1C/5hat/char_a_p1C_5hat_hddn_v05.png,character-base/layers/5hat-hat/hddn-hood-down/char_a_p1C_5hat_hddn_v05.png
move,20.05d - Cloak & Hood 1.3 (comp. v01)/optional files (unsupported)/char_a_p1C/5hat/char_a_p1C_5hat_hddn_v06.png,character-base/layers/5hat-hat/hddn-hood-down/char_a_p1C_5hat_hddn_v06.png
move,20.05d - Cloak & Hood 1.3 (comp. v01)/optional files (unsupported)/char_a_p1C/5hat/char_a_p1C_5hat_hddn_v07.png,character-base/layers/5hat-hat/hddn-hood-down/char_a_p1C_5hat_hddn_v07.png
move,20.05d - Cloak & Hood 1.3 (comp. v01)/optional files (unsupported)/char_a_p1C/5hat/char_a_p1C_5hat_hddn_v08.png,character-base/layers/5hat-hat/hddn-hood-down/char_a_p1C_5hat_hddn_v08.png
move,20.05d - Cloak & Hood 1.3 (comp. v01)/optional files (unsupported)/char_a_p1C/5hat/char_a_p1C_5hat_hddn_v09.png,character-base/layers/5hat-hat/hddn-hood-down/char_a_p1C_5hat_hddn_v09.png
move,20.05d - Cloak & Hood 1.3 (comp. v01)/optional files (unsupported)/char_a_p1C/5hat/char_a_p1C_5hat_hddn_v10.png,character-base/layers/5hat-hat/hddn-hood-down/char_a_p1C_5hat_hddn_v10.png
move,20.05d - Cloak & Hood 1.3 (comp. v01)/optional files (unsupported)/char_a_p1C/5hat/char_a_p1C_5hat_hdpl_v01.png,character-base/layers/5hat-hat/hdpl-hood-up/char_a_p1C_5hat_hdpl_v01.png
move,20.05d - Cloak & Hood 1.3 (comp. v01)/optional files (unsupported)/char_a_p1C/5hat/char_a_p1C_5hat_hdpl_v02.png,character-base/layers/5hat-hat/hdpl-hood-up/char_a_p1C_5hat_hdpl_v02.png
move,20.05d - Cloak & Hood 1.3 (comp. v01)/optional files (unsupported)/char_a_p1C/5hat/char_a_p1C_5hat_hdpl_v03.png,character-base/layers/5hat-hat/hdpl-hood-up/char_a_p1C_5hat_hdpl_v03.png
move,20.05d - Cloak & Hood 1.3 (comp. v01)/optional files (unsupported)/char_a_p1C/5hat/char_a_p1C_5hat_hdpl_v04.png,character-base/layers/5hat-hat/hdpl-hood-up/char_a_p1C_5hat_hdpl_v04.png
move,20.05d - Cloak & Hood 1.3 (comp. v01)/optional files (unsupported)/char_a_p1C/5hat/char_a_p1C_5hat_hdpl_v05.png,character-base/layers/5hat-hat/hdpl-hood-up/char_a_p1C_5hat_hdpl_v05.png
move,20.05d - Cloak & Hood 1.3 (comp. v01)/optional files (unsupported)/char_a_p1C/5hat/char_a_p1C_5hat_hdpl_v06.png,character-base/layers/5hat-hat/hdpl-hood-up/char_a_p1C_5hat_hdpl_v06.png
move,20.05d - Cloak & Hood 1.3 (comp. v01)/optional files (unsupported)/char_a_p1C/5hat/char_a_p1C_5hat_hdpl_v07.png,character-base/layers/5hat-hat/hdpl-hood-up/char_a_p1C_5hat_hdpl_v07.png
move,20.05d - Cloak & Hood 1.3 (comp. v01)/optional files (unsupported)/char_a_p1C/5hat/char_a_p1C_5hat_hdpl_v08.png,character-base/layers/5hat-hat/hdpl-hood-up/char_a_p1C_5hat_hdpl_v08.png
move,20.05d - Cloak & Hood 1.3 (comp. v01)/optional files (unsupported)/char_a_p1C/5hat/char_a_p1C_5hat_hdpl_v09.png,character-base/layers/5hat-hat/hdpl-hood-up/char_a_p1C_5hat_hdpl_v09.png
move,20.05d - Cloak & Hood 1.3 (comp. v01)/optional files (unsupported)/char_a_p1C/5hat/char_a_p1C_5hat_hdpl_v10.png,character-base/layers/5hat-hat/hdpl-hood-up/char_a_p1C_5hat_hdpl_v10.png
move,20.05d - Cloak & Hood 1.3 (comp. v01)/optional files (unsupported)/char_a_p1C/0bot/char_a_p1C_0bot_lnpl_v01.png,character-base/layers/0bot-behind-character/lnpl-long-cloak-back/char_a_p1C_0bot_lnpl_v01.png
move,20.05d - Cloak & Hood 1.3 (comp. v01)/optional files (unsupported)/char_a_p1C/0bot/char_a_p1C_0bot_lnpl_v02.png,character-base/layers/0bot-behind-character/lnpl-long-cloak-back/char_a_p1C_0bot_lnpl_v02.png
move,20.05d - Cloak & Hood 1.3 (comp. v01)/optional files (unsupported)/char_a_p1C/0bot/char_a_p1C_0bot_lnpl_v03.png,character-base/layers/0bot-behind-character/lnpl-long-cloak-back/char_a_p1C_0bot_lnpl_v03.png
move,20.05d - Cloak & Hood 1.3 (comp. v01)/optional files (unsupported)/char_a_p1C/0bot/char_a_p1C_0bot_lnpl_v04.png,character-base/layers/0bot-behind-character/lnpl-long-cloak-back/char_a_p1C_0bot_lnpl_v04.png
move,20.05d - Cloak & Hood 1.3 (comp. v01)/optional files (unsupported)/char_a_p1C/0bot/char_a_p1C_0bot_lnpl_v05.png,character-base/layers/0bot-behind-character/lnpl-long-cloak-back/char_a_p1C_0bot_lnpl_v05.png
move,20.05d - Cloak & Hood 1.3 (comp. v01)/optional files (unsupported)/char_a_p1C/0bot/char_a_p1C_0bot_lnpl_v06.png,character-base/layers/0bot-behind-character/lnpl-long-cloak-back/char_a_p1C_0bot_lnpl_v06.png
move,20.05d - Cloak & Hood 1.3 (comp. v01)/optional files (unsupported)/char_a_p1C/0bot/char_a_p1C_0bot_lnpl_v07.png,character-base/layers/0bot-behind-character/lnpl-long-cloak-back/char_a_p1C_0bot_lnpl_v07.png
move,20.05d - Cloak & Hood 1.3 (comp. v01)/optional files (unsupported)/char_a_p1C/0bot/char_a_p1C_0bot_lnpl_v08.png,character-base/layers/0bot-behind-character/lnpl-long-cloak-back/char_a_p1C_0bot_lnpl_v08.png
move,20.05d - Cloak & Hood 1.3 (comp. v01)/optional files (unsupported)/char_a_p1C/0bot/char_a_p1C_0bot_lnpl_v09.png,character-base/layers/0bot-behind-character/lnpl-long-cloak-back/char_a_p1C_0bot_lnpl_v09.png
move,20.05d - Cloak & Hood 1.3 (comp. v01)/optional files (unsupported)/char_a_p1C/0bot/char_a_p1C_0bot_lnpl_v10.png,character-base/layers/0bot-behind-character/lnpl-long-cloak-back/char_a_p1C_0bot_lnpl_v10.png
move,20.05d - Cloak & Hood 1.3 (comp. v01)/optional files (unsupported)/char_a_p1B/2clo/char_a_p1B_2clo_lnpl_v01.png,character-base/layers/2clo-cloak/lnpl-long-cloak/char_a_p1B_2clo_lnpl_v01.png
move,20.05d - Cloak & Hood 1.3 (comp. v01)/optional files (unsupported)/char_a_p1B/2clo/char_a_p1B_2clo_lnpl_v02.png,character-base/layers/2clo-cloak/lnpl-long-cloak/char_a_p1B_2clo_lnpl_v02.png
move,20.05d - Cloak & Hood 1.3 (comp. v01)/optional files (unsupported)/char_a_p1B/2clo/char_a_p1B_2clo_lnpl_v03.png,character-base/layers/2clo-cloak/lnpl-long-cloak/char_a_p1B_2clo_lnpl_v03.png
move,20.05d - Cloak & Hood 1.3 (comp. v01)/optional files (unsupported)/char_a_p1B/2clo/char_a_p1B_2clo_lnpl_v04.png,character-base/layers/2clo-cloak/lnpl-long-cloak/char_a_p1B_2clo_lnpl_v04.png
move,20.05d - Cloak & Hood 1.3 (comp. v01)/optional files (unsupported)/char_a_p1B/2clo/char_a_p1B_2clo_lnpl_v05.png,character-base/layers/2clo-cloak/lnpl-long-cloak/char_a_p1B_2clo_lnpl_v05.png
move,20.05d - Cloak & Hood 1.3 (comp. v01)/optional files (unsupported)/char_a_p1B/2clo/char_a_p1B_2clo_lnpl_v06.png,character-base/layers/2clo-cloak/lnpl-long-cloak/char_a_p1B_2clo_lnpl_v06.png
move,20.05d - Cloak & Hood 1.3 (comp. v01)/optional files (unsupported)/char_a_p1B/2clo/char_a_p1B_2clo_lnpl_v07.png,character-base/layers/2clo-cloak/lnpl-long-cloak/char_a_p1B_2clo_lnpl_v07.png
move,20.05d - Cloak & Hood 1.3 (comp. v01)/optional files (unsupported)/char_a_p1B/2clo/char_a_p1B_2clo_lnpl_v08.png,character-base/layers/2clo-cloak/lnpl-long-cloak/char_a_p1B_2clo_lnpl_v08.png
move,20.05d - Cloak & Hood 1.3 (comp. v01)/optional files (unsupported)/char_a_p1B/2clo/char_a_p1B_2clo_lnpl_v09.png,character-base/layers/2clo-cloak/lnpl-long-cloak/char_a_p1B_2clo_lnpl_v09.png
move,20.05d - Cloak & Hood 1.3 (comp. v01)/optional files (unsupported)/char_a_p1B/2clo/char_a_p1B_2clo_lnpl_v10.png,character-base/layers/2clo-cloak/lnpl-long-cloak/char_a_p1B_2clo_lnpl_v10.png
move,20.05d - Cloak & Hood 1.3 (comp. v01)/optional files (unsupported)/char_a_p1B/2clo/char_a_p1B_2clo_mnpl_v01.png,character-base/layers/2clo-cloak/mnpl-mantle/char_a_p1B_2clo_mnpl_v01.png
move,20.05d - Cloak & Hood 1.3 (comp. v01)/optional files (unsupported)/char_a_p1B/2clo/char_a_p1B_2clo_mnpl_v02.png,character-base/layers/2clo-cloak/mnpl-mantle/char_a_p1B_2clo_mnpl_v02.png
move,20.05d - Cloak & Hood 1.3 (comp. v01)/optional files (unsupported)/char_a_p1B/2clo/char_a_p1B_2clo_mnpl_v03.png,character-base/layers/2clo-cloak/mnpl-mantle/char_a_p1B_2clo_mnpl_v03.png
move,20.05d - Cloak & Hood 1.3 (comp. v01)/optional files (unsupported)/char_a_p1B/2clo/char_a_p1B_2clo_mnpl_v04.png,character-base/layers/2clo-cloak/mnpl-mantle/char_a_p1B_2clo_mnpl_v04.png
move,20.05d - Cloak & Hood 1.3 (comp. v01)/optional files (unsupported)/char_a_p1B/2clo/char_a_p1B_2clo_mnpl_v05.png,character-base/layers/2clo-cloak/mnpl-mantle/char_a_p1B_2clo_mnpl_v05.png
move,20.05d - Cloak & Hood 1.3 (comp. v01)/optional files (unsupported)/char_a_p1B/2clo/char_a_p1B_2clo_mnpl_v06.png,character-base/layers/2clo-cloak/mnpl-mantle/char_a_p1B_2clo_mnpl_v06.png
move,20.05d - Cloak & Hood 1.3 (comp. v01)/optional files (unsupported)/char_a_p1B/2clo/char_a_p1B_2clo_mnpl_v07.png,character-base/layers/2clo-cloak/mnpl-mantle/char_a_p1B_2clo_mnpl_v07.png
move,20.05d - Cloak & Hood 1.3 (comp. v01)/optional files (unsupported)/char_a_p1B/2clo/char_a_p1B_2clo_mnpl_v08.png,character-base/layers/2clo-cloak/mnpl-mantle/char_a_p1B_2clo_mnpl_v08.png
move,20.05d - Cloak & Hood 1.3 (comp. v01)/optional files (unsupported)/char_a_p1B/2clo/char_a_p1B_2clo_mnpl_v09.png,character-base/layers/2clo-cloak/mnpl-mantle/char_a_p1B_2clo_mnpl_v09.png
move,20.05d - Cloak & Hood 1.3 (comp. v01)/optional files (unsupported)/char_a_p1B/2clo/char_a_p1B_2clo_mnpl_v10.png,character-base/layers/2clo-cloak/mnpl-mantle/char_a_p1B_2clo_mnpl_v10.png
move,20.05d - Cloak & Hood 1.3 (comp. v01)/optional files (unsupported)/char_a_p1B/5hat/char_a_p1B_5hat_hddn_v01.png,character-base/layers/5hat-hat/hddn-hood-down/char_a_p1B_5hat_hddn_v01.png
move,20.05d - Cloak & Hood 1.3 (comp. v01)/optional files (unsupported)/char_a_p1B/5hat/char_a_p1B_5hat_hddn_v02.png,character-base/layers/5hat-hat/hddn-hood-down/char_a_p1B_5hat_hddn_v02.png
move,20.05d - Cloak & Hood 1.3 (comp. v01)/optional files (unsupported)/char_a_p1B/5hat/char_a_p1B_5hat_hddn_v03.png,character-base/layers/5hat-hat/hddn-hood-down/char_a_p1B_5hat_hddn_v03.png
move,20.05d - Cloak & Hood 1.3 (comp. v01)/optional files (unsupported)/char_a_p1B/5hat/char_a_p1B_5hat_hddn_v04.png,character-base/layers/5hat-hat/hddn-hood-down/char_a_p1B_5hat_hddn_v04.png
move,20.05d - Cloak & Hood 1.3 (comp. v01)/optional files (unsupported)/char_a_p1B/5hat/char_a_p1B_5hat_hddn_v05.png,character-base/layers/5hat-hat/hddn-hood-down/char_a_p1B_5hat_hddn_v05.png
move,20.05d - Cloak & Hood 1.3 (comp. v01)/optional files (unsupported)/char_a_p1B/5hat/char_a_p1B_5hat_hddn_v06.png,character-base/layers/5hat-hat/hddn-hood-down/char_a_p1B_5hat_hddn_v06.png
move,20.05d - Cloak & Hood 1.3 (comp. v01)/optional files (unsupported)/char_a_p1B/5hat/char_a_p1B_5hat_hddn_v07.png,character-base/layers/5hat-hat/hddn-hood-down/char_a_p1B_5hat_hddn_v07.png
move,20.05d - Cloak & Hood 1.3 (comp. v01)/optional files (unsupported)/char_a_p1B/5hat/char_a_p1B_5hat_hddn_v08.png,character-base/layers/5hat-hat/hddn-hood-down/char_a_p1B_5hat_hddn_v08.png
move,20.05d - Cloak & Hood 1.3 (comp. v01)/optional files (unsupported)/char_a_p1B/5hat/char_a_p1B_5hat_hddn_v09.png,character-base/layers/5hat-hat/hddn-hood-down/char_a_p1B_5hat_hddn_v09.png
move,20.05d - Cloak & Hood 1.3 (comp. v01)/optional files (unsupported)/char_a_p1B/5hat/char_a_p1B_5hat_hddn_v10.png,character-base/layers/5hat-hat/hddn-hood-down/char_a_p1B_5hat_hddn_v10.png
move,20.05d - Cloak & Hood 1.3 (comp. v01)/optional files (unsupported)/char_a_p1B/5hat/char_a_p1B_5hat_hdpl_v01.png,character-base/layers/5hat-hat/hdpl-hood-up/char_a_p1B_5hat_hdpl_v01.png
move,20.05d - Cloak & Hood 1.3 (comp. v01)/optional files (unsupported)/char_a_p1B/5hat/char_a_p1B_5hat_hdpl_v02.png,character-base/layers/5hat-hat/hdpl-hood-up/char_a_p1B_5hat_hdpl_v02.png
move,20.05d - Cloak & Hood 1.3 (comp. v01)/optional files (unsupported)/char_a_p1B/5hat/char_a_p1B_5hat_hdpl_v03.png,character-base/layers/5hat-hat/hdpl-hood-up/char_a_p1B_5hat_hdpl_v03.png
move,20.05d - Cloak & Hood 1.3 (comp. v01)/optional files (unsupported)/char_a_p1B/5hat/char_a_p1B_5hat_hdpl_v04.png,character-base/layers/5hat-hat/hdpl-hood-up/char_a_p1B_5hat_hdpl_v04.png
move,20.05d - Cloak & Hood 1.3 (comp. v01)/optional files (unsupported)/char_a_p1B/5hat/char_a_p1B_5hat_hdpl_v05.png,character-base/layers/5hat-hat/hdpl-hood-up/char_a_p1B_5hat_hdpl_v05.png
move,20.05d - Cloak & Hood 1.3 (comp. v01)/optional files (unsupported)/char_a_p1B/5hat/char_a_p1B_5hat_hdpl_v06.png,character-base/layers/5hat-hat/hdpl-hood-up/char_a_p1B_5hat_hdpl_v06.png
move,20.05d - Cloak & Hood 1.3 (comp. v01)/optional files (unsupported)/char_a_p1B/5hat/char_a_p1B_5hat_hdpl_v07.png,character-base/layers/5hat-hat/hdpl-hood-up/char_a_p1B_5hat_hdpl_v07.png
move,20.05d - Cloak & Hood 1.3 (comp. v01)/optional files (unsupported)/char_a_p1B/5hat/char_a_p1B_5hat_hdpl_v08.png,character-base/layers/5hat-hat/hdpl-hood-up/char_a_p1B_5hat_hdpl_v08.png
move,20.05d - Cloak & Hood 1.3 (comp. v01)/optional files (unsupported)/char_a_p1B/5hat/char_a_p1B_5hat_hdpl_v09.png,character-base/layers/5hat-hat/hdpl-hood-up/char_a_p1B_5hat_hdpl_v09.png
move,20.05d - Cloak & Hood 1.3 (comp. v01)/optional files (unsupported)/char_a_p1B/5hat/char_a_p1B_5hat_hdpl_v10.png,character-base/layers/5hat-hat/hdpl-hood-up/char_a_p1B_5hat_hdpl_v10.png
move,20.05d - Cloak & Hood 1.3 (comp. v01)/optional files (unsupported)/char_a_p1B/0bot/char_a_p1B_0bot_lnpl_v01.png,character-base/layers/0bot-behind-character/lnpl-long-cloak-back/char_a_p1B_0bot_lnpl_v01.png
move,20.05d - Cloak & Hood 1.3 (comp. v01)/optional files (unsupported)/char_a_p1B/0bot/char_a_p1B_0bot_lnpl_v02.png,character-base/layers/0bot-behind-character/lnpl-long-cloak-back/char_a_p1B_0bot_lnpl_v02.png
move,20.05d - Cloak & Hood 1.3 (comp. v01)/optional files (unsupported)/char_a_p1B/0bot/char_a_p1B_0bot_lnpl_v03.png,character-base/layers/0bot-behind-character/lnpl-long-cloak-back/char_a_p1B_0bot_lnpl_v03.png
move,20.05d - Cloak & Hood 1.3 (comp. v01)/optional files (unsupported)/char_a_p1B/0bot/char_a_p1B_0bot_lnpl_v04.png,character-base/layers/0bot-behind-character/lnpl-long-cloak-back/char_a_p1B_0bot_lnpl_v04.png
move,20.05d - Cloak & Hood 1.3 (comp. v01)/optional files (unsupported)/char_a_p1B/0bot/char_a_p1B_0bot_lnpl_v05.png,character-base/layers/0bot-behind-character/lnpl-long-cloak-back/char_a_p1B_0bot_lnpl_v05.png
move,20.05d - Cloak & Hood 1.3 (comp. v01)/optional files (unsupported)/char_a_p1B/0bot/char_a_p1B_0bot_lnpl_v06.png,character-base/layers/0bot-behind-character/lnpl-long-cloak-back/char_a_p1B_0bot_lnpl_v06.png
move,20.05d - Cloak & Hood 1.3 (comp. v01)/optional files (unsupported)/char_a_p1B/0bot/char_a_p1B_0bot_lnpl_v07.png,character-base/layers/0bot-behind-character/lnpl-long-cloak-back/char_a_p1B_0bot_lnpl_v07.png
move,20.05d - Cloak & Hood 1.3 (comp. v01)/optional files (unsupported)/char_a_p1B/0bot/char_a_p1B_0bot_lnpl_v08.png,character-base/layers/0bot-behind-character/lnpl-long-cloak-back/char_a_p1B_0bot_lnpl_v08.png
move,20.05d - Cloak & Hood 1.3 (comp. v01)/optional files (unsupported)/char_a_p1B/0bot/char_a_p1B_0bot_lnpl_v09.png,character-base/layers/0bot-behind-character/lnpl-long-cloak-back/char_a_p1B_0bot_lnpl_v09.png
move,20.05d - Cloak & Hood 1.3 (comp. v01)/optional files (unsupported)/char_a_p1B/0bot/char_a_p1B_0bot_lnpl_v10.png,character-base/layers/0bot-behind-character/lnpl-long-cloak-back/char_a_p1B_0bot_lnpl_v10.png
move,20.05d - Cloak & Hood 1.3 (comp. v01)/char_a_p3/2clo/char_a_p3_2clo_lnpl_v01.png,character-base/layers/2clo-cloak/lnpl-long-cloak/char_a_p3_2clo_lnpl_v01.png
move,20.05d - Cloak & Hood 1.3 (comp. v01)/char_a_p3/2clo/char_a_p3_2clo_lnpl_v02.png,character-base/layers/2clo-cloak/lnpl-long-cloak/char_a_p3_2clo_lnpl_v02.png
move,20.05d - Cloak & Hood 1.3 (comp. v01)/char_a_p3/2clo/char_a_p3_2clo_lnpl_v03.png,character-base/layers/2clo-cloak/lnpl-long-cloak/char_a_p3_2clo_lnpl_v03.png
move,20.05d - Cloak & Hood 1.3 (comp. v01)/char_a_p3/2clo/char_a_p3_2clo_lnpl_v04.png,character-base/layers/2clo-cloak/lnpl-long-cloak/char_a_p3_2clo_lnpl_v04.png
move,20.05d - Cloak & Hood 1.3 (comp. v01)/char_a_p3/2clo/char_a_p3_2clo_lnpl_v05.png,character-base/layers/2clo-cloak/lnpl-long-cloak/char_a_p3_2clo_lnpl_v05.png
move,20.05d - Cloak & Hood 1.3 (comp. v01)/char_a_p3/2clo/char_a_p3_2clo_lnpl_v06.png,character-base/layers/2clo-cloak/lnpl-long-cloak/char_a_p3_2clo_lnpl_v06.png
move,20.05d - Cloak & Hood 1.3 (comp. v01)/char_a_p3/2clo/char_a_p3_2clo_lnpl_v07.png,character-base/layers/2clo-cloak/lnpl-long-cloak/char_a_p3_2clo_lnpl_v07.png
move,20.05d - Cloak & Hood 1.3 (comp. v01)/char_a_p3/2clo/char_a_p3_2clo_lnpl_v08.png,character-base/layers/2clo-cloak/lnpl-long-cloak/char_a_p3_2clo_lnpl_v08.png
move,20.05d - Cloak & Hood 1.3 (comp. v01)/char_a_p3/2clo/char_a_p3_2clo_lnpl_v09.png,character-base/layers/2clo-cloak/lnpl-long-cloak/char_a_p3_2clo_lnpl_v09.png
move,20.05d - Cloak & Hood 1.3 (comp. v01)/char_a_p3/2clo/char_a_p3_2clo_lnpl_v10.png,character-base/layers/2clo-cloak/lnpl-long-cloak/char_a_p3_2clo_lnpl_v10.png
move,20.05d - Cloak & Hood 1.3 (comp. v01)/char_a_p3/2clo/char_a_p3_2clo_mnpl_v01.png,character-base/layers/2clo-cloak/mnpl-mantle/char_a_p3_2clo_mnpl_v01.png
move,20.05d - Cloak & Hood 1.3 (comp. v01)/char_a_p3/2clo/char_a_p3_2clo_mnpl_v02.png,character-base/layers/2clo-cloak/mnpl-mantle/char_a_p3_2clo_mnpl_v02.png
move,20.05d - Cloak & Hood 1.3 (comp. v01)/char_a_p3/2clo/char_a_p3_2clo_mnpl_v03.png,character-base/layers/2clo-cloak/mnpl-mantle/char_a_p3_2clo_mnpl_v03.png
move,20.05d - Cloak & Hood 1.3 (comp. v01)/char_a_p3/2clo/char_a_p3_2clo_mnpl_v04.png,character-base/layers/2clo-cloak/mnpl-mantle/char_a_p3_2clo_mnpl_v04.png
move,20.05d - Cloak & Hood 1.3 (comp. v01)/char_a_p3/2clo/char_a_p3_2clo_mnpl_v05.png,character-base/layers/2clo-cloak/mnpl-mantle/char_a_p3_2clo_mnpl_v05.png
move,20.05d - Cloak & Hood 1.3 (comp. v01)/char_a_p3/2clo/char_a_p3_2clo_mnpl_v06.png,character-base/layers/2clo-cloak/mnpl-mantle/char_a_p3_2clo_mnpl_v06.png
move,20.05d - Cloak & Hood 1.3 (comp. v01)/char_a_p3/2clo/char_a_p3_2clo_mnpl_v07.png,character-base/layers/2clo-cloak/mnpl-mantle/char_a_p3_2clo_mnpl_v07.png
move,20.05d - Cloak & Hood 1.3 (comp. v01)/char_a_p3/2clo/char_a_p3_2clo_mnpl_v08.png,character-base/layers/2clo-cloak/mnpl-mantle/char_a_p3_2clo_mnpl_v08.png
move,20.05d - Cloak & Hood 1.3 (comp. v01)/char_a_p3/2clo/char_a_p3_2clo_mnpl_v09.png,character-base/layers/2clo-cloak/mnpl-mantle/char_a_p3_2clo_mnpl_v09.png
move,20.05d - Cloak & Hood 1.3 (comp. v01)/char_a_p3/2clo/char_a_p3_2clo_mnpl_v10.png,character-base/layers/2clo-cloak/mnpl-mantle/char_a_p3_2clo_mnpl_v10.png
move,20.05d - Cloak & Hood 1.3 (comp. v01)/char_a_p3/5hat/char_a_p3_5hat_hddn_v01.png,character-base/layers/5hat-hat/hddn-hood-down/char_a_p3_5hat_hddn_v01.png
move,20.05d - Cloak & Hood 1.3 (comp. v01)/char_a_p3/5hat/char_a_p3_5hat_hddn_v02.png,character-base/layers/5hat-hat/hddn-hood-down/char_a_p3_5hat_hddn_v02.png
move,20.05d - Cloak & Hood 1.3 (comp. v01)/char_a_p3/5hat/char_a_p3_5hat_hddn_v03.png,character-base/layers/5hat-hat/hddn-hood-down/char_a_p3_5hat_hddn_v03.png
move,20.05d - Cloak & Hood 1.3 (comp. v01)/char_a_p3/5hat/char_a_p3_5hat_hddn_v04.png,character-base/layers/5hat-hat/hddn-hood-down/char_a_p3_5hat_hddn_v04.png
move,20.05d - Cloak & Hood 1.3 (comp. v01)/char_a_p3/5hat/char_a_p3_5hat_hddn_v05.png,character-base/layers/5hat-hat/hddn-hood-down/char_a_p3_5hat_hddn_v05.png
move,20.05d - Cloak & Hood 1.3 (comp. v01)/char_a_p3/5hat/char_a_p3_5hat_hddn_v06.png,character-base/layers/5hat-hat/hddn-hood-down/char_a_p3_5hat_hddn_v06.png
move,20.05d - Cloak & Hood 1.3 (comp. v01)/char_a_p3/5hat/char_a_p3_5hat_hddn_v07.png,character-base/layers/5hat-hat/hddn-hood-down/char_a_p3_5hat_hddn_v07.png
move,20.05d - Cloak & Hood 1.3 (comp. v01)/char_a_p3/5hat/char_a_p3_5hat_hddn_v08.png,character-base/layers/5hat-hat/hddn-hood-down/char_a_p3_5hat_hddn_v08.png
move,20.05d - Cloak & Hood 1.3 (comp. v01)/char_a_p3/5hat/char_a_p3_5hat_hddn_v09.png,character-base/layers/5hat-hat/hddn-hood-down/char_a_p3_5hat_hddn_v09.png
move,20.05d - Cloak & Hood 1.3 (comp. v01)/char_a_p3/5hat/char_a_p3_5hat_hddn_v10.png,character-base/layers/5hat-hat/hddn-hood-down/char_a_p3_5hat_hddn_v10.png
move,20.05d - Cloak & Hood 1.3 (comp. v01)/char_a_p3/5hat/char_a_p3_5hat_hdpl_v01.png,character-base/layers/5hat-hat/hdpl-hood-up/char_a_p3_5hat_hdpl_v01.png
move,20.05d - Cloak & Hood 1.3 (comp. v01)/char_a_p3/5hat/char_a_p3_5hat_hdpl_v02.png,character-base/layers/5hat-hat/hdpl-hood-up/char_a_p3_5hat_hdpl_v02.png
move,20.05d - Cloak & Hood 1.3 (comp. v01)/char_a_p3/5hat/char_a_p3_5hat_hdpl_v03.png,character-base/layers/5hat-hat/hdpl-hood-up/char_a_p3_5hat_hdpl_v03.png
move,20.05d - Cloak & Hood 1.3 (comp. v01)/char_a_p3/5hat/char_a_p3_5hat_hdpl_v04.png,character-base/layers/5hat-hat/hdpl-hood-up/char_a_p3_5hat_hdpl_v04.png
move,20.05d - Cloak & Hood 1.3 (comp. v01)/char_a_p3/5hat/char_a_p3_5hat_hdpl_v05.png,character-base/layers/5hat-hat/hdpl-hood-up/char_a_p3_5hat_hdpl_v05.png
move,20.05d - Cloak & Hood 1.3 (comp. v01)/char_a_p3/5hat/char_a_p3_5hat_hdpl_v06.png,character-base/layers/5hat-hat/hdpl-hood-up/char_a_p3_5hat_hdpl_v06.png
move,20.05d - Cloak & Hood 1.3 (comp. v01)/char_a_p3/5hat/char_a_p3_5hat_hdpl_v07.png,character-base/layers/5hat-hat/hdpl-hood-up/char_a_p3_5hat_hdpl_v07.png
move,20.05d - Cloak & Hood 1.3 (comp. v01)/char_a_p3/5hat/char_a_p3_5hat_hdpl_v08.png,character-base/layers/5hat-hat/hdpl-hood-up/char_a_p3_5hat_hdpl_v08.png
move,20.05d - Cloak & Hood 1.3 (comp. v01)/char_a_p3/5hat/char_a_p3_5hat_hdpl_v09.png,character-base/layers/5hat-hat/hdpl-hood-up/char_a_p3_5hat_hdpl_v09.png
move,20.05d - Cloak & Hood 1.3 (comp. v01)/char_a_p3/5hat/char_a_p3_5hat_hdpl_v10.png,character-base/layers/5hat-hat/hdpl-hood-up/char_a_p3_5hat_hdpl_v10.png
move,20.05d - Cloak & Hood 1.3 (comp. v01)/char_a_p3/0bot/char_a_p3_0bot_lnpl_v01.png,character-base/layers/0bot-behind-character/lnpl-long-cloak-back/char_a_p3_0bot_lnpl_v01.png
move,20.05d - Cloak & Hood 1.3 (comp. v01)/char_a_p3/0bot/char_a_p3_0bot_lnpl_v02.png,character-base/layers/0bot-behind-character/lnpl-long-cloak-back/char_a_p3_0bot_lnpl_v02.png
move,20.05d - Cloak & Hood 1.3 (comp. v01)/char_a_p3/0bot/char_a_p3_0bot_lnpl_v03.png,character-base/layers/0bot-behind-character/lnpl-long-cloak-back/char_a_p3_0bot_lnpl_v03.png
move,20.05d - Cloak & Hood 1.3 (comp. v01)/char_a_p3/0bot/char_a_p3_0bot_lnpl_v04.png,character-base/layers/0bot-behind-character/lnpl-long-cloak-back/char_a_p3_0bot_lnpl_v04.png
move,20.05d - Cloak & Hood 1.3 (comp. v01)/char_a_p3/0bot/char_a_p3_0bot_lnpl_v05.png,character-base/layers/0bot-behind-character/lnpl-long-cloak-back/char_a_p3_0bot_lnpl_v05.png
move,20.05d - Cloak & Hood 1.3 (comp. v01)/char_a_p3/0bot/char_a_p3_0bot_lnpl_v06.png,character-base/layers/0bot-behind-character/lnpl-long-cloak-back/char_a_p3_0bot_lnpl_v06.png
move,20.05d - Cloak & Hood 1.3 (comp. v01)/char_a_p3/0bot/char_a_p3_0bot_lnpl_v07.png,character-base/layers/0bot-behind-character/lnpl-long-cloak-back/char_a_p3_0bot_lnpl_v07.png
move,20.05d - Cloak & Hood 1.3 (comp. v01)/char_a_p3/0bot/char_a_p3_0bot_lnpl_v08.png,character-base/layers/0bot-behind-character/lnpl-long-cloak-back/char_a_p3_0bot_lnpl_v08.png
move,20.05d - Cloak & Hood 1.3 (comp. v01)/char_a_p3/0bot/char_a_p3_0bot_lnpl_v09.png,character-base/layers/0bot-behind-character/lnpl-long-cloak-back/char_a_p3_0bot_lnpl_v09.png
move,20.05d - Cloak & Hood 1.3 (comp. v01)/char_a_p3/0bot/char_a_p3_0bot_lnpl_v10.png,character-base/layers/0bot-behind-character/lnpl-long-cloak-back/char_a_p3_0bot_lnpl_v10.png
move,20.05d - Cloak & Hood 1.3 (comp. v01)/char_a_p4/2clo/char_a_p4_2clo_lnpl_v01.png,character-base/layers/2clo-cloak/lnpl-long-cloak/char_a_p4_2clo_lnpl_v01.png
move,20.05d - Cloak & Hood 1.3 (comp. v01)/char_a_p4/2clo/char_a_p4_2clo_lnpl_v02.png,character-base/layers/2clo-cloak/lnpl-long-cloak/char_a_p4_2clo_lnpl_v02.png
move,20.05d - Cloak & Hood 1.3 (comp. v01)/char_a_p4/2clo/char_a_p4_2clo_lnpl_v03.png,character-base/layers/2clo-cloak/lnpl-long-cloak/char_a_p4_2clo_lnpl_v03.png
move,20.05d - Cloak & Hood 1.3 (comp. v01)/char_a_p4/2clo/char_a_p4_2clo_lnpl_v04.png,character-base/layers/2clo-cloak/lnpl-long-cloak/char_a_p4_2clo_lnpl_v04.png
move,20.05d - Cloak & Hood 1.3 (comp. v01)/char_a_p4/2clo/char_a_p4_2clo_lnpl_v05.png,character-base/layers/2clo-cloak/lnpl-long-cloak/char_a_p4_2clo_lnpl_v05.png
move,20.05d - Cloak & Hood 1.3 (comp. v01)/char_a_p4/2clo/char_a_p4_2clo_lnpl_v06.png,character-base/layers/2clo-cloak/lnpl-long-cloak/char_a_p4_2clo_lnpl_v06.png
move,20.05d - Cloak & Hood 1.3 (comp. v01)/char_a_p4/2clo/char_a_p4_2clo_lnpl_v07.png,character-base/layers/2clo-cloak/lnpl-long-cloak/char_a_p4_2clo_lnpl_v07.png
move,20.05d - Cloak & Hood 1.3 (comp. v01)/char_a_p4/2clo/char_a_p4_2clo_lnpl_v08.png,character-base/layers/2clo-cloak/lnpl-long-cloak/char_a_p4_2clo_lnpl_v08.png
move,20.05d - Cloak & Hood 1.3 (comp. v01)/char_a_p4/2clo/char_a_p4_2clo_lnpl_v09.png,character-base/layers/2clo-cloak/lnpl-long-cloak/char_a_p4_2clo_lnpl_v09.png
move,20.05d - Cloak & Hood 1.3 (comp. v01)/char_a_p4/2clo/char_a_p4_2clo_lnpl_v10.png,character-base/layers/2clo-cloak/lnpl-long-cloak/char_a_p4_2clo_lnpl_v10.png
move,20.05d - Cloak & Hood 1.3 (comp. v01)/char_a_p4/2clo/char_a_p4_2clo_mnpl_v01.png,character-base/layers/2clo-cloak/mnpl-mantle/char_a_p4_2clo_mnpl_v01.png
move,20.05d - Cloak & Hood 1.3 (comp. v01)/char_a_p4/2clo/char_a_p4_2clo_mnpl_v02.png,character-base/layers/2clo-cloak/mnpl-mantle/char_a_p4_2clo_mnpl_v02.png
move,20.05d - Cloak & Hood 1.3 (comp. v01)/char_a_p4/2clo/char_a_p4_2clo_mnpl_v03.png,character-base/layers/2clo-cloak/mnpl-mantle/char_a_p4_2clo_mnpl_v03.png
move,20.05d - Cloak & Hood 1.3 (comp. v01)/char_a_p4/2clo/char_a_p4_2clo_mnpl_v04.png,character-base/layers/2clo-cloak/mnpl-mantle/char_a_p4_2clo_mnpl_v04.png
move,20.05d - Cloak & Hood 1.3 (comp. v01)/char_a_p4/2clo/char_a_p4_2clo_mnpl_v05.png,character-base/layers/2clo-cloak/mnpl-mantle/char_a_p4_2clo_mnpl_v05.png
move,20.05d - Cloak & Hood 1.3 (comp. v01)/char_a_p4/2clo/char_a_p4_2clo_mnpl_v06.png,character-base/layers/2clo-cloak/mnpl-mantle/char_a_p4_2clo_mnpl_v06.png
move,20.05d - Cloak & Hood 1.3 (comp. v01)/char_a_p4/2clo/char_a_p4_2clo_mnpl_v07.png,character-base/layers/2clo-cloak/mnpl-mantle/char_a_p4_2clo_mnpl_v07.png
move,20.05d - Cloak & Hood 1.3 (comp. v01)/char_a_p4/2clo/char_a_p4_2clo_mnpl_v08.png,character-base/layers/2clo-cloak/mnpl-mantle/char_a_p4_2clo_mnpl_v08.png
move,20.05d - Cloak & Hood 1.3 (comp. v01)/char_a_p4/2clo/char_a_p4_2clo_mnpl_v09.png,character-base/layers/2clo-cloak/mnpl-mantle/char_a_p4_2clo_mnpl_v09.png
move,20.05d - Cloak & Hood 1.3 (comp. v01)/char_a_p4/2clo/char_a_p4_2clo_mnpl_v10.png,character-base/layers/2clo-cloak/mnpl-mantle/char_a_p4_2clo_mnpl_v10.png
move,20.05d - Cloak & Hood 1.3 (comp. v01)/char_a_p4/5hat/char_a_p4_5hat_hddn_v01.png,character-base/layers/5hat-hat/hddn-hood-down/char_a_p4_5hat_hddn_v01.png
move,20.05d - Cloak & Hood 1.3 (comp. v01)/char_a_p4/5hat/char_a_p4_5hat_hddn_v02.png,character-base/layers/5hat-hat/hddn-hood-down/char_a_p4_5hat_hddn_v02.png
move,20.05d - Cloak & Hood 1.3 (comp. v01)/char_a_p4/5hat/char_a_p4_5hat_hddn_v03.png,character-base/layers/5hat-hat/hddn-hood-down/char_a_p4_5hat_hddn_v03.png
move,20.05d - Cloak & Hood 1.3 (comp. v01)/char_a_p4/5hat/char_a_p4_5hat_hddn_v04.png,character-base/layers/5hat-hat/hddn-hood-down/char_a_p4_5hat_hddn_v04.png
move,20.05d - Cloak & Hood 1.3 (comp. v01)/char_a_p4/5hat/char_a_p4_5hat_hddn_v05.png,character-base/layers/5hat-hat/hddn-hood-down/char_a_p4_5hat_hddn_v05.png
move,20.05d - Cloak & Hood 1.3 (comp. v01)/char_a_p4/5hat/char_a_p4_5hat_hddn_v06.png,character-base/layers/5hat-hat/hddn-hood-down/char_a_p4_5hat_hddn_v06.png
move,20.05d - Cloak & Hood 1.3 (comp. v01)/char_a_p4/5hat/char_a_p4_5hat_hddn_v07.png,character-base/layers/5hat-hat/hddn-hood-down/char_a_p4_5hat_hddn_v07.png
move,20.05d - Cloak & Hood 1.3 (comp. v01)/char_a_p4/5hat/char_a_p4_5hat_hddn_v08.png,character-base/layers/5hat-hat/hddn-hood-down/char_a_p4_5hat_hddn_v08.png
move,20.05d - Cloak & Hood 1.3 (comp. v01)/char_a_p4/5hat/char_a_p4_5hat_hddn_v09.png,character-base/layers/5hat-hat/hddn-hood-down/char_a_p4_5hat_hddn_v09.png
move,20.05d - Cloak & Hood 1.3 (comp. v01)/char_a_p4/5hat/char_a_p4_5hat_hddn_v10.png,character-base/layers/5hat-hat/hddn-hood-down/char_a_p4_5hat_hddn_v10.png
move,20.05d - Cloak & Hood 1.3 (comp. v01)/char_a_p4/5hat/char_a_p4_5hat_hdpl_v01.png,character-base/layers/5hat-hat/hdpl-hood-up/char_a_p4_5hat_hdpl_v01.png
move,20.05d - Cloak & Hood 1.3 (comp. v01)/char_a_p4/5hat/char_a_p4_5hat_hdpl_v02.png,character-base/layers/5hat-hat/hdpl-hood-up/char_a_p4_5hat_hdpl_v02.png
move,20.05d - Cloak & Hood 1.3 (comp. v01)/char_a_p4/5hat/char_a_p4_5hat_hdpl_v03.png,character-base/layers/5hat-hat/hdpl-hood-up/char_a_p4_5hat_hdpl_v03.png
move,20.05d - Cloak & Hood 1.3 (comp. v01)/char_a_p4/5hat/char_a_p4_5hat_hdpl_v04.png,character-base/layers/5hat-hat/hdpl-hood-up/char_a_p4_5hat_hdpl_v04.png
move,20.05d - Cloak & Hood 1.3 (comp. v01)/char_a_p4/5hat/char_a_p4_5hat_hdpl_v05.png,character-base/layers/5hat-hat/hdpl-hood-up/char_a_p4_5hat_hdpl_v05.png
move,20.05d - Cloak & Hood 1.3 (comp. v01)/char_a_p4/5hat/char_a_p4_5hat_hdpl_v06.png,character-base/layers/5hat-hat/hdpl-hood-up/char_a_p4_5hat_hdpl_v06.png
move,20.05d - Cloak & Hood 1.3 (comp. v01)/char_a_p4/5hat/char_a_p4_5hat_hdpl_v07.png,character-base/layers/5hat-hat/hdpl-hood-up/char_a_p4_5hat_hdpl_v07.png
move,20.05d - Cloak & Hood 1.3 (comp. v01)/char_a_p4/5hat/char_a_p4_5hat_hdpl_v08.png,character-base/layers/5hat-hat/hdpl-hood-up/char_a_p4_5hat_hdpl_v08.png
move,20.05d - Cloak & Hood 1.3 (comp. v01)/char_a_p4/5hat/char_a_p4_5hat_hdpl_v09.png,character-base/layers/5hat-hat/hdpl-hood-up/char_a_p4_5hat_hdpl_v09.png
move,20.05d - Cloak & Hood 1.3 (comp. v01)/char_a_p4/5hat/char_a_p4_5hat_hdpl_v10.png,character-base/layers/5hat-hat/hdpl-hood-up/char_a_p4_5hat_hdpl_v10.png
move,20.05d - Cloak & Hood 1.3 (comp. v01)/char_a_p4/0bot/char_a_p4_0bot_lnpl_v01.png,character-base/layers/0bot-behind-character/lnpl-long-cloak-back/char_a_p4_0bot_lnpl_v01.png
move,20.05d - Cloak & Hood 1.3 (comp. v01)/char_a_p4/0bot/char_a_p4_0bot_lnpl_v02.png,character-base/layers/0bot-behind-character/lnpl-long-cloak-back/char_a_p4_0bot_lnpl_v02.png
move,20.05d - Cloak & Hood 1.3 (comp. v01)/char_a_p4/0bot/char_a_p4_0bot_lnpl_v03.png,character-base/layers/0bot-behind-character/lnpl-long-cloak-back/char_a_p4_0bot_lnpl_v03.png
move,20.05d - Cloak & Hood 1.3 (comp. v01)/char_a_p4/0bot/char_a_p4_0bot_lnpl_v04.png,character-base/layers/0bot-behind-character/lnpl-long-cloak-back/char_a_p4_0bot_lnpl_v04.png
move,20.05d - Cloak & Hood 1.3 (comp. v01)/char_a_p4/0bot/char_a_p4_0bot_lnpl_v05.png,character-base/layers/0bot-behind-character/lnpl-long-cloak-back/char_a_p4_0bot_lnpl_v05.png
move,20.05d - Cloak & Hood 1.3 (comp. v01)/char_a_p4/0bot/char_a_p4_0bot_lnpl_v06.png,character-base/layers/0bot-behind-character/lnpl-long-cloak-back/char_a_p4_0bot_lnpl_v06.png
move,20.05d - Cloak & Hood 1.3 (comp. v01)/char_a_p4/0bot/char_a_p4_0bot_lnpl_v07.png,character-base/layers/0bot-behind-character/lnpl-long-cloak-back/char_a_p4_0bot_lnpl_v07.png
move,20.05d - Cloak & Hood 1.3 (comp. v01)/char_a_p4/0bot/char_a_p4_0bot_lnpl_v08.png,character-base/layers/0bot-behind-character/lnpl-long-cloak-back/char_a_p4_0bot_lnpl_v08.png
move,20.05d - Cloak & Hood 1.3 (comp. v01)/char_a_p4/0bot/char_a_p4_0bot_lnpl_v09.png,character-base/layers/0bot-behind-character/lnpl-long-cloak-back/char_a_p4_0bot_lnpl_v09.png
move,20.05d - Cloak & Hood 1.3 (comp. v01)/char_a_p4/0bot/char_a_p4_0bot_lnpl_v10.png,character-base/layers/0bot-behind-character/lnpl-long-cloak-back/char_a_p4_0bot_lnpl_v10.png
move,20.05d - Cloak & Hood 1.3 (comp. v01)/char_a_p2/2clo/char_a_p2_2clo_lnpl_v01.png,character-base/layers/2clo-cloak/lnpl-long-cloak/char_a_p2_2clo_lnpl_v01.png
move,20.05d - Cloak & Hood 1.3 (comp. v01)/char_a_p2/2clo/char_a_p2_2clo_lnpl_v02.png,character-base/layers/2clo-cloak/lnpl-long-cloak/char_a_p2_2clo_lnpl_v02.png
move,20.05d - Cloak & Hood 1.3 (comp. v01)/char_a_p2/2clo/char_a_p2_2clo_lnpl_v03.png,character-base/layers/2clo-cloak/lnpl-long-cloak/char_a_p2_2clo_lnpl_v03.png
move,20.05d - Cloak & Hood 1.3 (comp. v01)/char_a_p2/2clo/char_a_p2_2clo_lnpl_v04.png,character-base/layers/2clo-cloak/lnpl-long-cloak/char_a_p2_2clo_lnpl_v04.png
move,20.05d - Cloak & Hood 1.3 (comp. v01)/char_a_p2/2clo/char_a_p2_2clo_lnpl_v05.png,character-base/layers/2clo-cloak/lnpl-long-cloak/char_a_p2_2clo_lnpl_v05.png
move,20.05d - Cloak & Hood 1.3 (comp. v01)/char_a_p2/2clo/char_a_p2_2clo_lnpl_v06.png,character-base/layers/2clo-cloak/lnpl-long-cloak/char_a_p2_2clo_lnpl_v06.png
move,20.05d - Cloak & Hood 1.3 (comp. v01)/char_a_p2/2clo/char_a_p2_2clo_lnpl_v07.png,character-base/layers/2clo-cloak/lnpl-long-cloak/char_a_p2_2clo_lnpl_v07.png
move,20.05d - Cloak & Hood 1.3 (comp. v01)/char_a_p2/2clo/char_a_p2_2clo_lnpl_v08.png,character-base/layers/2clo-cloak/lnpl-long-cloak/char_a_p2_2clo_lnpl_v08.png
move,20.05d - Cloak & Hood 1.3 (comp. v01)/char_a_p2/2clo/char_a_p2_2clo_lnpl_v09.png,character-base/layers/2clo-cloak/lnpl-long-cloak/char_a_p2_2clo_lnpl_v09.png
move,20.05d - Cloak & Hood 1.3 (comp. v01)/char_a_p2/2clo/char_a_p2_2clo_lnpl_v10.png,character-base/layers/2clo-cloak/lnpl-long-cloak/char_a_p2_2clo_lnpl_v10.png
move,20.05d - Cloak & Hood 1.3 (comp. v01)/char_a_p2/2clo/char_a_p2_2clo_mnpl_v01.png,character-base/layers/2clo-cloak/mnpl-mantle/char_a_p2_2clo_mnpl_v01.png
move,20.05d - Cloak & Hood 1.3 (comp. v01)/char_a_p2/2clo/char_a_p2_2clo_mnpl_v02.png,character-base/layers/2clo-cloak/mnpl-mantle/char_a_p2_2clo_mnpl_v02.png
move,20.05d - Cloak & Hood 1.3 (comp. v01)/char_a_p2/2clo/char_a_p2_2clo_mnpl_v03.png,character-base/layers/2clo-cloak/mnpl-mantle/char_a_p2_2clo_mnpl_v03.png
move,20.05d - Cloak & Hood 1.3 (comp. v01)/char_a_p2/2clo/char_a_p2_2clo_mnpl_v04.png,character-base/layers/2clo-cloak/mnpl-mantle/char_a_p2_2clo_mnpl_v04.png
move,20.05d - Cloak & Hood 1.3 (comp. v01)/char_a_p2/2clo/char_a_p2_2clo_mnpl_v05.png,character-base/layers/2clo-cloak/mnpl-mantle/char_a_p2_2clo_mnpl_v05.png
move,20.05d - Cloak & Hood 1.3 (comp. v01)/char_a_p2/2clo/char_a_p2_2clo_mnpl_v06.png,character-base/layers/2clo-cloak/mnpl-mantle/char_a_p2_2clo_mnpl_v06.png
move,20.05d - Cloak & Hood 1.3 (comp. v01)/char_a_p2/2clo/char_a_p2_2clo_mnpl_v07.png,character-base/layers/2clo-cloak/mnpl-mantle/char_a_p2_2clo_mnpl_v07.png
move,20.05d - Cloak & Hood 1.3 (comp. v01)/char_a_p2/2clo/char_a_p2_2clo_mnpl_v08.png,character-base/layers/2clo-cloak/mnpl-mantle/char_a_p2_2clo_mnpl_v08.png
move,20.05d - Cloak & Hood 1.3 (comp. v01)/char_a_p2/2clo/char_a_p2_2clo_mnpl_v09.png,character-base/layers/2clo-cloak/mnpl-mantle/char_a_p2_2clo_mnpl_v09.png
move,20.05d - Cloak & Hood 1.3 (comp. v01)/char_a_p2/2clo/char_a_p2_2clo_mnpl_v10.png,character-base/layers/2clo-cloak/mnpl-mantle/char_a_p2_2clo_mnpl_v10.png
move,20.05d - Cloak & Hood 1.3 (comp. v01)/char_a_p2/5hat/char_a_p2_5hat_hddn_v01.png,character-base/layers/5hat-hat/hddn-hood-down/char_a_p2_5hat_hddn_v01.png
move,20.05d - Cloak & Hood 1.3 (comp. v01)/char_a_p2/5hat/char_a_p2_5hat_hddn_v02.png,character-base/layers/5hat-hat/hddn-hood-down/char_a_p2_5hat_hddn_v02.png
move,20.05d - Cloak & Hood 1.3 (comp. v01)/char_a_p2/5hat/char_a_p2_5hat_hddn_v03.png,character-base/layers/5hat-hat/hddn-hood-down/char_a_p2_5hat_hddn_v03.png
move,20.05d - Cloak & Hood 1.3 (comp. v01)/char_a_p2/5hat/char_a_p2_5hat_hddn_v04.png,character-base/layers/5hat-hat/hddn-hood-down/char_a_p2_5hat_hddn_v04.png
move,20.05d - Cloak & Hood 1.3 (comp. v01)/char_a_p2/5hat/char_a_p2_5hat_hddn_v05.png,character-base/layers/5hat-hat/hddn-hood-down/char_a_p2_5hat_hddn_v05.png
move,20.05d - Cloak & Hood 1.3 (comp. v01)/char_a_p2/5hat/char_a_p2_5hat_hddn_v06.png,character-base/layers/5hat-hat/hddn-hood-down/char_a_p2_5hat_hddn_v06.png
move,20.05d - Cloak & Hood 1.3 (comp. v01)/char_a_p2/5hat/char_a_p2_5hat_hddn_v07.png,character-base/layers/5hat-hat/hddn-hood-down/char_a_p2_5hat_hddn_v07.png
move,20.05d - Cloak & Hood 1.3 (comp. v01)/char_a_p2/5hat/char_a_p2_5hat_hddn_v08.png,character-base/layers/5hat-hat/hddn-hood-down/char_a_p2_5hat_hddn_v08.png
move,20.05d - Cloak & Hood 1.3 (comp. v01)/char_a_p2/5hat/char_a_p2_5hat_hddn_v09.png,character-base/layers/5hat-hat/hddn-hood-down/char_a_p2_5hat_hddn_v09.png
move,20.05d - Cloak & Hood 1.3 (comp. v01)/char_a_p2/5hat/char_a_p2_5hat_hddn_v10.png,character-base/layers/5hat-hat/hddn-hood-down/char_a_p2_5hat_hddn_v10.png
move,20.05d - Cloak & Hood 1.3 (comp. v01)/char_a_p2/5hat/char_a_p2_5hat_hdpl_v01.png,character-base/layers/5hat-hat/hdpl-hood-up/char_a_p2_5hat_hdpl_v01.png
move,20.05d - Cloak & Hood 1.3 (comp. v01)/char_a_p2/5hat/char_a_p2_5hat_hdpl_v02.png,character-base/layers/5hat-hat/hdpl-hood-up/char_a_p2_5hat_hdpl_v02.png
move,20.05d - Cloak & Hood 1.3 (comp. v01)/char_a_p2/5hat/char_a_p2_5hat_hdpl_v03.png,character-base/layers/5hat-hat/hdpl-hood-up/char_a_p2_5hat_hdpl_v03.png
move,20.05d - Cloak & Hood 1.3 (comp. v01)/char_a_p2/5hat/char_a_p2_5hat_hdpl_v04.png,character-base/layers/5hat-hat/hdpl-hood-up/char_a_p2_5hat_hdpl_v04.png
move,20.05d - Cloak & Hood 1.3 (comp. v01)/char_a_p2/5hat/char_a_p2_5hat_hdpl_v05.png,character-base/layers/5hat-hat/hdpl-hood-up/char_a_p2_5hat_hdpl_v05.png
move,20.05d - Cloak & Hood 1.3 (comp. v01)/char_a_p2/5hat/char_a_p2_5hat_hdpl_v06.png,character-base/layers/5hat-hat/hdpl-hood-up/char_a_p2_5hat_hdpl_v06.png
move,20.05d - Cloak & Hood 1.3 (comp. v01)/char_a_p2/5hat/char_a_p2_5hat_hdpl_v07.png,character-base/layers/5hat-hat/hdpl-hood-up/char_a_p2_5hat_hdpl_v07.png
move,20.05d - Cloak & Hood 1.3 (comp. v01)/char_a_p2/5hat/char_a_p2_5hat_hdpl_v08.png,character-base/layers/5hat-hat/hdpl-hood-up/char_a_p2_5hat_hdpl_v08.png
move,20.05d - Cloak & Hood 1.3 (comp. v01)/char_a_p2/5hat/char_a_p2_5hat_hdpl_v09.png,character-base/layers/5hat-hat/hdpl-hood-up/char_a_p2_5hat_hdpl_v09.png
move,20.05d - Cloak & Hood 1.3 (comp. v01)/char_a_p2/5hat/char_a_p2_5hat_hdpl_v10.png,character-base/layers/5hat-hat/hdpl-hood-up/char_a_p2_5hat_hdpl_v10.png
move,20.05d - Cloak & Hood 1.3 (comp. v01)/char_a_p2/0bot/char_a_p2_0bot_lnpl_v01.png,character-base/layers/0bot-behind-character/lnpl-long-cloak-back/char_a_p2_0bot_lnpl_v01.png
move,20.05d - Cloak & Hood 1.3 (comp. v01)/char_a_p2/0bot/char_a_p2_0bot_lnpl_v02.png,character-base/layers/0bot-behind-character/lnpl-long-cloak-back/char_a_p2_0bot_lnpl_v02.png
move,20.05d - Cloak & Hood 1.3 (comp. v01)/char_a_p2/0bot/char_a_p2_0bot_lnpl_v03.png,character-base/layers/0bot-behind-character/lnpl-long-cloak-back/char_a_p2_0bot_lnpl_v03.png
move,20.05d - Cloak & Hood 1.3 (comp. v01)/char_a_p2/0bot/char_a_p2_0bot_lnpl_v04.png,character-base/layers/0bot-behind-character/lnpl-long-cloak-back/char_a_p2_0bot_lnpl_v04.png
move,20.05d - Cloak & Hood 1.3 (comp. v01)/char_a_p2/0bot/char_a_p2_0bot_lnpl_v05.png,character-base/layers/0bot-behind-character/lnpl-long-cloak-back/char_a_p2_0bot_lnpl_v05.png
move,20.05d - Cloak & Hood 1.3 (comp. v01)/char_a_p2/0bot/char_a_p2_0bot_lnpl_v06.png,character-base/layers/0bot-behind-character/lnpl-long-cloak-back/char_a_p2_0bot_lnpl_v06.png
move,20.05d - Cloak & Hood 1.3 (comp. v01)/char_a_p2/0bot/char_a_p2_0bot_lnpl_v07.png,character-base/layers/0bot-behind-character/lnpl-long-cloak-back/char_a_p2_0bot_lnpl_v07.png
move,20.05d - Cloak & Hood 1.3 (comp. v01)/char_a_p2/0bot/char_a_p2_0bot_lnpl_v08.png,character-base/layers/0bot-behind-character/lnpl-long-cloak-back/char_a_p2_0bot_lnpl_v08.png
move,20.05d - Cloak & Hood 1.3 (comp. v01)/char_a_p2/0bot/char_a_p2_0bot_lnpl_v09.png,character-base/layers/0bot-behind-character/lnpl-long-cloak-back/char_a_p2_0bot_lnpl_v09.png
move,20.05d - Cloak & Hood 1.3 (comp. v01)/char_a_p2/0bot/char_a_p2_0bot_lnpl_v10.png,character-base/layers/0bot-behind-character/lnpl-long-cloak-back/char_a_p2_0bot_lnpl_v10.png
move,20.05d - Cloak & Hood 1.3 (comp. v01)/char_a_p1/2clo/char_a_p1_2clo_lnpl_v01.png,character-base/layers/2clo-cloak/lnpl-long-cloak/char_a_p1_2clo_lnpl_v01.png
move,20.05d - Cloak & Hood 1.3 (comp. v01)/char_a_p1/2clo/char_a_p1_2clo_lnpl_v02.png,character-base/layers/2clo-cloak/lnpl-long-cloak/char_a_p1_2clo_lnpl_v02.png
move,20.05d - Cloak & Hood 1.3 (comp. v01)/char_a_p1/2clo/char_a_p1_2clo_lnpl_v03.png,character-base/layers/2clo-cloak/lnpl-long-cloak/char_a_p1_2clo_lnpl_v03.png
move,20.05d - Cloak & Hood 1.3 (comp. v01)/char_a_p1/2clo/char_a_p1_2clo_lnpl_v04.png,character-base/layers/2clo-cloak/lnpl-long-cloak/char_a_p1_2clo_lnpl_v04.png
move,20.05d - Cloak & Hood 1.3 (comp. v01)/char_a_p1/2clo/char_a_p1_2clo_lnpl_v05.png,character-base/layers/2clo-cloak/lnpl-long-cloak/char_a_p1_2clo_lnpl_v05.png
move,20.05d - Cloak & Hood 1.3 (comp. v01)/char_a_p1/2clo/char_a_p1_2clo_lnpl_v06.png,character-base/layers/2clo-cloak/lnpl-long-cloak/char_a_p1_2clo_lnpl_v06.png
move,20.05d - Cloak & Hood 1.3 (comp. v01)/char_a_p1/2clo/char_a_p1_2clo_lnpl_v07.png,character-base/layers/2clo-cloak/lnpl-long-cloak/char_a_p1_2clo_lnpl_v07.png
move,20.05d - Cloak & Hood 1.3 (comp. v01)/char_a_p1/2clo/char_a_p1_2clo_lnpl_v08.png,character-base/layers/2clo-cloak/lnpl-long-cloak/char_a_p1_2clo_lnpl_v08.png
move,20.05d - Cloak & Hood 1.3 (comp. v01)/char_a_p1/2clo/char_a_p1_2clo_lnpl_v09.png,character-base/layers/2clo-cloak/lnpl-long-cloak/char_a_p1_2clo_lnpl_v09.png
move,20.05d - Cloak & Hood 1.3 (comp. v01)/char_a_p1/2clo/char_a_p1_2clo_lnpl_v10.png,character-base/layers/2clo-cloak/lnpl-long-cloak/char_a_p1_2clo_lnpl_v10.png
move,20.05d - Cloak & Hood 1.3 (comp. v01)/char_a_p1/2clo/char_a_p1_2clo_mnpl_v01.png,character-base/layers/2clo-cloak/mnpl-mantle/char_a_p1_2clo_mnpl_v01.png
move,20.05d - Cloak & Hood 1.3 (comp. v01)/char_a_p1/2clo/char_a_p1_2clo_mnpl_v02.png,character-base/layers/2clo-cloak/mnpl-mantle/char_a_p1_2clo_mnpl_v02.png
move,20.05d - Cloak & Hood 1.3 (comp. v01)/char_a_p1/2clo/char_a_p1_2clo_mnpl_v03.png,character-base/layers/2clo-cloak/mnpl-mantle/char_a_p1_2clo_mnpl_v03.png
move,20.05d - Cloak & Hood 1.3 (comp. v01)/char_a_p1/2clo/char_a_p1_2clo_mnpl_v04.png,character-base/layers/2clo-cloak/mnpl-mantle/char_a_p1_2clo_mnpl_v04.png
move,20.05d - Cloak & Hood 1.3 (comp. v01)/char_a_p1/2clo/char_a_p1_2clo_mnpl_v05.png,character-base/layers/2clo-cloak/mnpl-mantle/char_a_p1_2clo_mnpl_v05.png
move,20.05d - Cloak & Hood 1.3 (comp. v01)/char_a_p1/2clo/char_a_p1_2clo_mnpl_v06.png,character-base/layers/2clo-cloak/mnpl-mantle/char_a_p1_2clo_mnpl_v06.png
move,20.05d - Cloak & Hood 1.3 (comp. v01)/char_a_p1/2clo/char_a_p1_2clo_mnpl_v07.png,character-base/layers/2clo-cloak/mnpl-mantle/char_a_p1_2clo_mnpl_v07.png
move,20.05d - Cloak & Hood 1.3 (comp. v01)/char_a_p1/2clo/char_a_p1_2clo_mnpl_v08.png,character-base/layers/2clo-cloak/mnpl-mantle/char_a_p1_2clo_mnpl_v08.png
move,20.05d - Cloak & Hood 1.3 (comp. v01)/char_a_p1/2clo/char_a_p1_2clo_mnpl_v09.png,character-base/layers/2clo-cloak/mnpl-mantle/char_a_p1_2clo_mnpl_v09.png
move,20.05d - Cloak & Hood 1.3 (comp. v01)/char_a_p1/2clo/char_a_p1_2clo_mnpl_v10.png,character-base/layers/2clo-cloak/mnpl-mantle/char_a_p1_2clo_mnpl_v10.png
move,20.05d - Cloak & Hood 1.3 (comp. v01)/char_a_p1/5hat/char_a_p1_5hat_hddn_v01.png,character-base/layers/5hat-hat/hddn-hood-down/char_a_p1_5hat_hddn_v01.png
move,20.05d - Cloak & Hood 1.3 (comp. v01)/char_a_p1/5hat/char_a_p1_5hat_hddn_v02.png,character-base/layers/5hat-hat/hddn-hood-down/char_a_p1_5hat_hddn_v02.png
move,20.05d - Cloak & Hood 1.3 (comp. v01)/char_a_p1/5hat/char_a_p1_5hat_hddn_v03.png,character-base/layers/5hat-hat/hddn-hood-down/char_a_p1_5hat_hddn_v03.png
move,20.05d - Cloak & Hood 1.3 (comp. v01)/char_a_p1/5hat/char_a_p1_5hat_hddn_v04.png,character-base/layers/5hat-hat/hddn-hood-down/char_a_p1_5hat_hddn_v04.png
move,20.05d - Cloak & Hood 1.3 (comp. v01)/char_a_p1/5hat/char_a_p1_5hat_hddn_v05.png,character-base/layers/5hat-hat/hddn-hood-down/char_a_p1_5hat_hddn_v05.png
move,20.05d - Cloak & Hood 1.3 (comp. v01)/char_a_p1/5hat/char_a_p1_5hat_hddn_v06.png,character-base/layers/5hat-hat/hddn-hood-down/char_a_p1_5hat_hddn_v06.png
move,20.05d - Cloak & Hood 1.3 (comp. v01)/char_a_p1/5hat/char_a_p1_5hat_hddn_v07.png,character-base/layers/5hat-hat/hddn-hood-down/char_a_p1_5hat_hddn_v07.png
move,20.05d - Cloak & Hood 1.3 (comp. v01)/char_a_p1/5hat/char_a_p1_5hat_hddn_v08.png,character-base/layers/5hat-hat/hddn-hood-down/char_a_p1_5hat_hddn_v08.png
move,20.05d - Cloak & Hood 1.3 (comp. v01)/char_a_p1/5hat/char_a_p1_5hat_hddn_v09.png,character-base/layers/5hat-hat/hddn-hood-down/char_a_p1_5hat_hddn_v09.png
move,20.05d - Cloak & Hood 1.3 (comp. v01)/char_a_p1/5hat/char_a_p1_5hat_hddn_v10.png,character-base/layers/5hat-hat/hddn-hood-down/char_a_p1_5hat_hddn_v10.png
move,20.05d - Cloak & Hood 1.3 (comp. v01)/char_a_p1/5hat/char_a_p1_5hat_hdpl_v01.png,character-base/layers/5hat-hat/hdpl-hood-up/char_a_p1_5hat_hdpl_v01.png
move,20.05d - Cloak & Hood 1.3 (comp. v01)/char_a_p1/5hat/char_a_p1_5hat_hdpl_v02.png,character-base/layers/5hat-hat/hdpl-hood-up/char_a_p1_5hat_hdpl_v02.png
move,20.05d - Cloak & Hood 1.3 (comp. v01)/char_a_p1/5hat/char_a_p1_5hat_hdpl_v03.png,character-base/layers/5hat-hat/hdpl-hood-up/char_a_p1_5hat_hdpl_v03.png
move,20.05d - Cloak & Hood 1.3 (comp. v01)/char_a_p1/5hat/char_a_p1_5hat_hdpl_v04.png,character-base/layers/5hat-hat/hdpl-hood-up/char_a_p1_5hat_hdpl_v04.png
move,20.05d - Cloak & Hood 1.3 (comp. v01)/char_a_p1/5hat/char_a_p1_5hat_hdpl_v05.png,character-base/layers/5hat-hat/hdpl-hood-up/char_a_p1_5hat_hdpl_v05.png
move,20.05d - Cloak & Hood 1.3 (comp. v01)/char_a_p1/5hat/char_a_p1_5hat_hdpl_v06.png,character-base/layers/5hat-hat/hdpl-hood-up/char_a_p1_5hat_hdpl_v06.png
move,20.05d - Cloak & Hood 1.3 (comp. v01)/char_a_p1/5hat/char_a_p1_5hat_hdpl_v07.png,character-base/layers/5hat-hat/hdpl-hood-up/char_a_p1_5hat_hdpl_v07.png
move,20.05d - Cloak & Hood 1.3 (comp. v01)/char_a_p1/5hat/char_a_p1_5hat_hdpl_v08.png,character-base/layers/5hat-hat/hdpl-hood-up/char_a_p1_5hat_hdpl_v08.png
move,20.05d - Cloak & Hood 1.3 (comp. v01)/char_a_p1/5hat/char_a_p1_5hat_hdpl_v09.png,character-base/layers/5hat-hat/hdpl-hood-up/char_a_p1_5hat_hdpl_v09.png
move,20.05d - Cloak & Hood 1.3 (comp. v01)/char_a_p1/5hat/char_a_p1_5hat_hdpl_v10.png,character-base/layers/5hat-hat/hdpl-hood-up/char_a_p1_5hat_hdpl_v10.png
move,20.05d - Cloak & Hood 1.3 (comp. v01)/char_a_p1/0bot/char_a_p1_0bot_lnpl_v01.png,character-base/layers/0bot-behind-character/lnpl-long-cloak-back/char_a_p1_0bot_lnpl_v01.png
move,20.05d - Cloak & Hood 1.3 (comp. v01)/char_a_p1/0bot/char_a_p1_0bot_lnpl_v02.png,character-base/layers/0bot-behind-character/lnpl-long-cloak-back/char_a_p1_0bot_lnpl_v02.png
move,20.05d - Cloak & Hood 1.3 (comp. v01)/char_a_p1/0bot/char_a_p1_0bot_lnpl_v03.png,character-base/layers/0bot-behind-character/lnpl-long-cloak-back/char_a_p1_0bot_lnpl_v03.png
move,20.05d - Cloak & Hood 1.3 (comp. v01)/char_a_p1/0bot/char_a_p1_0bot_lnpl_v04.png,character-base/layers/0bot-behind-character/lnpl-long-cloak-back/char_a_p1_0bot_lnpl_v04.png
move,20.05d - Cloak & Hood 1.3 (comp. v01)/char_a_p1/0bot/char_a_p1_0bot_lnpl_v05.png,character-base/layers/0bot-behind-character/lnpl-long-cloak-back/char_a_p1_0bot_lnpl_v05.png
move,20.05d - Cloak & Hood 1.3 (comp. v01)/char_a_p1/0bot/char_a_p1_0bot_lnpl_v06.png,character-base/layers/0bot-behind-character/lnpl-long-cloak-back/char_a_p1_0bot_lnpl_v06.png
move,20.05d - Cloak & Hood 1.3 (comp. v01)/char_a_p1/0bot/char_a_p1_0bot_lnpl_v07.png,character-base/layers/0bot-behind-character/lnpl-long-cloak-back/char_a_p1_0bot_lnpl_v07.png
move,20.05d - Cloak & Hood 1.3 (comp. v01)/char_a_p1/0bot/char_a_p1_0bot_lnpl_v08.png,character-base/layers/0bot-behind-character/lnpl-long-cloak-back/char_a_p1_0bot_lnpl_v08.png
move,20.05d - Cloak & Hood 1.3 (comp. v01)/char_a_p1/0bot/char_a_p1_0bot_lnpl_v09.png,character-base/layers/0bot-behind-character/lnpl-long-cloak-back/char_a_p1_0bot_lnpl_v09.png
move,20.05d - Cloak & Hood 1.3 (comp. v01)/char_a_p1/0bot/char_a_p1_0bot_lnpl_v10.png,character-base/layers/0bot-behind-character/lnpl-long-cloak-back/char_a_p1_0bot_lnpl_v10.png
move,20.04a - Angler Pants and Rain Hat 2.1 (comp. v01)/optional files (unsupported)/char_a_p1C/1out/char_a_p1C_1out_angl_v01.png,character-base/layers/1out-outfit/angl-angler-pants/char_a_p1C_1out_angl_v01.png
move,20.04a - Angler Pants and Rain Hat 2.1 (comp. v01)/optional files (unsupported)/char_a_p1C/1out/char_a_p1C_1out_angl_v02.png,character-base/layers/1out-outfit/angl-angler-pants/char_a_p1C_1out_angl_v02.png
move,20.04a - Angler Pants and Rain Hat 2.1 (comp. v01)/optional files (unsupported)/char_a_p1C/1out/char_a_p1C_1out_angl_v03.png,character-base/layers/1out-outfit/angl-angler-pants/char_a_p1C_1out_angl_v03.png
move,20.04a - Angler Pants and Rain Hat 2.1 (comp. v01)/optional files (unsupported)/char_a_p1C/1out/char_a_p1C_1out_angl_v04.png,character-base/layers/1out-outfit/angl-angler-pants/char_a_p1C_1out_angl_v04.png
move,20.04a - Angler Pants and Rain Hat 2.1 (comp. v01)/optional files (unsupported)/char_a_p1C/1out/char_a_p1C_1out_angl_v05.png,character-base/layers/1out-outfit/angl-angler-pants/char_a_p1C_1out_angl_v05.png
move,20.04a - Angler Pants and Rain Hat 2.1 (comp. v01)/optional files (unsupported)/char_a_p1C/5hat/char_a_p1C_5hat_rnht_v01.png,character-base/layers/5hat-hat/rnht-rain-hat/char_a_p1C_5hat_rnht_v01.png
move,20.04a - Angler Pants and Rain Hat 2.1 (comp. v01)/optional files (unsupported)/char_a_p1C/5hat/char_a_p1C_5hat_rnht_v02.png,character-base/layers/5hat-hat/rnht-rain-hat/char_a_p1C_5hat_rnht_v02.png
move,20.04a - Angler Pants and Rain Hat 2.1 (comp. v01)/optional files (unsupported)/char_a_p1C/5hat/char_a_p1C_5hat_rnht_v03.png,character-base/layers/5hat-hat/rnht-rain-hat/char_a_p1C_5hat_rnht_v03.png
move,20.04a - Angler Pants and Rain Hat 2.1 (comp. v01)/optional files (unsupported)/char_a_p1C/5hat/char_a_p1C_5hat_rnht_v04.png,character-base/layers/5hat-hat/rnht-rain-hat/char_a_p1C_5hat_rnht_v04.png
move,20.04a - Angler Pants and Rain Hat 2.1 (comp. v01)/optional files (unsupported)/char_a_p1C/5hat/char_a_p1C_5hat_rnht_v05.png,character-base/layers/5hat-hat/rnht-rain-hat/char_a_p1C_5hat_rnht_v05.png
move,20.04a - Angler Pants and Rain Hat 2.1 (comp. v01)/optional files (unsupported)/char_a_p1B/1out/char_a_p1B_1out_angl_v01.png,character-base/layers/1out-outfit/angl-angler-pants/char_a_p1B_1out_angl_v01.png
move,20.04a - Angler Pants and Rain Hat 2.1 (comp. v01)/optional files (unsupported)/char_a_p1B/1out/char_a_p1B_1out_angl_v02.png,character-base/layers/1out-outfit/angl-angler-pants/char_a_p1B_1out_angl_v02.png
move,20.04a - Angler Pants and Rain Hat 2.1 (comp. v01)/optional files (unsupported)/char_a_p1B/1out/char_a_p1B_1out_angl_v03.png,character-base/layers/1out-outfit/angl-angler-pants/char_a_p1B_1out_angl_v03.png
move,20.04a - Angler Pants and Rain Hat 2.1 (comp. v01)/optional files (unsupported)/char_a_p1B/1out/char_a_p1B_1out_angl_v04.png,character-base/layers/1out-outfit/angl-angler-pants/char_a_p1B_1out_angl_v04.png
move,20.04a - Angler Pants and Rain Hat 2.1 (comp. v01)/optional files (unsupported)/char_a_p1B/1out/char_a_p1B_1out_angl_v05.png,character-base/layers/1out-outfit/angl-angler-pants/char_a_p1B_1out_angl_v05.png
move,20.04a - Angler Pants and Rain Hat 2.1 (comp. v01)/optional files (unsupported)/char_a_p1B/5hat/char_a_p1B_5hat_rnht_v01.png,character-base/layers/5hat-hat/rnht-rain-hat/char_a_p1B_5hat_rnht_v01.png
move,20.04a - Angler Pants and Rain Hat 2.1 (comp. v01)/optional files (unsupported)/char_a_p1B/5hat/char_a_p1B_5hat_rnht_v02.png,character-base/layers/5hat-hat/rnht-rain-hat/char_a_p1B_5hat_rnht_v02.png
move,20.04a - Angler Pants and Rain Hat 2.1 (comp. v01)/optional files (unsupported)/char_a_p1B/5hat/char_a_p1B_5hat_rnht_v03.png,character-base/layers/5hat-hat/rnht-rain-hat/char_a_p1B_5hat_rnht_v03.png
move,20.04a - Angler Pants and Rain Hat 2.1 (comp. v01)/optional files (unsupported)/char_a_p1B/5hat/char_a_p1B_5hat_rnht_v04.png,character-base/layers/5hat-hat/rnht-rain-hat/char_a_p1B_5hat_rnht_v04.png
move,20.04a - Angler Pants and Rain Hat 2.1 (comp. v01)/optional files (unsupported)/char_a_p1B/5hat/char_a_p1B_5hat_rnht_v05.png,character-base/layers/5hat-hat/rnht-rain-hat/char_a_p1B_5hat_rnht_v05.png
move,20.04a - Angler Pants and Rain Hat 2.1 (comp. v01)/char_a_p3/1out/char_a_p3_1out_angl_v01.png,character-base/layers/1out-outfit/angl-angler-pants/char_a_p3_1out_angl_v01.png
move,20.04a - Angler Pants and Rain Hat 2.1 (comp. v01)/char_a_p3/1out/char_a_p3_1out_angl_v02.png,character-base/layers/1out-outfit/angl-angler-pants/char_a_p3_1out_angl_v02.png
move,20.04a - Angler Pants and Rain Hat 2.1 (comp. v01)/char_a_p3/1out/char_a_p3_1out_angl_v03.png,character-base/layers/1out-outfit/angl-angler-pants/char_a_p3_1out_angl_v03.png
move,20.04a - Angler Pants and Rain Hat 2.1 (comp. v01)/char_a_p3/1out/char_a_p3_1out_angl_v04.png,character-base/layers/1out-outfit/angl-angler-pants/char_a_p3_1out_angl_v04.png
move,20.04a - Angler Pants and Rain Hat 2.1 (comp. v01)/char_a_p3/1out/char_a_p3_1out_angl_v05.png,character-base/layers/1out-outfit/angl-angler-pants/char_a_p3_1out_angl_v05.png
move,20.04a - Angler Pants and Rain Hat 2.1 (comp. v01)/char_a_p3/5hat/char_a_p3_5hat_rnht_v01.png,character-base/layers/5hat-hat/rnht-rain-hat/char_a_p3_5hat_rnht_v01.png
move,20.04a - Angler Pants and Rain Hat 2.1 (comp. v01)/char_a_p3/5hat/char_a_p3_5hat_rnht_v02.png,character-base/layers/5hat-hat/rnht-rain-hat/char_a_p3_5hat_rnht_v02.png
move,20.04a - Angler Pants and Rain Hat 2.1 (comp. v01)/char_a_p3/5hat/char_a_p3_5hat_rnht_v03.png,character-base/layers/5hat-hat/rnht-rain-hat/char_a_p3_5hat_rnht_v03.png
move,20.04a - Angler Pants and Rain Hat 2.1 (comp. v01)/char_a_p3/5hat/char_a_p3_5hat_rnht_v04.png,character-base/layers/5hat-hat/rnht-rain-hat/char_a_p3_5hat_rnht_v04.png
move,20.04a - Angler Pants and Rain Hat 2.1 (comp. v01)/char_a_p3/5hat/char_a_p3_5hat_rnht_v05.png,character-base/layers/5hat-hat/rnht-rain-hat/char_a_p3_5hat_rnht_v05.png
move,20.04a - Angler Pants and Rain Hat 2.1 (comp. v01)/char_a_p4/1out/char_a_p4_1out_angl_v01.png,character-base/layers/1out-outfit/angl-angler-pants/char_a_p4_1out_angl_v01.png
move,20.04a - Angler Pants and Rain Hat 2.1 (comp. v01)/char_a_p4/1out/char_a_p4_1out_angl_v02.png,character-base/layers/1out-outfit/angl-angler-pants/char_a_p4_1out_angl_v02.png
move,20.04a - Angler Pants and Rain Hat 2.1 (comp. v01)/char_a_p4/1out/char_a_p4_1out_angl_v03.png,character-base/layers/1out-outfit/angl-angler-pants/char_a_p4_1out_angl_v03.png
move,20.04a - Angler Pants and Rain Hat 2.1 (comp. v01)/char_a_p4/1out/char_a_p4_1out_angl_v04.png,character-base/layers/1out-outfit/angl-angler-pants/char_a_p4_1out_angl_v04.png
move,20.04a - Angler Pants and Rain Hat 2.1 (comp. v01)/char_a_p4/1out/char_a_p4_1out_angl_v05.png,character-base/layers/1out-outfit/angl-angler-pants/char_a_p4_1out_angl_v05.png
move,20.04a - Angler Pants and Rain Hat 2.1 (comp. v01)/char_a_p4/5hat/char_a_p4_5hat_rnht_v01.png,character-base/layers/5hat-hat/rnht-rain-hat/char_a_p4_5hat_rnht_v01.png
move,20.04a - Angler Pants and Rain Hat 2.1 (comp. v01)/char_a_p4/5hat/char_a_p4_5hat_rnht_v02.png,character-base/layers/5hat-hat/rnht-rain-hat/char_a_p4_5hat_rnht_v02.png
move,20.04a - Angler Pants and Rain Hat 2.1 (comp. v01)/char_a_p4/5hat/char_a_p4_5hat_rnht_v03.png,character-base/layers/5hat-hat/rnht-rain-hat/char_a_p4_5hat_rnht_v03.png
move,20.04a - Angler Pants and Rain Hat 2.1 (comp. v01)/char_a_p4/5hat/char_a_p4_5hat_rnht_v04.png,character-base/layers/5hat-hat/rnht-rain-hat/char_a_p4_5hat_rnht_v04.png
move,20.04a - Angler Pants and Rain Hat 2.1 (comp. v01)/char_a_p4/5hat/char_a_p4_5hat_rnht_v05.png,character-base/layers/5hat-hat/rnht-rain-hat/char_a_p4_5hat_rnht_v05.png
move,20.04a - Angler Pants and Rain Hat 2.1 (comp. v01)/char_a_p2/1out/char_a_p2_1out_angl_v01.png,character-base/layers/1out-outfit/angl-angler-pants/char_a_p2_1out_angl_v01.png
move,20.04a - Angler Pants and Rain Hat 2.1 (comp. v01)/char_a_p2/1out/char_a_p2_1out_angl_v02.png,character-base/layers/1out-outfit/angl-angler-pants/char_a_p2_1out_angl_v02.png
move,20.04a - Angler Pants and Rain Hat 2.1 (comp. v01)/char_a_p2/1out/char_a_p2_1out_angl_v03.png,character-base/layers/1out-outfit/angl-angler-pants/char_a_p2_1out_angl_v03.png
move,20.04a - Angler Pants and Rain Hat 2.1 (comp. v01)/char_a_p2/1out/char_a_p2_1out_angl_v04.png,character-base/layers/1out-outfit/angl-angler-pants/char_a_p2_1out_angl_v04.png
move,20.04a - Angler Pants and Rain Hat 2.1 (comp. v01)/char_a_p2/1out/char_a_p2_1out_angl_v05.png,character-base/layers/1out-outfit/angl-angler-pants/char_a_p2_1out_angl_v05.png
move,20.04a - Angler Pants and Rain Hat 2.1 (comp. v01)/char_a_p2/5hat/char_a_p2_5hat_rnht_v01.png,character-base/layers/5hat-hat/rnht-rain-hat/char_a_p2_5hat_rnht_v01.png
move,20.04a - Angler Pants and Rain Hat 2.1 (comp. v01)/char_a_p2/5hat/char_a_p2_5hat_rnht_v02.png,character-base/layers/5hat-hat/rnht-rain-hat/char_a_p2_5hat_rnht_v02.png
move,20.04a - Angler Pants and Rain Hat 2.1 (comp. v01)/char_a_p2/5hat/char_a_p2_5hat_rnht_v03.png,character-base/layers/5hat-hat/rnht-rain-hat/char_a_p2_5hat_rnht_v03.png
move,20.04a - Angler Pants and Rain Hat 2.1 (comp. v01)/char_a_p2/5hat/char_a_p2_5hat_rnht_v04.png,character-base/layers/5hat-hat/rnht-rain-hat/char_a_p2_5hat_rnht_v04.png
move,20.04a - Angler Pants and Rain Hat 2.1 (comp. v01)/char_a_p2/5hat/char_a_p2_5hat_rnht_v05.png,character-base/layers/5hat-hat/rnht-rain-hat/char_a_p2_5hat_rnht_v05.png
move,20.04a - Angler Pants and Rain Hat 2.1 (comp. v01)/char_a_p1/1out/char_a_p1_1out_angl_v01.png,character-base/layers/1out-outfit/angl-angler-pants/char_a_p1_1out_angl_v01.png
move,20.04a - Angler Pants and Rain Hat 2.1 (comp. v01)/char_a_p1/1out/char_a_p1_1out_angl_v02.png,character-base/layers/1out-outfit/angl-angler-pants/char_a_p1_1out_angl_v02.png
move,20.04a - Angler Pants and Rain Hat 2.1 (comp. v01)/char_a_p1/1out/char_a_p1_1out_angl_v03.png,character-base/layers/1out-outfit/angl-angler-pants/char_a_p1_1out_angl_v03.png
move,20.04a - Angler Pants and Rain Hat 2.1 (comp. v01)/char_a_p1/1out/char_a_p1_1out_angl_v04.png,character-base/layers/1out-outfit/angl-angler-pants/char_a_p1_1out_angl_v04.png
move,20.04a - Angler Pants and Rain Hat 2.1 (comp. v01)/char_a_p1/1out/char_a_p1_1out_angl_v05.png,character-base/layers/1out-outfit/angl-angler-pants/char_a_p1_1out_angl_v05.png
move,20.04a - Angler Pants and Rain Hat 2.1 (comp. v01)/char_a_p1/5hat/char_a_p1_5hat_rnht_v01.png,character-base/layers/5hat-hat/rnht-rain-hat/char_a_p1_5hat_rnht_v01.png
move,20.04a - Angler Pants and Rain Hat 2.1 (comp. v01)/char_a_p1/5hat/char_a_p1_5hat_rnht_v02.png,character-base/layers/5hat-hat/rnht-rain-hat/char_a_p1_5hat_rnht_v02.png
move,20.04a - Angler Pants and Rain Hat 2.1 (comp. v01)/char_a_p1/5hat/char_a_p1_5hat_rnht_v03.png,character-base/layers/5hat-hat/rnht-rain-hat/char_a_p1_5hat_rnht_v03.png
move,20.04a - Angler Pants and Rain Hat 2.1 (comp. v01)/char_a_p1/5hat/char_a_p1_5hat_rnht_v04.png,character-base/layers/5hat-hat/rnht-rain-hat/char_a_p1_5hat_rnht_v04.png
move,20.04a - Angler Pants and Rain Hat 2.1 (comp. v01)/char_a_p1/5hat/char_a_p1_5hat_rnht_v05.png,character-base/layers/5hat-hat/rnht-rain-hat/char_a_p1_5hat_rnht_v05.png
move,22.10a - Mana Seed Farmer Sprite System v1.6.1/Farmer Sprite System readme.txt,farmer-sprite-system/guides/Farmer Sprite System readme.txt
move,22.10a - Mana Seed Farmer Sprite System v1.6.1/Selling Mana Seed Compatible Assets.txt,docs/Selling Mana Seed Compatible Assets.txt
move,22.10a - Mana Seed Farmer Sprite System v1.6.1/farmer_base_sheets/fbas_XXfldr_blank_sheet.png,farmer-sprite-system/fbas_XXfldr_blank_sheet.png
move,22.10a - Mana Seed Farmer Sprite System v1.6.1/farmer_base_sheets/11neck/fbas_11neck_cloakplain_00d.png,farmer-sprite-system/layers/11neck-neckwear/fbas_11neck_cloakplain_00d.png
move,22.10a - Mana Seed Farmer Sprite System v1.6.1/farmer_base_sheets/11neck/fbas_11neck_cloakwithmantleplain_00b.png,farmer-sprite-system/layers/11neck-neckwear/fbas_11neck_cloakwithmantleplain_00b.png
move,22.10a - Mana Seed Farmer Sprite System v1.6.1/farmer_base_sheets/11neck/fbas_11neck_mantleplain_00b.png,farmer-sprite-system/layers/11neck-neckwear/fbas_11neck_mantleplain_00b.png
move,22.10a - Mana Seed Farmer Sprite System v1.6.1/farmer_base_sheets/11neck/fbas_11neck_scarf_00b.png,farmer-sprite-system/layers/11neck-neckwear/fbas_11neck_scarf_00b.png
move,22.10a - Mana Seed Farmer Sprite System v1.6.1/farmer_base_sheets/04lwr1/fbas_04lwr1_longpants_00a.png,farmer-sprite-system/layers/04lwr1-pants-shorts/fbas_04lwr1_longpants_00a.png
move,22.10a - Mana Seed Farmer Sprite System v1.6.1/farmer_base_sheets/04lwr1/fbas_04lwr1_onepiece_00a.png,farmer-sprite-system/layers/04lwr1-pants-shorts/fbas_04lwr1_onepiece_00a.png
move,22.10a - Mana Seed Farmer Sprite System v1.6.1/farmer_base_sheets/04lwr1/fbas_04lwr1_onepieceboobs_00a.png,farmer-sprite-system/layers/04lwr1-pants-shorts/fbas_04lwr1_onepieceboobs_00a.png
move,22.10a - Mana Seed Farmer Sprite System v1.6.1/farmer_base_sheets/04lwr1/fbas_04lwr1_shorts_00a.png,farmer-sprite-system/layers/04lwr1-pants-shorts/fbas_04lwr1_shorts_00a.png
move,22.10a - Mana Seed Farmer Sprite System v1.6.1/farmer_base_sheets/04lwr1/fbas_04lwr1_undies_00a.png,farmer-sprite-system/layers/04lwr1-pants-shorts/fbas_04lwr1_undies_00a.png
move,22.10a - Mana Seed Farmer Sprite System v1.6.1/farmer_base_sheets/09hand/fbas_09hand_gloves_00a.png,farmer-sprite-system/layers/09hand-handwear/fbas_09hand_gloves_00a.png
move,22.10a - Mana Seed Farmer Sprite System v1.6.1/farmer_base_sheets/13hair/fbas_13hair_afro_00.png,farmer-sprite-system/layers/13hair-hair/fbas_13hair_afro_00.png
move,22.10a - Mana Seed Farmer Sprite System v1.6.1/farmer_base_sheets/13hair/fbas_13hair_afropuffs_00.png,farmer-sprite-system/layers/13hair-hair/fbas_13hair_afropuffs_00.png
move,22.10a - Mana Seed Farmer Sprite System v1.6.1/farmer_base_sheets/13hair/fbas_13hair_bob1_00.png,farmer-sprite-system/layers/13hair-hair/fbas_13hair_bob1_00.png
move,22.10a - Mana Seed Farmer Sprite System v1.6.1/farmer_base_sheets/13hair/fbas_13hair_bob2_00.png,farmer-sprite-system/layers/13hair-hair/fbas_13hair_bob2_00.png
move,22.10a - Mana Seed Farmer Sprite System v1.6.1/farmer_base_sheets/13hair/fbas_13hair_bushy_00.png,farmer-sprite-system/layers/13hair-hair/fbas_13hair_bushy_00.png
move,22.10a - Mana Seed Farmer Sprite System v1.6.1/farmer_base_sheets/13hair/fbas_13hair_dapper_00.png,farmer-sprite-system/layers/13hair-hair/fbas_13hair_dapper_00.png
move,22.10a - Mana Seed Farmer Sprite System v1.6.1/farmer_base_sheets/13hair/fbas_13hair_flattop_00.png,farmer-sprite-system/layers/13hair-hair/fbas_13hair_flattop_00.png
move,22.10a - Mana Seed Farmer Sprite System v1.6.1/farmer_base_sheets/13hair/fbas_13hair_longbound_00.png,farmer-sprite-system/layers/13hair-hair/fbas_13hair_longbound_00.png
move,22.10a - Mana Seed Farmer Sprite System v1.6.1/farmer_base_sheets/13hair/fbas_13hair_longboundclasped_00f.png,farmer-sprite-system/layers/13hair-hair/fbas_13hair_longboundclasped_00f.png
move,22.10a - Mana Seed Farmer Sprite System v1.6.1/farmer_base_sheets/13hair/fbas_13hair_longwavy_00.png,farmer-sprite-system/layers/13hair-hair/fbas_13hair_longwavy_00.png
move,22.10a - Mana Seed Farmer Sprite System v1.6.1/farmer_base_sheets/13hair/fbas_13hair_mohawk_00_e.png,farmer-sprite-system/layers/13hair-hair/fbas_13hair_mohawk_00_e.png
move,22.10a - Mana Seed Farmer Sprite System v1.6.1/farmer_base_sheets/13hair/fbas_13hair_ponytail1_00.png,farmer-sprite-system/layers/13hair-hair/fbas_13hair_ponytail1_00.png
move,22.10a - Mana Seed Farmer Sprite System v1.6.1/farmer_base_sheets/13hair/fbas_13hair_spiky1_00.png,farmer-sprite-system/layers/13hair-hair/fbas_13hair_spiky1_00.png
move,22.10a - Mana Seed Farmer Sprite System v1.6.1/farmer_base_sheets/13hair/fbas_13hair_spiky2_00.png,farmer-sprite-system/layers/13hair-hair/fbas_13hair_spiky2_00.png
move,22.10a - Mana Seed Farmer Sprite System v1.6.1/farmer_base_sheets/13hair/fbas_13hair_topknot_00f.png,farmer-sprite-system/layers/13hair-hair/fbas_13hair_topknot_00f.png
move,22.10a - Mana Seed Farmer Sprite System v1.6.1/farmer_base_sheets/13hair/fbas_13hair_twintail_00.png,farmer-sprite-system/layers/13hair-hair/fbas_13hair_twintail_00.png
move,22.10a - Mana Seed Farmer Sprite System v1.6.1/farmer_base_sheets/13hair/fbas_13hair_twists_00.png,farmer-sprite-system/layers/13hair-hair/fbas_13hair_twists_00.png
move,22.10a - Mana Seed Farmer Sprite System v1.6.1/farmer_base_sheets/08lwr3/fbas_08lwr3_frillydress_00a.png,farmer-sprite-system/layers/08lwr3-skirts-dresses/fbas_08lwr3_frillydress_00a.png
move,22.10a - Mana Seed Farmer Sprite System v1.6.1/farmer_base_sheets/08lwr3/fbas_08lwr3_frillydressboobs_00a.png,farmer-sprite-system/layers/08lwr3-skirts-dresses/fbas_08lwr3_frillydressboobs_00a.png
move,22.10a - Mana Seed Farmer Sprite System v1.6.1/farmer_base_sheets/08lwr3/fbas_08lwr3_frillyskirt_00a.png,farmer-sprite-system/layers/08lwr3-skirts-dresses/fbas_08lwr3_frillyskirt_00a.png
move,22.10a - Mana Seed Farmer Sprite System v1.6.1/farmer_base_sheets/08lwr3/fbas_08lwr3_longdress_00a.png,farmer-sprite-system/layers/08lwr3-skirts-dresses/fbas_08lwr3_longdress_00a.png
move,22.10a - Mana Seed Farmer Sprite System v1.6.1/farmer_base_sheets/08lwr3/fbas_08lwr3_longdressboobs_00a.png,farmer-sprite-system/layers/08lwr3-skirts-dresses/fbas_08lwr3_longdressboobs_00a.png
move,22.10a - Mana Seed Farmer Sprite System v1.6.1/farmer_base_sheets/08lwr3/fbas_08lwr3_longskirt_00a.png,farmer-sprite-system/layers/08lwr3-skirts-dresses/fbas_08lwr3_longskirt_00a.png
move,22.10a - Mana Seed Farmer Sprite System v1.6.1/farmer_base_sheets/07fot2/fbas_07fot2_cuffedboots_00a.png,farmer-sprite-system/layers/07fot2-boots-over-pants/fbas_07fot2_cuffedboots_00a.png
move,22.10a - Mana Seed Farmer Sprite System v1.6.1/farmer_base_sheets/07fot2/fbas_07fot2_curlytoeshoes_00a.png,farmer-sprite-system/layers/07fot2-boots-over-pants/fbas_07fot2_curlytoeshoes_00a.png
move,22.10a - Mana Seed Farmer Sprite System v1.6.1/farmer_base_sheets/10outr/fbas_10outr_suspenders_00a.png,farmer-sprite-system/layers/10outr-outerwear/fbas_10outr_suspenders_00a.png
move,22.10a - Mana Seed Farmer Sprite System v1.6.1/farmer_base_sheets/10outr/fbas_10outr_vest_00a.png,farmer-sprite-system/layers/10outr-outerwear/fbas_10outr_vest_00a.png
move,22.10a - Mana Seed Farmer Sprite System v1.6.1/farmer_base_sheets/01body/fbas_01body_human_00.png,farmer-sprite-system/layers/01body-body/fbas_01body_human_00.png
move,22.10a - Mana Seed Farmer Sprite System v1.6.1/farmer_base_sheets/01body/fbas_01body_humannolegs_00.png,farmer-sprite-system/layers/01body-body/fbas_01body_humannolegs_00.png
move,22.10a - Mana Seed Farmer Sprite System v1.6.1/farmer_base_sheets/06lwr2/fbas_06lwr2_overalls_00a.png,farmer-sprite-system/layers/06lwr2-overalls/fbas_06lwr2_overalls_00a.png
move,22.10a - Mana Seed Farmer Sprite System v1.6.1/farmer_base_sheets/06lwr2/fbas_06lwr2_overallsboobs_00a.png,farmer-sprite-system/layers/06lwr2-overalls/fbas_06lwr2_overallsboobs_00a.png
move,22.10a - Mana Seed Farmer Sprite System v1.6.1/farmer_base_sheets/06lwr2/fbas_06lwr2_shortalls_00a.png,farmer-sprite-system/layers/06lwr2-overalls/fbas_06lwr2_shortalls_00a.png
move,22.10a - Mana Seed Farmer Sprite System v1.6.1/farmer_base_sheets/06lwr2/fbas_06lwr2_shortallsboobs_00a.png,farmer-sprite-system/layers/06lwr2-overalls/fbas_06lwr2_shortallsboobs_00a.png
move,22.10a - Mana Seed Farmer Sprite System v1.6.1/farmer_base_sheets/12face/fbas_12face_glasses_00a.png,farmer-sprite-system/layers/12face-facewear/fbas_12face_glasses_00a.png
move,22.10a - Mana Seed Farmer Sprite System v1.6.1/farmer_base_sheets/12face/fbas_12face_shades_00a.png,farmer-sprite-system/layers/12face-facewear/fbas_12face_shades_00a.png
move,22.10a - Mana Seed Farmer Sprite System v1.6.1/farmer_base_sheets/14head/fbas_14head_bandana_00b_e.png,farmer-sprite-system/layers/14head-headwear/fbas_14head_bandana_00b_e.png
move,22.10a - Mana Seed Farmer Sprite System v1.6.1/farmer_base_sheets/14head/fbas_14head_boaterhat_00d.png,farmer-sprite-system/layers/14head-headwear/fbas_14head_boaterhat_00d.png
move,22.10a - Mana Seed Farmer Sprite System v1.6.1/farmer_base_sheets/14head/fbas_14head_boaterhat_01.png,farmer-sprite-system/layers/14head-headwear/fbas_14head_boaterhat_01.png
move,22.10a - Mana Seed Farmer Sprite System v1.6.1/farmer_base_sheets/14head/fbas_14head_cowboyhat_00d.png,farmer-sprite-system/layers/14head-headwear/fbas_14head_cowboyhat_00d.png
move,22.10a - Mana Seed Farmer Sprite System v1.6.1/farmer_base_sheets/14head/fbas_14head_cowboyhat_01.png,farmer-sprite-system/layers/14head-headwear/fbas_14head_cowboyhat_01.png
move,22.10a - Mana Seed Farmer Sprite System v1.6.1/farmer_base_sheets/14head/fbas_14head_floppyhat_00d.png,farmer-sprite-system/layers/14head-headwear/fbas_14head_floppyhat_00d.png
move,22.10a - Mana Seed Farmer Sprite System v1.6.1/farmer_base_sheets/14head/fbas_14head_floppyhat_01.png,farmer-sprite-system/layers/14head-headwear/fbas_14head_floppyhat_01.png
move,22.10a - Mana Seed Farmer Sprite System v1.6.1/farmer_base_sheets/14head/fbas_14head_headscarf_00b_e.png,farmer-sprite-system/layers/14head-headwear/fbas_14head_headscarf_00b_e.png
move,22.10a - Mana Seed Farmer Sprite System v1.6.1/farmer_base_sheets/14head/fbas_14head_mushroom1_00d.png,farmer-sprite-system/layers/14head-headwear/fbas_14head_mushroom1_00d.png
move,22.10a - Mana Seed Farmer Sprite System v1.6.1/farmer_base_sheets/14head/fbas_14head_mushroom1_01.png,farmer-sprite-system/layers/14head-headwear/fbas_14head_mushroom1_01.png
move,22.10a - Mana Seed Farmer Sprite System v1.6.1/farmer_base_sheets/14head/fbas_14head_mushroom1_02.png,farmer-sprite-system/layers/14head-headwear/fbas_14head_mushroom1_02.png
move,22.10a - Mana Seed Farmer Sprite System v1.6.1/farmer_base_sheets/14head/fbas_14head_mushroom1_03.png,farmer-sprite-system/layers/14head-headwear/fbas_14head_mushroom1_03.png
move,22.10a - Mana Seed Farmer Sprite System v1.6.1/farmer_base_sheets/14head/fbas_14head_mushroom1_04.png,farmer-sprite-system/layers/14head-headwear/fbas_14head_mushroom1_04.png
move,22.10a - Mana Seed Farmer Sprite System v1.6.1/farmer_base_sheets/14head/fbas_14head_mushroom1_05.png,farmer-sprite-system/layers/14head-headwear/fbas_14head_mushroom1_05.png
move,22.10a - Mana Seed Farmer Sprite System v1.6.1/farmer_base_sheets/14head/fbas_14head_strawhat_00d.png,farmer-sprite-system/layers/14head-headwear/fbas_14head_strawhat_00d.png
move,22.10a - Mana Seed Farmer Sprite System v1.6.1/farmer_base_sheets/14head/fbas_14head_strawhat_01.png,farmer-sprite-system/layers/14head-headwear/fbas_14head_strawhat_01.png
move,22.10a - Mana Seed Farmer Sprite System v1.6.1/farmer_base_sheets/02sock/fbas_02sock_sockshigh_00a.png,farmer-sprite-system/layers/02sock-legwear/fbas_02sock_sockshigh_00a.png
move,22.10a - Mana Seed Farmer Sprite System v1.6.1/farmer_base_sheets/02sock/fbas_02sock_sockslow_00a.png,farmer-sprite-system/layers/02sock-legwear/fbas_02sock_sockslow_00a.png
move,22.10a - Mana Seed Farmer Sprite System v1.6.1/farmer_base_sheets/02sock/fbas_02sock_stockings_00a.png,farmer-sprite-system/layers/02sock-legwear/fbas_02sock_stockings_00a.png
move,22.10a - Mana Seed Farmer Sprite System v1.6.1/farmer_base_sheets/05shrt/fbas_05shrt_bra_00a.png,farmer-sprite-system/layers/05shrt-shirts/fbas_05shrt_bra_00a.png
move,22.10a - Mana Seed Farmer Sprite System v1.6.1/farmer_base_sheets/05shrt/fbas_05shrt_longshirt_00a.png,farmer-sprite-system/layers/05shrt-shirts/fbas_05shrt_longshirt_00a.png
move,22.10a - Mana Seed Farmer Sprite System v1.6.1/farmer_base_sheets/05shrt/fbas_05shrt_longshirtboobs_00a.png,farmer-sprite-system/layers/05shrt-shirts/fbas_05shrt_longshirtboobs_00a.png
move,22.10a - Mana Seed Farmer Sprite System v1.6.1/farmer_base_sheets/05shrt/fbas_05shrt_shortshirt_00a.png,farmer-sprite-system/layers/05shrt-shirts/fbas_05shrt_shortshirt_00a.png
move,22.10a - Mana Seed Farmer Sprite System v1.6.1/farmer_base_sheets/05shrt/fbas_05shrt_shortshirtboobs_00a.png,farmer-sprite-system/layers/05shrt-shirts/fbas_05shrt_shortshirtboobs_00a.png
move,22.10a - Mana Seed Farmer Sprite System v1.6.1/farmer_base_sheets/05shrt/fbas_05shrt_tanktop_00a.png,farmer-sprite-system/layers/05shrt-shirts/fbas_05shrt_tanktop_00a.png
move,22.10a - Mana Seed Farmer Sprite System v1.6.1/farmer_base_sheets/05shrt/fbas_05shrt_tanktopboobs_00a.png,farmer-sprite-system/layers/05shrt-shirts/fbas_05shrt_tanktopboobs_00a.png
move,22.10a - Mana Seed Farmer Sprite System v1.6.1/farmer_base_sheets/03fot1/fbas_03fot1_boots_00a.png,farmer-sprite-system/layers/03fot1-shoes-under-pants/fbas_03fot1_boots_00a.png
move,22.10a - Mana Seed Farmer Sprite System v1.6.1/farmer_base_sheets/03fot1/fbas_03fot1_sandals_00a.png,farmer-sprite-system/layers/03fot1-shoes-under-pants/fbas_03fot1_sandals_00a.png
move,22.10a - Mana Seed Farmer Sprite System v1.6.1/farmer_base_sheets/03fot1/fbas_03fot1_shoes_00a.png,farmer-sprite-system/layers/03fot1-shoes-under-pants/fbas_03fot1_shoes_00a.png
move,22.10a - Mana Seed Farmer Sprite System v1.6.1/farmer_base_sheets/00undr/fbas_00undr_cloakplain_00d.png,farmer-sprite-system/layers/00undr-under-everything/fbas_00undr_cloakplain_00d.png
move,22.10a - Mana Seed Farmer Sprite System v1.6.1/farmer_base_sheets/00undr/fbas_00undr_cloakwithmantleplain_00b.png,farmer-sprite-system/layers/00undr-under-everything/fbas_00undr_cloakwithmantleplain_00b.png
move,20.10a - Spear Combat 3.3/optional files (unsupported)/char_a_p1B/6tla/char_a_p1B_6tla_hb01_v01.png,character-base/layers/6tla-tool-main/hb01-halberd/char_a_p1B_6tla_hb01_v01.png
move,20.10a - Spear Combat 3.3/optional files (unsupported)/char_a_p1B/6tla/char_a_p1B_6tla_hb01_v02.png,character-base/layers/6tla-tool-main/hb01-halberd/char_a_p1B_6tla_hb01_v02.png
move,20.10a - Spear Combat 3.3/optional files (unsupported)/char_a_p1B/6tla/char_a_p1B_6tla_hb01_v03.png,character-base/layers/6tla-tool-main/hb01-halberd/char_a_p1B_6tla_hb01_v03.png
move,20.10a - Spear Combat 3.3/optional files (unsupported)/char_a_p1B/6tla/char_a_p1B_6tla_hb01_v04.png,character-base/layers/6tla-tool-main/hb01-halberd/char_a_p1B_6tla_hb01_v04.png
move,20.10a - Spear Combat 3.3/optional files (unsupported)/char_a_p1B/6tla/char_a_p1B_6tla_hb01_v05.png,character-base/layers/6tla-tool-main/hb01-halberd/char_a_p1B_6tla_hb01_v05.png
move,20.10a - Spear Combat 3.3/optional files (unsupported)/char_a_p1B/6tla/char_a_p1B_6tla_sp01_v01.png,character-base/layers/6tla-tool-main/sp01-spear/char_a_p1B_6tla_sp01_v01.png
move,20.10a - Spear Combat 3.3/optional files (unsupported)/char_a_p1B/6tla/char_a_p1B_6tla_sp01_v02.png,character-base/layers/6tla-tool-main/sp01-spear/char_a_p1B_6tla_sp01_v02.png
move,20.10a - Spear Combat 3.3/optional files (unsupported)/char_a_p1B/6tla/char_a_p1B_6tla_sp01_v03.png,character-base/layers/6tla-tool-main/sp01-spear/char_a_p1B_6tla_sp01_v03.png
move,20.10a - Spear Combat 3.3/optional files (unsupported)/char_a_p1B/6tla/char_a_p1B_6tla_sp01_v04.png,character-base/layers/6tla-tool-main/sp01-spear/char_a_p1B_6tla_sp01_v04.png
move,20.10a - Spear Combat 3.3/optional files (unsupported)/char_a_p1B/6tla/char_a_p1B_6tla_sp01_v05.png,character-base/layers/6tla-tool-main/sp01-spear/char_a_p1B_6tla_sp01_v05.png
move,20.10a - Spear Combat 3.3/optional files (unsupported)/char_a_p1B/6tla/char_a_p1B_6tla_sp02_v01.png,character-base/layers/6tla-tool-main/sp02-spear-alt/char_a_p1B_6tla_sp02_v01.png
move,20.10a - Spear Combat 3.3/optional files (unsupported)/char_a_p1B/6tla/char_a_p1B_6tla_sp02_v02.png,character-base/layers/6tla-tool-main/sp02-spear-alt/char_a_p1B_6tla_sp02_v02.png
move,20.10a - Spear Combat 3.3/optional files (unsupported)/char_a_p1B/6tla/char_a_p1B_6tla_sp02_v03.png,character-base/layers/6tla-tool-main/sp02-spear-alt/char_a_p1B_6tla_sp02_v03.png
move,20.10a - Spear Combat 3.3/optional files (unsupported)/char_a_p1B/6tla/char_a_p1B_6tla_sp02_v04.png,character-base/layers/6tla-tool-main/sp02-spear-alt/char_a_p1B_6tla_sp02_v04.png
move,20.10a - Spear Combat 3.3/optional files (unsupported)/char_a_p1B/6tla/char_a_p1B_6tla_sp02_v05.png,character-base/layers/6tla-tool-main/sp02-spear-alt/char_a_p1B_6tla_sp02_v05.png
move,20.10a - Spear Combat 3.3/char_a_pPOL3/char_a_pPOL3_0bas_humn_v00.png,character-base/layers/0bas-body/humn-human/char_a_pPOL3_0bas_humn_v00.png
move,20.10a - Spear Combat 3.3/char_a_pPOL3/char_a_pPOL3_0bas_humn_v01.png,character-base/layers/0bas-body/humn-human/char_a_pPOL3_0bas_humn_v01.png
move,20.10a - Spear Combat 3.3/char_a_pPOL3/char_a_pPOL3_0bas_humn_v02.png,character-base/layers/0bas-body/humn-human/char_a_pPOL3_0bas_humn_v02.png
move,20.10a - Spear Combat 3.3/char_a_pPOL3/char_a_pPOL3_0bas_humn_v03.png,character-base/layers/0bas-body/humn-human/char_a_pPOL3_0bas_humn_v03.png
move,20.10a - Spear Combat 3.3/char_a_pPOL3/char_a_pPOL3_0bas_humn_v04.png,character-base/layers/0bas-body/humn-human/char_a_pPOL3_0bas_humn_v04.png
move,20.10a - Spear Combat 3.3/char_a_pPOL3/char_a_pPOL3_0bas_humn_v05.png,character-base/layers/0bas-body/humn-human/char_a_pPOL3_0bas_humn_v05.png
move,20.10a - Spear Combat 3.3/char_a_pPOL3/char_a_pPOL3_0bas_humn_v06.png,character-base/layers/0bas-body/humn-human/char_a_pPOL3_0bas_humn_v06.png
move,20.10a - Spear Combat 3.3/char_a_pPOL3/char_a_pPOL3_0bas_humn_v07.png,character-base/layers/0bas-body/humn-human/char_a_pPOL3_0bas_humn_v07.png
move,20.10a - Spear Combat 3.3/char_a_pPOL3/char_a_pPOL3_0bas_humn_v08.png,character-base/layers/0bas-body/humn-human/char_a_pPOL3_0bas_humn_v08.png
move,20.10a - Spear Combat 3.3/char_a_pPOL3/char_a_pPOL3_0bas_humn_v09.png,character-base/layers/0bas-body/humn-human/char_a_pPOL3_0bas_humn_v09.png
move,20.10a - Spear Combat 3.3/char_a_pPOL3/char_a_pPOL3_0bas_humn_v10.png,character-base/layers/0bas-body/humn-human/char_a_pPOL3_0bas_humn_v10.png
move,20.10a - Spear Combat 3.3/char_a_pPOL3/4har/char_a_pPOL3_4har_bob1_v00.png,character-base/layers/4har-hair/bob1-bob/char_a_pPOL3_4har_bob1_v00.png
move,20.10a - Spear Combat 3.3/char_a_pPOL3/4har/char_a_pPOL3_4har_bob1_v01.png,character-base/layers/4har-hair/bob1-bob/char_a_pPOL3_4har_bob1_v01.png
move,20.10a - Spear Combat 3.3/char_a_pPOL3/4har/char_a_pPOL3_4har_bob1_v02.png,character-base/layers/4har-hair/bob1-bob/char_a_pPOL3_4har_bob1_v02.png
move,20.10a - Spear Combat 3.3/char_a_pPOL3/4har/char_a_pPOL3_4har_bob1_v03.png,character-base/layers/4har-hair/bob1-bob/char_a_pPOL3_4har_bob1_v03.png
move,20.10a - Spear Combat 3.3/char_a_pPOL3/4har/char_a_pPOL3_4har_bob1_v04.png,character-base/layers/4har-hair/bob1-bob/char_a_pPOL3_4har_bob1_v04.png
move,20.10a - Spear Combat 3.3/char_a_pPOL3/4har/char_a_pPOL3_4har_bob1_v05.png,character-base/layers/4har-hair/bob1-bob/char_a_pPOL3_4har_bob1_v05.png
move,20.10a - Spear Combat 3.3/char_a_pPOL3/4har/char_a_pPOL3_4har_bob1_v06.png,character-base/layers/4har-hair/bob1-bob/char_a_pPOL3_4har_bob1_v06.png
move,20.10a - Spear Combat 3.3/char_a_pPOL3/4har/char_a_pPOL3_4har_bob1_v07.png,character-base/layers/4har-hair/bob1-bob/char_a_pPOL3_4har_bob1_v07.png
move,20.10a - Spear Combat 3.3/char_a_pPOL3/4har/char_a_pPOL3_4har_bob1_v08.png,character-base/layers/4har-hair/bob1-bob/char_a_pPOL3_4har_bob1_v08.png
move,20.10a - Spear Combat 3.3/char_a_pPOL3/4har/char_a_pPOL3_4har_bob1_v09.png,character-base/layers/4har-hair/bob1-bob/char_a_pPOL3_4har_bob1_v09.png
move,20.10a - Spear Combat 3.3/char_a_pPOL3/4har/char_a_pPOL3_4har_bob1_v10.png,character-base/layers/4har-hair/bob1-bob/char_a_pPOL3_4har_bob1_v10.png
move,20.10a - Spear Combat 3.3/char_a_pPOL3/4har/char_a_pPOL3_4har_bob1_v11.png,character-base/layers/4har-hair/bob1-bob/char_a_pPOL3_4har_bob1_v11.png
move,20.10a - Spear Combat 3.3/char_a_pPOL3/4har/char_a_pPOL3_4har_bob1_v12.png,character-base/layers/4har-hair/bob1-bob/char_a_pPOL3_4har_bob1_v12.png
move,20.10a - Spear Combat 3.3/char_a_pPOL3/4har/char_a_pPOL3_4har_bob1_v13.png,character-base/layers/4har-hair/bob1-bob/char_a_pPOL3_4har_bob1_v13.png
move,20.10a - Spear Combat 3.3/char_a_pPOL3/4har/char_a_pPOL3_4har_dap1_v00.png,character-base/layers/4har-hair/dap1-dapper/char_a_pPOL3_4har_dap1_v00.png
move,20.10a - Spear Combat 3.3/char_a_pPOL3/4har/char_a_pPOL3_4har_dap1_v01.png,character-base/layers/4har-hair/dap1-dapper/char_a_pPOL3_4har_dap1_v01.png
move,20.10a - Spear Combat 3.3/char_a_pPOL3/4har/char_a_pPOL3_4har_dap1_v02.png,character-base/layers/4har-hair/dap1-dapper/char_a_pPOL3_4har_dap1_v02.png
move,20.10a - Spear Combat 3.3/char_a_pPOL3/4har/char_a_pPOL3_4har_dap1_v03.png,character-base/layers/4har-hair/dap1-dapper/char_a_pPOL3_4har_dap1_v03.png
move,20.10a - Spear Combat 3.3/char_a_pPOL3/4har/char_a_pPOL3_4har_dap1_v04.png,character-base/layers/4har-hair/dap1-dapper/char_a_pPOL3_4har_dap1_v04.png
move,20.10a - Spear Combat 3.3/char_a_pPOL3/4har/char_a_pPOL3_4har_dap1_v05.png,character-base/layers/4har-hair/dap1-dapper/char_a_pPOL3_4har_dap1_v05.png
move,20.10a - Spear Combat 3.3/char_a_pPOL3/4har/char_a_pPOL3_4har_dap1_v06.png,character-base/layers/4har-hair/dap1-dapper/char_a_pPOL3_4har_dap1_v06.png
move,20.10a - Spear Combat 3.3/char_a_pPOL3/4har/char_a_pPOL3_4har_dap1_v07.png,character-base/layers/4har-hair/dap1-dapper/char_a_pPOL3_4har_dap1_v07.png
move,20.10a - Spear Combat 3.3/char_a_pPOL3/4har/char_a_pPOL3_4har_dap1_v08.png,character-base/layers/4har-hair/dap1-dapper/char_a_pPOL3_4har_dap1_v08.png
move,20.10a - Spear Combat 3.3/char_a_pPOL3/4har/char_a_pPOL3_4har_dap1_v09.png,character-base/layers/4har-hair/dap1-dapper/char_a_pPOL3_4har_dap1_v09.png
move,20.10a - Spear Combat 3.3/char_a_pPOL3/4har/char_a_pPOL3_4har_dap1_v10.png,character-base/layers/4har-hair/dap1-dapper/char_a_pPOL3_4har_dap1_v10.png
move,20.10a - Spear Combat 3.3/char_a_pPOL3/4har/char_a_pPOL3_4har_dap1_v11.png,character-base/layers/4har-hair/dap1-dapper/char_a_pPOL3_4har_dap1_v11.png
move,20.10a - Spear Combat 3.3/char_a_pPOL3/4har/char_a_pPOL3_4har_dap1_v12.png,character-base/layers/4har-hair/dap1-dapper/char_a_pPOL3_4har_dap1_v12.png
move,20.10a - Spear Combat 3.3/char_a_pPOL3/4har/char_a_pPOL3_4har_dap1_v13.png,character-base/layers/4har-hair/dap1-dapper/char_a_pPOL3_4har_dap1_v13.png
move,20.10a - Spear Combat 3.3/char_a_pPOL3/1out/char_a_pPOL3_1out_boxr_v01.png,character-base/layers/1out-outfit/boxr-boxers/char_a_pPOL3_1out_boxr_v01.png
move,20.10a - Spear Combat 3.3/char_a_pPOL3/1out/char_a_pPOL3_1out_undi_v01.png,character-base/layers/1out-outfit/undi-undies/char_a_pPOL3_1out_undi_v01.png
move,20.10a - Spear Combat 3.3/char_a_pPOL3/6tla/char_a_pPOL3_6tla_hb01_v01.png,character-base/layers/6tla-tool-main/hb01-halberd/char_a_pPOL3_6tla_hb01_v01.png
move,20.10a - Spear Combat 3.3/char_a_pPOL3/6tla/char_a_pPOL3_6tla_hb01_v02.png,character-base/layers/6tla-tool-main/hb01-halberd/char_a_pPOL3_6tla_hb01_v02.png
move,20.10a - Spear Combat 3.3/char_a_pPOL3/6tla/char_a_pPOL3_6tla_hb01_v03.png,character-base/layers/6tla-tool-main/hb01-halberd/char_a_pPOL3_6tla_hb01_v03.png
move,20.10a - Spear Combat 3.3/char_a_pPOL3/6tla/char_a_pPOL3_6tla_hb01_v04.png,character-base/layers/6tla-tool-main/hb01-halberd/char_a_pPOL3_6tla_hb01_v04.png
move,20.10a - Spear Combat 3.3/char_a_pPOL3/6tla/char_a_pPOL3_6tla_hb01_v05.png,character-base/layers/6tla-tool-main/hb01-halberd/char_a_pPOL3_6tla_hb01_v05.png
move,20.10a - Spear Combat 3.3/char_a_pPOL3/6tla/char_a_pPOL3_6tla_sp01_v01.png,character-base/layers/6tla-tool-main/sp01-spear/char_a_pPOL3_6tla_sp01_v01.png
move,20.10a - Spear Combat 3.3/char_a_pPOL3/6tla/char_a_pPOL3_6tla_sp01_v02.png,character-base/layers/6tla-tool-main/sp01-spear/char_a_pPOL3_6tla_sp01_v02.png
move,20.10a - Spear Combat 3.3/char_a_pPOL3/6tla/char_a_pPOL3_6tla_sp01_v03.png,character-base/layers/6tla-tool-main/sp01-spear/char_a_pPOL3_6tla_sp01_v03.png
move,20.10a - Spear Combat 3.3/char_a_pPOL3/6tla/char_a_pPOL3_6tla_sp01_v04.png,character-base/layers/6tla-tool-main/sp01-spear/char_a_pPOL3_6tla_sp01_v04.png
move,20.10a - Spear Combat 3.3/char_a_pPOL3/6tla/char_a_pPOL3_6tla_sp01_v05.png,character-base/layers/6tla-tool-main/sp01-spear/char_a_pPOL3_6tla_sp01_v05.png
move,20.10a - Spear Combat 3.3/char_a_pPOL3/6tla/char_a_pPOL3_6tla_sp02_v01.png,character-base/layers/6tla-tool-main/sp02-spear-alt/char_a_pPOL3_6tla_sp02_v01.png
move,20.10a - Spear Combat 3.3/char_a_pPOL3/6tla/char_a_pPOL3_6tla_sp02_v02.png,character-base/layers/6tla-tool-main/sp02-spear-alt/char_a_pPOL3_6tla_sp02_v02.png
move,20.10a - Spear Combat 3.3/char_a_pPOL3/6tla/char_a_pPOL3_6tla_sp02_v03.png,character-base/layers/6tla-tool-main/sp02-spear-alt/char_a_pPOL3_6tla_sp02_v03.png
move,20.10a - Spear Combat 3.3/char_a_pPOL3/6tla/char_a_pPOL3_6tla_sp02_v04.png,character-base/layers/6tla-tool-main/sp02-spear-alt/char_a_pPOL3_6tla_sp02_v04.png
move,20.10a - Spear Combat 3.3/char_a_pPOL3/6tla/char_a_pPOL3_6tla_sp02_v05.png,character-base/layers/6tla-tool-main/sp02-spear-alt/char_a_pPOL3_6tla_sp02_v05.png
move,"20.10a - Spear Combat 3.3/guides/animations, page POLearm 1.png","character-base/guides/animations, page POLearm 1.png"
move,"20.10a - Spear Combat 3.3/guides/animations, page POLearm 2.png","character-base/guides/animations, page POLearm 2.png"
move,"20.10a - Spear Combat 3.3/guides/animations, page POLearm 3.png","character-base/guides/animations, page POLearm 3.png"
move,"20.10a - Spear Combat 3.3/guides/layer order, page POLearm 1.png","character-base/guides/layer order, page POLearm 1.png"
move,"20.10a - Spear Combat 3.3/guides/layer order, page POLearm 2.png","character-base/guides/layer order, page POLearm 2.png"
move,"20.10a - Spear Combat 3.3/guides/layer order, page POLearm 3.png","character-base/guides/layer order, page POLearm 3.png"
move,20.10a - Spear Combat 3.3/guides/using spear combat.txt,character-base/guides/using spear combat.txt
move,20.10a - Spear Combat 3.3/weapon sprites/pol_hb01_v01.png,character-base/effects-and-props/weapon sprites/pol_hb01_v01.png
move,20.10a - Spear Combat 3.3/weapon sprites/pol_hb01_v02.png,character-base/effects-and-props/weapon sprites/pol_hb01_v02.png
move,20.10a - Spear Combat 3.3/weapon sprites/pol_hb01_v03.png,character-base/effects-and-props/weapon sprites/pol_hb01_v03.png
move,20.10a - Spear Combat 3.3/weapon sprites/pol_hb01_v04.png,character-base/effects-and-props/weapon sprites/pol_hb01_v04.png
move,20.10a - Spear Combat 3.3/weapon sprites/pol_hb01_v05.png,character-base/effects-and-props/weapon sprites/pol_hb01_v05.png
move,20.10a - Spear Combat 3.3/weapon sprites/pol_sp01_v01.png,character-base/effects-and-props/weapon sprites/pol_sp01_v01.png
move,20.10a - Spear Combat 3.3/weapon sprites/pol_sp01_v02.png,character-base/effects-and-props/weapon sprites/pol_sp01_v02.png
move,20.10a - Spear Combat 3.3/weapon sprites/pol_sp01_v03.png,character-base/effects-and-props/weapon sprites/pol_sp01_v03.png
move,20.10a - Spear Combat 3.3/weapon sprites/pol_sp01_v04.png,character-base/effects-and-props/weapon sprites/pol_sp01_v04.png
move,20.10a - Spear Combat 3.3/weapon sprites/pol_sp01_v05.png,character-base/effects-and-props/weapon sprites/pol_sp01_v05.png
move,20.10a - Spear Combat 3.3/weapon sprites/pol_sp02_v01.png,character-base/effects-and-props/weapon sprites/pol_sp02_v01.png
move,20.10a - Spear Combat 3.3/weapon sprites/pol_sp02_v02.png,character-base/effects-and-props/weapon sprites/pol_sp02_v02.png
move,20.10a - Spear Combat 3.3/weapon sprites/pol_sp02_v03.png,character-base/effects-and-props/weapon sprites/pol_sp02_v03.png
move,20.10a - Spear Combat 3.3/weapon sprites/pol_sp02_v04.png,character-base/effects-and-props/weapon sprites/pol_sp02_v04.png
move,20.10a - Spear Combat 3.3/weapon sprites/pol_sp02_v05.png,character-base/effects-and-props/weapon sprites/pol_sp02_v05.png
move,20.10a - Spear Combat 3.3/char_a_pPOL2/char_a_pPOL2_0bas_humn_v00.png,character-base/layers/0bas-body/humn-human/char_a_pPOL2_0bas_humn_v00.png
move,20.10a - Spear Combat 3.3/char_a_pPOL2/char_a_pPOL2_0bas_humn_v01.png,character-base/layers/0bas-body/humn-human/char_a_pPOL2_0bas_humn_v01.png
move,20.10a - Spear Combat 3.3/char_a_pPOL2/char_a_pPOL2_0bas_humn_v02.png,character-base/layers/0bas-body/humn-human/char_a_pPOL2_0bas_humn_v02.png
move,20.10a - Spear Combat 3.3/char_a_pPOL2/char_a_pPOL2_0bas_humn_v03.png,character-base/layers/0bas-body/humn-human/char_a_pPOL2_0bas_humn_v03.png
move,20.10a - Spear Combat 3.3/char_a_pPOL2/char_a_pPOL2_0bas_humn_v04.png,character-base/layers/0bas-body/humn-human/char_a_pPOL2_0bas_humn_v04.png
move,20.10a - Spear Combat 3.3/char_a_pPOL2/char_a_pPOL2_0bas_humn_v05.png,character-base/layers/0bas-body/humn-human/char_a_pPOL2_0bas_humn_v05.png
move,20.10a - Spear Combat 3.3/char_a_pPOL2/char_a_pPOL2_0bas_humn_v06.png,character-base/layers/0bas-body/humn-human/char_a_pPOL2_0bas_humn_v06.png
move,20.10a - Spear Combat 3.3/char_a_pPOL2/char_a_pPOL2_0bas_humn_v07.png,character-base/layers/0bas-body/humn-human/char_a_pPOL2_0bas_humn_v07.png
move,20.10a - Spear Combat 3.3/char_a_pPOL2/char_a_pPOL2_0bas_humn_v08.png,character-base/layers/0bas-body/humn-human/char_a_pPOL2_0bas_humn_v08.png
move,20.10a - Spear Combat 3.3/char_a_pPOL2/char_a_pPOL2_0bas_humn_v09.png,character-base/layers/0bas-body/humn-human/char_a_pPOL2_0bas_humn_v09.png
move,20.10a - Spear Combat 3.3/char_a_pPOL2/char_a_pPOL2_0bas_humn_v10.png,character-base/layers/0bas-body/humn-human/char_a_pPOL2_0bas_humn_v10.png
move,20.10a - Spear Combat 3.3/char_a_pPOL2/4har/char_a_pPOL2_4har_bob1_v00.png,character-base/layers/4har-hair/bob1-bob/char_a_pPOL2_4har_bob1_v00.png
move,20.10a - Spear Combat 3.3/char_a_pPOL2/4har/char_a_pPOL2_4har_bob1_v01.png,character-base/layers/4har-hair/bob1-bob/char_a_pPOL2_4har_bob1_v01.png
move,20.10a - Spear Combat 3.3/char_a_pPOL2/4har/char_a_pPOL2_4har_bob1_v02.png,character-base/layers/4har-hair/bob1-bob/char_a_pPOL2_4har_bob1_v02.png
move,20.10a - Spear Combat 3.3/char_a_pPOL2/4har/char_a_pPOL2_4har_bob1_v03.png,character-base/layers/4har-hair/bob1-bob/char_a_pPOL2_4har_bob1_v03.png
move,20.10a - Spear Combat 3.3/char_a_pPOL2/4har/char_a_pPOL2_4har_bob1_v04.png,character-base/layers/4har-hair/bob1-bob/char_a_pPOL2_4har_bob1_v04.png
move,20.10a - Spear Combat 3.3/char_a_pPOL2/4har/char_a_pPOL2_4har_bob1_v05.png,character-base/layers/4har-hair/bob1-bob/char_a_pPOL2_4har_bob1_v05.png
move,20.10a - Spear Combat 3.3/char_a_pPOL2/4har/char_a_pPOL2_4har_bob1_v06.png,character-base/layers/4har-hair/bob1-bob/char_a_pPOL2_4har_bob1_v06.png
move,20.10a - Spear Combat 3.3/char_a_pPOL2/4har/char_a_pPOL2_4har_bob1_v07.png,character-base/layers/4har-hair/bob1-bob/char_a_pPOL2_4har_bob1_v07.png
move,20.10a - Spear Combat 3.3/char_a_pPOL2/4har/char_a_pPOL2_4har_bob1_v08.png,character-base/layers/4har-hair/bob1-bob/char_a_pPOL2_4har_bob1_v08.png
move,20.10a - Spear Combat 3.3/char_a_pPOL2/4har/char_a_pPOL2_4har_bob1_v09.png,character-base/layers/4har-hair/bob1-bob/char_a_pPOL2_4har_bob1_v09.png
move,20.10a - Spear Combat 3.3/char_a_pPOL2/4har/char_a_pPOL2_4har_bob1_v10.png,character-base/layers/4har-hair/bob1-bob/char_a_pPOL2_4har_bob1_v10.png
move,20.10a - Spear Combat 3.3/char_a_pPOL2/4har/char_a_pPOL2_4har_bob1_v11.png,character-base/layers/4har-hair/bob1-bob/char_a_pPOL2_4har_bob1_v11.png
move,20.10a - Spear Combat 3.3/char_a_pPOL2/4har/char_a_pPOL2_4har_bob1_v12.png,character-base/layers/4har-hair/bob1-bob/char_a_pPOL2_4har_bob1_v12.png
move,20.10a - Spear Combat 3.3/char_a_pPOL2/4har/char_a_pPOL2_4har_bob1_v13.png,character-base/layers/4har-hair/bob1-bob/char_a_pPOL2_4har_bob1_v13.png
move,20.10a - Spear Combat 3.3/char_a_pPOL2/4har/char_a_pPOL2_4har_dap1_v00.png,character-base/layers/4har-hair/dap1-dapper/char_a_pPOL2_4har_dap1_v00.png
move,20.10a - Spear Combat 3.3/char_a_pPOL2/4har/char_a_pPOL2_4har_dap1_v01.png,character-base/layers/4har-hair/dap1-dapper/char_a_pPOL2_4har_dap1_v01.png
move,20.10a - Spear Combat 3.3/char_a_pPOL2/4har/char_a_pPOL2_4har_dap1_v02.png,character-base/layers/4har-hair/dap1-dapper/char_a_pPOL2_4har_dap1_v02.png
move,20.10a - Spear Combat 3.3/char_a_pPOL2/4har/char_a_pPOL2_4har_dap1_v03.png,character-base/layers/4har-hair/dap1-dapper/char_a_pPOL2_4har_dap1_v03.png
move,20.10a - Spear Combat 3.3/char_a_pPOL2/4har/char_a_pPOL2_4har_dap1_v04.png,character-base/layers/4har-hair/dap1-dapper/char_a_pPOL2_4har_dap1_v04.png
move,20.10a - Spear Combat 3.3/char_a_pPOL2/4har/char_a_pPOL2_4har_dap1_v05.png,character-base/layers/4har-hair/dap1-dapper/char_a_pPOL2_4har_dap1_v05.png
move,20.10a - Spear Combat 3.3/char_a_pPOL2/4har/char_a_pPOL2_4har_dap1_v06.png,character-base/layers/4har-hair/dap1-dapper/char_a_pPOL2_4har_dap1_v06.png
move,20.10a - Spear Combat 3.3/char_a_pPOL2/4har/char_a_pPOL2_4har_dap1_v07.png,character-base/layers/4har-hair/dap1-dapper/char_a_pPOL2_4har_dap1_v07.png
move,20.10a - Spear Combat 3.3/char_a_pPOL2/4har/char_a_pPOL2_4har_dap1_v08.png,character-base/layers/4har-hair/dap1-dapper/char_a_pPOL2_4har_dap1_v08.png
move,20.10a - Spear Combat 3.3/char_a_pPOL2/4har/char_a_pPOL2_4har_dap1_v09.png,character-base/layers/4har-hair/dap1-dapper/char_a_pPOL2_4har_dap1_v09.png
move,20.10a - Spear Combat 3.3/char_a_pPOL2/4har/char_a_pPOL2_4har_dap1_v10.png,character-base/layers/4har-hair/dap1-dapper/char_a_pPOL2_4har_dap1_v10.png
move,20.10a - Spear Combat 3.3/char_a_pPOL2/4har/char_a_pPOL2_4har_dap1_v11.png,character-base/layers/4har-hair/dap1-dapper/char_a_pPOL2_4har_dap1_v11.png
move,20.10a - Spear Combat 3.3/char_a_pPOL2/4har/char_a_pPOL2_4har_dap1_v12.png,character-base/layers/4har-hair/dap1-dapper/char_a_pPOL2_4har_dap1_v12.png
move,20.10a - Spear Combat 3.3/char_a_pPOL2/4har/char_a_pPOL2_4har_dap1_v13.png,character-base/layers/4har-hair/dap1-dapper/char_a_pPOL2_4har_dap1_v13.png
move,20.10a - Spear Combat 3.3/char_a_pPOL2/1out/char_a_pPOL2_1out_boxr_v01.png,character-base/layers/1out-outfit/boxr-boxers/char_a_pPOL2_1out_boxr_v01.png
move,20.10a - Spear Combat 3.3/char_a_pPOL2/1out/char_a_pPOL2_1out_undi_v01.png,character-base/layers/1out-outfit/undi-undies/char_a_pPOL2_1out_undi_v01.png
move,20.10a - Spear Combat 3.3/char_a_pPOL2/6tla/char_a_pPOL2_6tla_hb01_v01.png,character-base/layers/6tla-tool-main/hb01-halberd/char_a_pPOL2_6tla_hb01_v01.png
move,20.10a - Spear Combat 3.3/char_a_pPOL2/6tla/char_a_pPOL2_6tla_hb01_v02.png,character-base/layers/6tla-tool-main/hb01-halberd/char_a_pPOL2_6tla_hb01_v02.png
move,20.10a - Spear Combat 3.3/char_a_pPOL2/6tla/char_a_pPOL2_6tla_hb01_v03.png,character-base/layers/6tla-tool-main/hb01-halberd/char_a_pPOL2_6tla_hb01_v03.png
move,20.10a - Spear Combat 3.3/char_a_pPOL2/6tla/char_a_pPOL2_6tla_hb01_v04.png,character-base/layers/6tla-tool-main/hb01-halberd/char_a_pPOL2_6tla_hb01_v04.png
move,20.10a - Spear Combat 3.3/char_a_pPOL2/6tla/char_a_pPOL2_6tla_hb01_v05.png,character-base/layers/6tla-tool-main/hb01-halberd/char_a_pPOL2_6tla_hb01_v05.png
move,20.10a - Spear Combat 3.3/char_a_pPOL2/6tla/char_a_pPOL2_6tla_sp01_v01.png,character-base/layers/6tla-tool-main/sp01-spear/char_a_pPOL2_6tla_sp01_v01.png
move,20.10a - Spear Combat 3.3/char_a_pPOL2/6tla/char_a_pPOL2_6tla_sp01_v02.png,character-base/layers/6tla-tool-main/sp01-spear/char_a_pPOL2_6tla_sp01_v02.png
move,20.10a - Spear Combat 3.3/char_a_pPOL2/6tla/char_a_pPOL2_6tla_sp01_v03.png,character-base/layers/6tla-tool-main/sp01-spear/char_a_pPOL2_6tla_sp01_v03.png
move,20.10a - Spear Combat 3.3/char_a_pPOL2/6tla/char_a_pPOL2_6tla_sp01_v04.png,character-base/layers/6tla-tool-main/sp01-spear/char_a_pPOL2_6tla_sp01_v04.png
move,20.10a - Spear Combat 3.3/char_a_pPOL2/6tla/char_a_pPOL2_6tla_sp01_v05.png,character-base/layers/6tla-tool-main/sp01-spear/char_a_pPOL2_6tla_sp01_v05.png
move,20.10a - Spear Combat 3.3/char_a_pPOL2/6tla/char_a_pPOL2_6tla_sp02_v01.png,character-base/layers/6tla-tool-main/sp02-spear-alt/char_a_pPOL2_6tla_sp02_v01.png
move,20.10a - Spear Combat 3.3/char_a_pPOL2/6tla/char_a_pPOL2_6tla_sp02_v02.png,character-base/layers/6tla-tool-main/sp02-spear-alt/char_a_pPOL2_6tla_sp02_v02.png
move,20.10a - Spear Combat 3.3/char_a_pPOL2/6tla/char_a_pPOL2_6tla_sp02_v03.png,character-base/layers/6tla-tool-main/sp02-spear-alt/char_a_pPOL2_6tla_sp02_v03.png
move,20.10a - Spear Combat 3.3/char_a_pPOL2/6tla/char_a_pPOL2_6tla_sp02_v04.png,character-base/layers/6tla-tool-main/sp02-spear-alt/char_a_pPOL2_6tla_sp02_v04.png
move,20.10a - Spear Combat 3.3/char_a_pPOL2/6tla/char_a_pPOL2_6tla_sp02_v05.png,character-base/layers/6tla-tool-main/sp02-spear-alt/char_a_pPOL2_6tla_sp02_v05.png
move,20.10a - Spear Combat 3.3/char_a_pPOL1/char_a_pPOL1_0bas_humn_v00.png,character-base/layers/0bas-body/humn-human/char_a_pPOL1_0bas_humn_v00.png
move,20.10a - Spear Combat 3.3/char_a_pPOL1/char_a_pPOL1_0bas_humn_v01.png,character-base/layers/0bas-body/humn-human/char_a_pPOL1_0bas_humn_v01.png
move,20.10a - Spear Combat 3.3/char_a_pPOL1/char_a_pPOL1_0bas_humn_v02.png,character-base/layers/0bas-body/humn-human/char_a_pPOL1_0bas_humn_v02.png
move,20.10a - Spear Combat 3.3/char_a_pPOL1/char_a_pPOL1_0bas_humn_v03.png,character-base/layers/0bas-body/humn-human/char_a_pPOL1_0bas_humn_v03.png
move,20.10a - Spear Combat 3.3/char_a_pPOL1/char_a_pPOL1_0bas_humn_v04.png,character-base/layers/0bas-body/humn-human/char_a_pPOL1_0bas_humn_v04.png
move,20.10a - Spear Combat 3.3/char_a_pPOL1/char_a_pPOL1_0bas_humn_v05.png,character-base/layers/0bas-body/humn-human/char_a_pPOL1_0bas_humn_v05.png
move,20.10a - Spear Combat 3.3/char_a_pPOL1/char_a_pPOL1_0bas_humn_v06.png,character-base/layers/0bas-body/humn-human/char_a_pPOL1_0bas_humn_v06.png
move,20.10a - Spear Combat 3.3/char_a_pPOL1/char_a_pPOL1_0bas_humn_v07.png,character-base/layers/0bas-body/humn-human/char_a_pPOL1_0bas_humn_v07.png
move,20.10a - Spear Combat 3.3/char_a_pPOL1/char_a_pPOL1_0bas_humn_v08.png,character-base/layers/0bas-body/humn-human/char_a_pPOL1_0bas_humn_v08.png
move,20.10a - Spear Combat 3.3/char_a_pPOL1/char_a_pPOL1_0bas_humn_v09.png,character-base/layers/0bas-body/humn-human/char_a_pPOL1_0bas_humn_v09.png
move,20.10a - Spear Combat 3.3/char_a_pPOL1/char_a_pPOL1_0bas_humn_v10.png,character-base/layers/0bas-body/humn-human/char_a_pPOL1_0bas_humn_v10.png
move,20.10a - Spear Combat 3.3/char_a_pPOL1/4har/char_a_pPOL1_4har_bob1_v00.png,character-base/layers/4har-hair/bob1-bob/char_a_pPOL1_4har_bob1_v00.png
move,20.10a - Spear Combat 3.3/char_a_pPOL1/4har/char_a_pPOL1_4har_bob1_v01.png,character-base/layers/4har-hair/bob1-bob/char_a_pPOL1_4har_bob1_v01.png
move,20.10a - Spear Combat 3.3/char_a_pPOL1/4har/char_a_pPOL1_4har_bob1_v02.png,character-base/layers/4har-hair/bob1-bob/char_a_pPOL1_4har_bob1_v02.png
move,20.10a - Spear Combat 3.3/char_a_pPOL1/4har/char_a_pPOL1_4har_bob1_v03.png,character-base/layers/4har-hair/bob1-bob/char_a_pPOL1_4har_bob1_v03.png
move,20.10a - Spear Combat 3.3/char_a_pPOL1/4har/char_a_pPOL1_4har_bob1_v04.png,character-base/layers/4har-hair/bob1-bob/char_a_pPOL1_4har_bob1_v04.png
move,20.10a - Spear Combat 3.3/char_a_pPOL1/4har/char_a_pPOL1_4har_bob1_v05.png,character-base/layers/4har-hair/bob1-bob/char_a_pPOL1_4har_bob1_v05.png
move,20.10a - Spear Combat 3.3/char_a_pPOL1/4har/char_a_pPOL1_4har_bob1_v06.png,character-base/layers/4har-hair/bob1-bob/char_a_pPOL1_4har_bob1_v06.png
move,20.10a - Spear Combat 3.3/char_a_pPOL1/4har/char_a_pPOL1_4har_bob1_v07.png,character-base/layers/4har-hair/bob1-bob/char_a_pPOL1_4har_bob1_v07.png
move,20.10a - Spear Combat 3.3/char_a_pPOL1/4har/char_a_pPOL1_4har_bob1_v08.png,character-base/layers/4har-hair/bob1-bob/char_a_pPOL1_4har_bob1_v08.png
move,20.10a - Spear Combat 3.3/char_a_pPOL1/4har/char_a_pPOL1_4har_bob1_v09.png,character-base/layers/4har-hair/bob1-bob/char_a_pPOL1_4har_bob1_v09.png
move,20.10a - Spear Combat 3.3/char_a_pPOL1/4har/char_a_pPOL1_4har_bob1_v10.png,character-base/layers/4har-hair/bob1-bob/char_a_pPOL1_4har_bob1_v10.png
move,20.10a - Spear Combat 3.3/char_a_pPOL1/4har/char_a_pPOL1_4har_bob1_v11.png,character-base/layers/4har-hair/bob1-bob/char_a_pPOL1_4har_bob1_v11.png
move,20.10a - Spear Combat 3.3/char_a_pPOL1/4har/char_a_pPOL1_4har_bob1_v12.png,character-base/layers/4har-hair/bob1-bob/char_a_pPOL1_4har_bob1_v12.png
move,20.10a - Spear Combat 3.3/char_a_pPOL1/4har/char_a_pPOL1_4har_bob1_v13.png,character-base/layers/4har-hair/bob1-bob/char_a_pPOL1_4har_bob1_v13.png
move,20.10a - Spear Combat 3.3/char_a_pPOL1/4har/char_a_pPOL1_4har_dap1_v00.png,character-base/layers/4har-hair/dap1-dapper/char_a_pPOL1_4har_dap1_v00.png
move,20.10a - Spear Combat 3.3/char_a_pPOL1/4har/char_a_pPOL1_4har_dap1_v01.png,character-base/layers/4har-hair/dap1-dapper/char_a_pPOL1_4har_dap1_v01.png
move,20.10a - Spear Combat 3.3/char_a_pPOL1/4har/char_a_pPOL1_4har_dap1_v02.png,character-base/layers/4har-hair/dap1-dapper/char_a_pPOL1_4har_dap1_v02.png
move,20.10a - Spear Combat 3.3/char_a_pPOL1/4har/char_a_pPOL1_4har_dap1_v03.png,character-base/layers/4har-hair/dap1-dapper/char_a_pPOL1_4har_dap1_v03.png
move,20.10a - Spear Combat 3.3/char_a_pPOL1/4har/char_a_pPOL1_4har_dap1_v04.png,character-base/layers/4har-hair/dap1-dapper/char_a_pPOL1_4har_dap1_v04.png
move,20.10a - Spear Combat 3.3/char_a_pPOL1/4har/char_a_pPOL1_4har_dap1_v05.png,character-base/layers/4har-hair/dap1-dapper/char_a_pPOL1_4har_dap1_v05.png
move,20.10a - Spear Combat 3.3/char_a_pPOL1/4har/char_a_pPOL1_4har_dap1_v06.png,character-base/layers/4har-hair/dap1-dapper/char_a_pPOL1_4har_dap1_v06.png
move,20.10a - Spear Combat 3.3/char_a_pPOL1/4har/char_a_pPOL1_4har_dap1_v07.png,character-base/layers/4har-hair/dap1-dapper/char_a_pPOL1_4har_dap1_v07.png
move,20.10a - Spear Combat 3.3/char_a_pPOL1/4har/char_a_pPOL1_4har_dap1_v08.png,character-base/layers/4har-hair/dap1-dapper/char_a_pPOL1_4har_dap1_v08.png
move,20.10a - Spear Combat 3.3/char_a_pPOL1/4har/char_a_pPOL1_4har_dap1_v09.png,character-base/layers/4har-hair/dap1-dapper/char_a_pPOL1_4har_dap1_v09.png
move,20.10a - Spear Combat 3.3/char_a_pPOL1/4har/char_a_pPOL1_4har_dap1_v10.png,character-base/layers/4har-hair/dap1-dapper/char_a_pPOL1_4har_dap1_v10.png
move,20.10a - Spear Combat 3.3/char_a_pPOL1/4har/char_a_pPOL1_4har_dap1_v11.png,character-base/layers/4har-hair/dap1-dapper/char_a_pPOL1_4har_dap1_v11.png
move,20.10a - Spear Combat 3.3/char_a_pPOL1/4har/char_a_pPOL1_4har_dap1_v12.png,character-base/layers/4har-hair/dap1-dapper/char_a_pPOL1_4har_dap1_v12.png
move,20.10a - Spear Combat 3.3/char_a_pPOL1/4har/char_a_pPOL1_4har_dap1_v13.png,character-base/layers/4har-hair/dap1-dapper/char_a_pPOL1_4har_dap1_v13.png
move,20.10a - Spear Combat 3.3/char_a_pPOL1/1out/char_a_pPOL1_1out_boxr_v01.png,character-base/layers/1out-outfit/boxr-boxers/char_a_pPOL1_1out_boxr_v01.png
move,20.10a - Spear Combat 3.3/char_a_pPOL1/1out/char_a_pPOL1_1out_undi_v01.png,character-base/layers/1out-outfit/undi-undies/char_a_pPOL1_1out_undi_v01.png
move,20.10a - Spear Combat 3.3/char_a_pPOL1/6tla/char_a_pPOL1_6tla_hb01_v01.png,character-base/layers/6tla-tool-main/hb01-halberd/char_a_pPOL1_6tla_hb01_v01.png
move,20.10a - Spear Combat 3.3/char_a_pPOL1/6tla/char_a_pPOL1_6tla_hb01_v02.png,character-base/layers/6tla-tool-main/hb01-halberd/char_a_pPOL1_6tla_hb01_v02.png
move,20.10a - Spear Combat 3.3/char_a_pPOL1/6tla/char_a_pPOL1_6tla_hb01_v03.png,character-base/layers/6tla-tool-main/hb01-halberd/char_a_pPOL1_6tla_hb01_v03.png
move,20.10a - Spear Combat 3.3/char_a_pPOL1/6tla/char_a_pPOL1_6tla_hb01_v04.png,character-base/layers/6tla-tool-main/hb01-halberd/char_a_pPOL1_6tla_hb01_v04.png
move,20.10a - Spear Combat 3.3/char_a_pPOL1/6tla/char_a_pPOL1_6tla_hb01_v05.png,character-base/layers/6tla-tool-main/hb01-halberd/char_a_pPOL1_6tla_hb01_v05.png
move,20.10a - Spear Combat 3.3/char_a_pPOL1/6tla/char_a_pPOL1_6tla_sp01_v01.png,character-base/layers/6tla-tool-main/sp01-spear/char_a_pPOL1_6tla_sp01_v01.png
move,20.10a - Spear Combat 3.3/char_a_pPOL1/6tla/char_a_pPOL1_6tla_sp01_v02.png,character-base/layers/6tla-tool-main/sp01-spear/char_a_pPOL1_6tla_sp01_v02.png
move,20.10a - Spear Combat 3.3/char_a_pPOL1/6tla/char_a_pPOL1_6tla_sp01_v03.png,character-base/layers/6tla-tool-main/sp01-spear/char_a_pPOL1_6tla_sp01_v03.png
move,20.10a - Spear Combat 3.3/char_a_pPOL1/6tla/char_a_pPOL1_6tla_sp01_v04.png,character-base/layers/6tla-tool-main/sp01-spear/char_a_pPOL1_6tla_sp01_v04.png
move,20.10a - Spear Combat 3.3/char_a_pPOL1/6tla/char_a_pPOL1_6tla_sp01_v05.png,character-base/layers/6tla-tool-main/sp01-spear/char_a_pPOL1_6tla_sp01_v05.png
move,20.10a - Spear Combat 3.3/char_a_pPOL1/6tla/char_a_pPOL1_6tla_sp02_v01.png,character-base/layers/6tla-tool-main/sp02-spear-alt/char_a_pPOL1_6tla_sp02_v01.png
move,20.10a - Spear Combat 3.3/char_a_pPOL1/6tla/char_a_pPOL1_6tla_sp02_v02.png,character-base/layers/6tla-tool-main/sp02-spear-alt/char_a_pPOL1_6tla_sp02_v02.png
move,20.10a - Spear Combat 3.3/char_a_pPOL1/6tla/char_a_pPOL1_6tla_sp02_v03.png,character-base/layers/6tla-tool-main/sp02-spear-alt/char_a_pPOL1_6tla_sp02_v03.png
move,20.10a - Spear Combat 3.3/char_a_pPOL1/6tla/char_a_pPOL1_6tla_sp02_v04.png,character-base/layers/6tla-tool-main/sp02-spear-alt/char_a_pPOL1_6tla_sp02_v04.png
move,20.10a - Spear Combat 3.3/char_a_pPOL1/6tla/char_a_pPOL1_6tla_sp02_v05.png,character-base/layers/6tla-tool-main/sp02-spear-alt/char_a_pPOL1_6tla_sp02_v05.png
move,"21.10a - Forester Pointed Hat & Tunic 2.2 (optional, combat animations)/char_a_pONE3/1out/char_a_pONE3_1out_fstr_v01.png",character-base/layers/1out-outfit/fstr-forester-tunic/char_a_pONE3_1out_fstr_v01.png
move,"21.10a - Forester Pointed Hat & Tunic 2.2 (optional, combat animations)/char_a_pONE3/1out/char_a_pONE3_1out_fstr_v02.png",character-base/layers/1out-outfit/fstr-forester-tunic/char_a_pONE3_1out_fstr_v02.png
move,"21.10a - Forester Pointed Hat & Tunic 2.2 (optional, combat animations)/char_a_pONE3/1out/char_a_pONE3_1out_fstr_v03.png",character-base/layers/1out-outfit/fstr-forester-tunic/char_a_pONE3_1out_fstr_v03.png
move,"21.10a - Forester Pointed Hat & Tunic 2.2 (optional, combat animations)/char_a_pONE3/1out/char_a_pONE3_1out_fstr_v04.png",character-base/layers/1out-outfit/fstr-forester-tunic/char_a_pONE3_1out_fstr_v04.png
move,"21.10a - Forester Pointed Hat & Tunic 2.2 (optional, combat animations)/char_a_pONE3/1out/char_a_pONE3_1out_fstr_v05.png",character-base/layers/1out-outfit/fstr-forester-tunic/char_a_pONE3_1out_fstr_v05.png
move,"21.10a - Forester Pointed Hat & Tunic 2.2 (optional, combat animations)/char_a_pONE3/5hat/char_a_pONE3_5hat_pnty_v01.png",character-base/layers/5hat-hat/pnty-pointed-hat/char_a_pONE3_5hat_pnty_v01.png
move,"21.10a - Forester Pointed Hat & Tunic 2.2 (optional, combat animations)/char_a_pONE3/5hat/char_a_pONE3_5hat_pnty_v02.png",character-base/layers/5hat-hat/pnty-pointed-hat/char_a_pONE3_5hat_pnty_v02.png
move,"21.10a - Forester Pointed Hat & Tunic 2.2 (optional, combat animations)/char_a_pONE3/5hat/char_a_pONE3_5hat_pnty_v03.png",character-base/layers/5hat-hat/pnty-pointed-hat/char_a_pONE3_5hat_pnty_v03.png
move,"21.10a - Forester Pointed Hat & Tunic 2.2 (optional, combat animations)/char_a_pONE3/5hat/char_a_pONE3_5hat_pnty_v04.png",character-base/layers/5hat-hat/pnty-pointed-hat/char_a_pONE3_5hat_pnty_v04.png
move,"21.10a - Forester Pointed Hat & Tunic 2.2 (optional, combat animations)/char_a_pONE3/5hat/char_a_pONE3_5hat_pnty_v05.png",character-base/layers/5hat-hat/pnty-pointed-hat/char_a_pONE3_5hat_pnty_v05.png
move,"21.10a - Forester Pointed Hat & Tunic 2.2 (optional, combat animations)/char_a_pPOL3/1out/char_a_pPOL3_1out_fstr_v01.png",character-base/layers/1out-outfit/fstr-forester-tunic/char_a_pPOL3_1out_fstr_v01.png
move,"21.10a - Forester Pointed Hat & Tunic 2.2 (optional, combat animations)/char_a_pPOL3/1out/char_a_pPOL3_1out_fstr_v02.png",character-base/layers/1out-outfit/fstr-forester-tunic/char_a_pPOL3_1out_fstr_v02.png
move,"21.10a - Forester Pointed Hat & Tunic 2.2 (optional, combat animations)/char_a_pPOL3/1out/char_a_pPOL3_1out_fstr_v03.png",character-base/layers/1out-outfit/fstr-forester-tunic/char_a_pPOL3_1out_fstr_v03.png
move,"21.10a - Forester Pointed Hat & Tunic 2.2 (optional, combat animations)/char_a_pPOL3/1out/char_a_pPOL3_1out_fstr_v04.png",character-base/layers/1out-outfit/fstr-forester-tunic/char_a_pPOL3_1out_fstr_v04.png
move,"21.10a - Forester Pointed Hat & Tunic 2.2 (optional, combat animations)/char_a_pPOL3/1out/char_a_pPOL3_1out_fstr_v05.png",character-base/layers/1out-outfit/fstr-forester-tunic/char_a_pPOL3_1out_fstr_v05.png
move,"21.10a - Forester Pointed Hat & Tunic 2.2 (optional, combat animations)/char_a_pPOL3/5hat/char_a_pPOL3_5hat_pnty_v01.png",character-base/layers/5hat-hat/pnty-pointed-hat/char_a_pPOL3_5hat_pnty_v01.png
move,"21.10a - Forester Pointed Hat & Tunic 2.2 (optional, combat animations)/char_a_pPOL3/5hat/char_a_pPOL3_5hat_pnty_v02.png",character-base/layers/5hat-hat/pnty-pointed-hat/char_a_pPOL3_5hat_pnty_v02.png
move,"21.10a - Forester Pointed Hat & Tunic 2.2 (optional, combat animations)/char_a_pPOL3/5hat/char_a_pPOL3_5hat_pnty_v03.png",character-base/layers/5hat-hat/pnty-pointed-hat/char_a_pPOL3_5hat_pnty_v03.png
move,"21.10a - Forester Pointed Hat & Tunic 2.2 (optional, combat animations)/char_a_pPOL3/5hat/char_a_pPOL3_5hat_pnty_v04.png",character-base/layers/5hat-hat/pnty-pointed-hat/char_a_pPOL3_5hat_pnty_v04.png
move,"21.10a - Forester Pointed Hat & Tunic 2.2 (optional, combat animations)/char_a_pPOL3/5hat/char_a_pPOL3_5hat_pnty_v05.png",character-base/layers/5hat-hat/pnty-pointed-hat/char_a_pPOL3_5hat_pnty_v05.png
move,"21.10a - Forester Pointed Hat & Tunic 2.2 (optional, combat animations)/char_a_pBOW1/1out/char_a_pBOW1_1out_fstr_v01.png",character-base/layers/1out-outfit/fstr-forester-tunic/char_a_pBOW1_1out_fstr_v01.png
move,"21.10a - Forester Pointed Hat & Tunic 2.2 (optional, combat animations)/char_a_pBOW1/1out/char_a_pBOW1_1out_fstr_v02.png",character-base/layers/1out-outfit/fstr-forester-tunic/char_a_pBOW1_1out_fstr_v02.png
move,"21.10a - Forester Pointed Hat & Tunic 2.2 (optional, combat animations)/char_a_pBOW1/1out/char_a_pBOW1_1out_fstr_v03.png",character-base/layers/1out-outfit/fstr-forester-tunic/char_a_pBOW1_1out_fstr_v03.png
move,"21.10a - Forester Pointed Hat & Tunic 2.2 (optional, combat animations)/char_a_pBOW1/1out/char_a_pBOW1_1out_fstr_v04.png",character-base/layers/1out-outfit/fstr-forester-tunic/char_a_pBOW1_1out_fstr_v04.png
move,"21.10a - Forester Pointed Hat & Tunic 2.2 (optional, combat animations)/char_a_pBOW1/1out/char_a_pBOW1_1out_fstr_v05.png",character-base/layers/1out-outfit/fstr-forester-tunic/char_a_pBOW1_1out_fstr_v05.png
move,"21.10a - Forester Pointed Hat & Tunic 2.2 (optional, combat animations)/char_a_pBOW1/5hat/char_a_pBOW1_5hat_pnty_v01.png",character-base/layers/5hat-hat/pnty-pointed-hat/char_a_pBOW1_5hat_pnty_v01.png
move,"21.10a - Forester Pointed Hat & Tunic 2.2 (optional, combat animations)/char_a_pBOW1/5hat/char_a_pBOW1_5hat_pnty_v02.png",character-base/layers/5hat-hat/pnty-pointed-hat/char_a_pBOW1_5hat_pnty_v02.png
move,"21.10a - Forester Pointed Hat & Tunic 2.2 (optional, combat animations)/char_a_pBOW1/5hat/char_a_pBOW1_5hat_pnty_v03.png",character-base/layers/5hat-hat/pnty-pointed-hat/char_a_pBOW1_5hat_pnty_v03.png
move,"21.10a - Forester Pointed Hat & Tunic 2.2 (optional, combat animations)/char_a_pBOW1/5hat/char_a_pBOW1_5hat_pnty_v04.png",character-base/layers/5hat-hat/pnty-pointed-hat/char_a_pBOW1_5hat_pnty_v04.png
move,"21.10a - Forester Pointed Hat & Tunic 2.2 (optional, combat animations)/char_a_pBOW1/5hat/char_a_pBOW1_5hat_pnty_v05.png",character-base/layers/5hat-hat/pnty-pointed-hat/char_a_pBOW1_5hat_pnty_v05.png
move,"21.10a - Forester Pointed Hat & Tunic 2.2 (optional, combat animations)/char_a_pBOW2/1out/char_a_pBOW2_1out_fstr_v01.png",character-base/layers/1out-outfit/fstr-forester-tunic/char_a_pBOW2_1out_fstr_v01.png
move,"21.10a - Forester Pointed Hat & Tunic 2.2 (optional, combat animations)/char_a_pBOW2/1out/char_a_pBOW2_1out_fstr_v02.png",character-base/layers/1out-outfit/fstr-forester-tunic/char_a_pBOW2_1out_fstr_v02.png
move,"21.10a - Forester Pointed Hat & Tunic 2.2 (optional, combat animations)/char_a_pBOW2/1out/char_a_pBOW2_1out_fstr_v03.png",character-base/layers/1out-outfit/fstr-forester-tunic/char_a_pBOW2_1out_fstr_v03.png
move,"21.10a - Forester Pointed Hat & Tunic 2.2 (optional, combat animations)/char_a_pBOW2/1out/char_a_pBOW2_1out_fstr_v04.png",character-base/layers/1out-outfit/fstr-forester-tunic/char_a_pBOW2_1out_fstr_v04.png
move,"21.10a - Forester Pointed Hat & Tunic 2.2 (optional, combat animations)/char_a_pBOW2/1out/char_a_pBOW2_1out_fstr_v05.png",character-base/layers/1out-outfit/fstr-forester-tunic/char_a_pBOW2_1out_fstr_v05.png
move,"21.10a - Forester Pointed Hat & Tunic 2.2 (optional, combat animations)/char_a_pBOW2/5hat/char_a_pBOW2_5hat_pnty_v01.png",character-base/layers/5hat-hat/pnty-pointed-hat/char_a_pBOW2_5hat_pnty_v01.png
move,"21.10a - Forester Pointed Hat & Tunic 2.2 (optional, combat animations)/char_a_pBOW2/5hat/char_a_pBOW2_5hat_pnty_v02.png",character-base/layers/5hat-hat/pnty-pointed-hat/char_a_pBOW2_5hat_pnty_v02.png
move,"21.10a - Forester Pointed Hat & Tunic 2.2 (optional, combat animations)/char_a_pBOW2/5hat/char_a_pBOW2_5hat_pnty_v03.png",character-base/layers/5hat-hat/pnty-pointed-hat/char_a_pBOW2_5hat_pnty_v03.png
move,"21.10a - Forester Pointed Hat & Tunic 2.2 (optional, combat animations)/char_a_pBOW2/5hat/char_a_pBOW2_5hat_pnty_v04.png",character-base/layers/5hat-hat/pnty-pointed-hat/char_a_pBOW2_5hat_pnty_v04.png
move,"21.10a - Forester Pointed Hat & Tunic 2.2 (optional, combat animations)/char_a_pBOW2/5hat/char_a_pBOW2_5hat_pnty_v05.png",character-base/layers/5hat-hat/pnty-pointed-hat/char_a_pBOW2_5hat_pnty_v05.png
move,"21.10a - Forester Pointed Hat & Tunic 2.2 (optional, combat animations)/char_a_pBOW3/1out/char_a_pBOW3_1out_fstr_v01.png",character-base/layers/1out-outfit/fstr-forester-tunic/char_a_pBOW3_1out_fstr_v01.png
move,"21.10a - Forester Pointed Hat & Tunic 2.2 (optional, combat animations)/char_a_pBOW3/1out/char_a_pBOW3_1out_fstr_v02.png",character-base/layers/1out-outfit/fstr-forester-tunic/char_a_pBOW3_1out_fstr_v02.png
move,"21.10a - Forester Pointed Hat & Tunic 2.2 (optional, combat animations)/char_a_pBOW3/1out/char_a_pBOW3_1out_fstr_v03.png",character-base/layers/1out-outfit/fstr-forester-tunic/char_a_pBOW3_1out_fstr_v03.png
move,"21.10a - Forester Pointed Hat & Tunic 2.2 (optional, combat animations)/char_a_pBOW3/1out/char_a_pBOW3_1out_fstr_v04.png",character-base/layers/1out-outfit/fstr-forester-tunic/char_a_pBOW3_1out_fstr_v04.png
move,"21.10a - Forester Pointed Hat & Tunic 2.2 (optional, combat animations)/char_a_pBOW3/1out/char_a_pBOW3_1out_fstr_v05.png",character-base/layers/1out-outfit/fstr-forester-tunic/char_a_pBOW3_1out_fstr_v05.png
move,"21.10a - Forester Pointed Hat & Tunic 2.2 (optional, combat animations)/char_a_pBOW3/5hat/char_a_pBOW3_5hat_pnty_v01.png",character-base/layers/5hat-hat/pnty-pointed-hat/char_a_pBOW3_5hat_pnty_v01.png
move,"21.10a - Forester Pointed Hat & Tunic 2.2 (optional, combat animations)/char_a_pBOW3/5hat/char_a_pBOW3_5hat_pnty_v02.png",character-base/layers/5hat-hat/pnty-pointed-hat/char_a_pBOW3_5hat_pnty_v02.png
move,"21.10a - Forester Pointed Hat & Tunic 2.2 (optional, combat animations)/char_a_pBOW3/5hat/char_a_pBOW3_5hat_pnty_v03.png",character-base/layers/5hat-hat/pnty-pointed-hat/char_a_pBOW3_5hat_pnty_v03.png
move,"21.10a - Forester Pointed Hat & Tunic 2.2 (optional, combat animations)/char_a_pBOW3/5hat/char_a_pBOW3_5hat_pnty_v04.png",character-base/layers/5hat-hat/pnty-pointed-hat/char_a_pBOW3_5hat_pnty_v04.png
move,"21.10a - Forester Pointed Hat & Tunic 2.2 (optional, combat animations)/char_a_pBOW3/5hat/char_a_pBOW3_5hat_pnty_v05.png",character-base/layers/5hat-hat/pnty-pointed-hat/char_a_pBOW3_5hat_pnty_v05.png
move,"21.10a - Forester Pointed Hat & Tunic 2.2 (optional, combat animations)/char_a_pONE2/1out/char_a_pONE2_1out_fstr_v01.png",character-base/layers/1out-outfit/fstr-forester-tunic/char_a_pONE2_1out_fstr_v01.png
move,"21.10a - Forester Pointed Hat & Tunic 2.2 (optional, combat animations)/char_a_pONE2/1out/char_a_pONE2_1out_fstr_v02.png",character-base/layers/1out-outfit/fstr-forester-tunic/char_a_pONE2_1out_fstr_v02.png
move,"21.10a - Forester Pointed Hat & Tunic 2.2 (optional, combat animations)/char_a_pONE2/1out/char_a_pONE2_1out_fstr_v03.png",character-base/layers/1out-outfit/fstr-forester-tunic/char_a_pONE2_1out_fstr_v03.png
move,"21.10a - Forester Pointed Hat & Tunic 2.2 (optional, combat animations)/char_a_pONE2/1out/char_a_pONE2_1out_fstr_v04.png",character-base/layers/1out-outfit/fstr-forester-tunic/char_a_pONE2_1out_fstr_v04.png
move,"21.10a - Forester Pointed Hat & Tunic 2.2 (optional, combat animations)/char_a_pONE2/1out/char_a_pONE2_1out_fstr_v05.png",character-base/layers/1out-outfit/fstr-forester-tunic/char_a_pONE2_1out_fstr_v05.png
move,"21.10a - Forester Pointed Hat & Tunic 2.2 (optional, combat animations)/char_a_pONE2/5hat/char_a_pONE2_5hat_pnty_v01.png",character-base/layers/5hat-hat/pnty-pointed-hat/char_a_pONE2_5hat_pnty_v01.png
move,"21.10a - Forester Pointed Hat & Tunic 2.2 (optional, combat animations)/char_a_pONE2/5hat/char_a_pONE2_5hat_pnty_v02.png",character-base/layers/5hat-hat/pnty-pointed-hat/char_a_pONE2_5hat_pnty_v02.png
move,"21.10a - Forester Pointed Hat & Tunic 2.2 (optional, combat animations)/char_a_pONE2/5hat/char_a_pONE2_5hat_pnty_v03.png",character-base/layers/5hat-hat/pnty-pointed-hat/char_a_pONE2_5hat_pnty_v03.png
move,"21.10a - Forester Pointed Hat & Tunic 2.2 (optional, combat animations)/char_a_pONE2/5hat/char_a_pONE2_5hat_pnty_v04.png",character-base/layers/5hat-hat/pnty-pointed-hat/char_a_pONE2_5hat_pnty_v04.png
move,"21.10a - Forester Pointed Hat & Tunic 2.2 (optional, combat animations)/char_a_pONE2/5hat/char_a_pONE2_5hat_pnty_v05.png",character-base/layers/5hat-hat/pnty-pointed-hat/char_a_pONE2_5hat_pnty_v05.png
move,"21.10a - Forester Pointed Hat & Tunic 2.2 (optional, combat animations)/char_a_pPOL2/1out/char_a_pPOL2_1out_fstr_v01.png",character-base/layers/1out-outfit/fstr-forester-tunic/char_a_pPOL2_1out_fstr_v01.png
move,"21.10a - Forester Pointed Hat & Tunic 2.2 (optional, combat animations)/char_a_pPOL2/1out/char_a_pPOL2_1out_fstr_v02.png",character-base/layers/1out-outfit/fstr-forester-tunic/char_a_pPOL2_1out_fstr_v02.png
move,"21.10a - Forester Pointed Hat & Tunic 2.2 (optional, combat animations)/char_a_pPOL2/1out/char_a_pPOL2_1out_fstr_v03.png",character-base/layers/1out-outfit/fstr-forester-tunic/char_a_pPOL2_1out_fstr_v03.png
move,"21.10a - Forester Pointed Hat & Tunic 2.2 (optional, combat animations)/char_a_pPOL2/1out/char_a_pPOL2_1out_fstr_v04.png",character-base/layers/1out-outfit/fstr-forester-tunic/char_a_pPOL2_1out_fstr_v04.png
move,"21.10a - Forester Pointed Hat & Tunic 2.2 (optional, combat animations)/char_a_pPOL2/1out/char_a_pPOL2_1out_fstr_v05.png",character-base/layers/1out-outfit/fstr-forester-tunic/char_a_pPOL2_1out_fstr_v05.png
move,"21.10a - Forester Pointed Hat & Tunic 2.2 (optional, combat animations)/char_a_pPOL2/5hat/char_a_pPOL2_5hat_pnty_v01.png",character-base/layers/5hat-hat/pnty-pointed-hat/char_a_pPOL2_5hat_pnty_v01.png
move,"21.10a - Forester Pointed Hat & Tunic 2.2 (optional, combat animations)/char_a_pPOL2/5hat/char_a_pPOL2_5hat_pnty_v02.png",character-base/layers/5hat-hat/pnty-pointed-hat/char_a_pPOL2_5hat_pnty_v02.png
move,"21.10a - Forester Pointed Hat & Tunic 2.2 (optional, combat animations)/char_a_pPOL2/5hat/char_a_pPOL2_5hat_pnty_v03.png",character-base/layers/5hat-hat/pnty-pointed-hat/char_a_pPOL2_5hat_pnty_v03.png
move,"21.10a - Forester Pointed Hat & Tunic 2.2 (optional, combat animations)/char_a_pPOL2/5hat/char_a_pPOL2_5hat_pnty_v04.png",character-base/layers/5hat-hat/pnty-pointed-hat/char_a_pPOL2_5hat_pnty_v04.png
move,"21.10a - Forester Pointed Hat & Tunic 2.2 (optional, combat animations)/char_a_pPOL2/5hat/char_a_pPOL2_5hat_pnty_v05.png",character-base/layers/5hat-hat/pnty-pointed-hat/char_a_pPOL2_5hat_pnty_v05.png
move,"21.10a - Forester Pointed Hat & Tunic 2.2 (optional, combat animations)/char_a_pONE1/1out/char_a_pONE1_1out_fstr_v01.png",character-base/layers/1out-outfit/fstr-forester-tunic/char_a_pONE1_1out_fstr_v01.png
move,"21.10a - Forester Pointed Hat & Tunic 2.2 (optional, combat animations)/char_a_pONE1/1out/char_a_pONE1_1out_fstr_v02.png",character-base/layers/1out-outfit/fstr-forester-tunic/char_a_pONE1_1out_fstr_v02.png
move,"21.10a - Forester Pointed Hat & Tunic 2.2 (optional, combat animations)/char_a_pONE1/1out/char_a_pONE1_1out_fstr_v03.png",character-base/layers/1out-outfit/fstr-forester-tunic/char_a_pONE1_1out_fstr_v03.png
move,"21.10a - Forester Pointed Hat & Tunic 2.2 (optional, combat animations)/char_a_pONE1/1out/char_a_pONE1_1out_fstr_v04.png",character-base/layers/1out-outfit/fstr-forester-tunic/char_a_pONE1_1out_fstr_v04.png
move,"21.10a - Forester Pointed Hat & Tunic 2.2 (optional, combat animations)/char_a_pONE1/1out/char_a_pONE1_1out_fstr_v05.png",character-base/layers/1out-outfit/fstr-forester-tunic/char_a_pONE1_1out_fstr_v05.png
move,"21.10a - Forester Pointed Hat & Tunic 2.2 (optional, combat animations)/char_a_pONE1/5hat/char_a_pONE1_5hat_pnty_v01.png",character-base/layers/5hat-hat/pnty-pointed-hat/char_a_pONE1_5hat_pnty_v01.png
move,"21.10a - Forester Pointed Hat & Tunic 2.2 (optional, combat animations)/char_a_pONE1/5hat/char_a_pONE1_5hat_pnty_v02.png",character-base/layers/5hat-hat/pnty-pointed-hat/char_a_pONE1_5hat_pnty_v02.png
move,"21.10a - Forester Pointed Hat & Tunic 2.2 (optional, combat animations)/char_a_pONE1/5hat/char_a_pONE1_5hat_pnty_v03.png",character-base/layers/5hat-hat/pnty-pointed-hat/char_a_pONE1_5hat_pnty_v03.png
move,"21.10a - Forester Pointed Hat & Tunic 2.2 (optional, combat animations)/char_a_pONE1/5hat/char_a_pONE1_5hat_pnty_v04.png",character-base/layers/5hat-hat/pnty-pointed-hat/char_a_pONE1_5hat_pnty_v04.png
move,"21.10a - Forester Pointed Hat & Tunic 2.2 (optional, combat animations)/char_a_pONE1/5hat/char_a_pONE1_5hat_pnty_v05.png",character-base/layers/5hat-hat/pnty-pointed-hat/char_a_pONE1_5hat_pnty_v05.png
move,"21.10a - Forester Pointed Hat & Tunic 2.2 (optional, combat animations)/char_a_pPOL1/1out/char_a_pPOL1_1out_fstr_v01.png",character-base/layers/1out-outfit/fstr-forester-tunic/char_a_pPOL1_1out_fstr_v01.png
move,"21.10a - Forester Pointed Hat & Tunic 2.2 (optional, combat animations)/char_a_pPOL1/1out/char_a_pPOL1_1out_fstr_v02.png",character-base/layers/1out-outfit/fstr-forester-tunic/char_a_pPOL1_1out_fstr_v02.png
move,"21.10a - Forester Pointed Hat & Tunic 2.2 (optional, combat animations)/char_a_pPOL1/1out/char_a_pPOL1_1out_fstr_v03.png",character-base/layers/1out-outfit/fstr-forester-tunic/char_a_pPOL1_1out_fstr_v03.png
move,"21.10a - Forester Pointed Hat & Tunic 2.2 (optional, combat animations)/char_a_pPOL1/1out/char_a_pPOL1_1out_fstr_v04.png",character-base/layers/1out-outfit/fstr-forester-tunic/char_a_pPOL1_1out_fstr_v04.png
move,"21.10a - Forester Pointed Hat & Tunic 2.2 (optional, combat animations)/char_a_pPOL1/1out/char_a_pPOL1_1out_fstr_v05.png",character-base/layers/1out-outfit/fstr-forester-tunic/char_a_pPOL1_1out_fstr_v05.png
move,"21.10a - Forester Pointed Hat & Tunic 2.2 (optional, combat animations)/char_a_pPOL1/5hat/char_a_pPOL1_5hat_pnty_v01.png",character-base/layers/5hat-hat/pnty-pointed-hat/char_a_pPOL1_5hat_pnty_v01.png
move,"21.10a - Forester Pointed Hat & Tunic 2.2 (optional, combat animations)/char_a_pPOL1/5hat/char_a_pPOL1_5hat_pnty_v02.png",character-base/layers/5hat-hat/pnty-pointed-hat/char_a_pPOL1_5hat_pnty_v02.png
move,"21.10a - Forester Pointed Hat & Tunic 2.2 (optional, combat animations)/char_a_pPOL1/5hat/char_a_pPOL1_5hat_pnty_v03.png",character-base/layers/5hat-hat/pnty-pointed-hat/char_a_pPOL1_5hat_pnty_v03.png
move,"21.10a - Forester Pointed Hat & Tunic 2.2 (optional, combat animations)/char_a_pPOL1/5hat/char_a_pPOL1_5hat_pnty_v04.png",character-base/layers/5hat-hat/pnty-pointed-hat/char_a_pPOL1_5hat_pnty_v04.png
move,"21.10a - Forester Pointed Hat & Tunic 2.2 (optional, combat animations)/char_a_pPOL1/5hat/char_a_pPOL1_5hat_pnty_v05.png",character-base/layers/5hat-hat/pnty-pointed-hat/char_a_pPOL1_5hat_pnty_v05.png
move,21.10a - Forester Pointed Hat & Tunic 2.1a (comp. v01)/optional files (unsupported)/char_a_p1C/1out/char_a_p1C_1out_fstr_v01.png,character-base/layers/1out-outfit/fstr-forester-tunic/char_a_p1C_1out_fstr_v01.png
move,21.10a - Forester Pointed Hat & Tunic 2.1a (comp. v01)/optional files (unsupported)/char_a_p1C/1out/char_a_p1C_1out_fstr_v02.png,character-base/layers/1out-outfit/fstr-forester-tunic/char_a_p1C_1out_fstr_v02.png
move,21.10a - Forester Pointed Hat & Tunic 2.1a (comp. v01)/optional files (unsupported)/char_a_p1C/1out/char_a_p1C_1out_fstr_v03.png,character-base/layers/1out-outfit/fstr-forester-tunic/char_a_p1C_1out_fstr_v03.png
move,21.10a - Forester Pointed Hat & Tunic 2.1a (comp. v01)/optional files (unsupported)/char_a_p1C/1out/char_a_p1C_1out_fstr_v04.png,character-base/layers/1out-outfit/fstr-forester-tunic/char_a_p1C_1out_fstr_v04.png
move,21.10a - Forester Pointed Hat & Tunic 2.1a (comp. v01)/optional files (unsupported)/char_a_p1C/1out/char_a_p1C_1out_fstr_v05.png,character-base/layers/1out-outfit/fstr-forester-tunic/char_a_p1C_1out_fstr_v05.png
move,21.10a - Forester Pointed Hat & Tunic 2.1a (comp. v01)/optional files (unsupported)/char_a_p1C/5hat/char_a_p1C_5hat_pnty_v01.png,character-base/layers/5hat-hat/pnty-pointed-hat/char_a_p1C_5hat_pnty_v01.png
move,21.10a - Forester Pointed Hat & Tunic 2.1a (comp. v01)/optional files (unsupported)/char_a_p1C/5hat/char_a_p1C_5hat_pnty_v02.png,character-base/layers/5hat-hat/pnty-pointed-hat/char_a_p1C_5hat_pnty_v02.png
move,21.10a - Forester Pointed Hat & Tunic 2.1a (comp. v01)/optional files (unsupported)/char_a_p1C/5hat/char_a_p1C_5hat_pnty_v03.png,character-base/layers/5hat-hat/pnty-pointed-hat/char_a_p1C_5hat_pnty_v03.png
move,21.10a - Forester Pointed Hat & Tunic 2.1a (comp. v01)/optional files (unsupported)/char_a_p1C/5hat/char_a_p1C_5hat_pnty_v04.png,character-base/layers/5hat-hat/pnty-pointed-hat/char_a_p1C_5hat_pnty_v04.png
move,21.10a - Forester Pointed Hat & Tunic 2.1a (comp. v01)/optional files (unsupported)/char_a_p1C/5hat/char_a_p1C_5hat_pnty_v05.png,character-base/layers/5hat-hat/pnty-pointed-hat/char_a_p1C_5hat_pnty_v05.png
move,21.10a - Forester Pointed Hat & Tunic 2.1a (comp. v01)/optional files (unsupported)/char_a_p1B/1out/char_a_p1B_1out_fstr_v01.png,character-base/layers/1out-outfit/fstr-forester-tunic/char_a_p1B_1out_fstr_v01.png
move,21.10a - Forester Pointed Hat & Tunic 2.1a (comp. v01)/optional files (unsupported)/char_a_p1B/1out/char_a_p1B_1out_fstr_v02.png,character-base/layers/1out-outfit/fstr-forester-tunic/char_a_p1B_1out_fstr_v02.png
move,21.10a - Forester Pointed Hat & Tunic 2.1a (comp. v01)/optional files (unsupported)/char_a_p1B/1out/char_a_p1B_1out_fstr_v03.png,character-base/layers/1out-outfit/fstr-forester-tunic/char_a_p1B_1out_fstr_v03.png
move,21.10a - Forester Pointed Hat & Tunic 2.1a (comp. v01)/optional files (unsupported)/char_a_p1B/1out/char_a_p1B_1out_fstr_v04.png,character-base/layers/1out-outfit/fstr-forester-tunic/char_a_p1B_1out_fstr_v04.png
move,21.10a - Forester Pointed Hat & Tunic 2.1a (comp. v01)/optional files (unsupported)/char_a_p1B/1out/char_a_p1B_1out_fstr_v05.png,character-base/layers/1out-outfit/fstr-forester-tunic/char_a_p1B_1out_fstr_v05.png
move,21.10a - Forester Pointed Hat & Tunic 2.1a (comp. v01)/optional files (unsupported)/char_a_p1B/5hat/char_a_p1B_5hat_pnty_v01.png,character-base/layers/5hat-hat/pnty-pointed-hat/char_a_p1B_5hat_pnty_v01.png
move,21.10a - Forester Pointed Hat & Tunic 2.1a (comp. v01)/optional files (unsupported)/char_a_p1B/5hat/char_a_p1B_5hat_pnty_v02.png,character-base/layers/5hat-hat/pnty-pointed-hat/char_a_p1B_5hat_pnty_v02.png
move,21.10a - Forester Pointed Hat & Tunic 2.1a (comp. v01)/optional files (unsupported)/char_a_p1B/5hat/char_a_p1B_5hat_pnty_v03.png,character-base/layers/5hat-hat/pnty-pointed-hat/char_a_p1B_5hat_pnty_v03.png
move,21.10a - Forester Pointed Hat & Tunic 2.1a (comp. v01)/optional files (unsupported)/char_a_p1B/5hat/char_a_p1B_5hat_pnty_v04.png,character-base/layers/5hat-hat/pnty-pointed-hat/char_a_p1B_5hat_pnty_v04.png
move,21.10a - Forester Pointed Hat & Tunic 2.1a (comp. v01)/optional files (unsupported)/char_a_p1B/5hat/char_a_p1B_5hat_pnty_v05.png,character-base/layers/5hat-hat/pnty-pointed-hat/char_a_p1B_5hat_pnty_v05.png
move,21.10a - Forester Pointed Hat & Tunic 2.1a (comp. v01)/char_a_p3/1out/char_a_p3_1out_fstr_v01.png,character-base/layers/1out-outfit/fstr-forester-tunic/char_a_p3_1out_fstr_v01.png
move,21.10a - Forester Pointed Hat & Tunic 2.1a (comp. v01)/char_a_p3/1out/char_a_p3_1out_fstr_v02.png,character-base/layers/1out-outfit/fstr-forester-tunic/char_a_p3_1out_fstr_v02.png
move,21.10a - Forester Pointed Hat & Tunic 2.1a (comp. v01)/char_a_p3/1out/char_a_p3_1out_fstr_v03.png,character-base/layers/1out-outfit/fstr-forester-tunic/char_a_p3_1out_fstr_v03.png
move,21.10a - Forester Pointed Hat & Tunic 2.1a (comp. v01)/char_a_p3/1out/char_a_p3_1out_fstr_v04.png,character-base/layers/1out-outfit/fstr-forester-tunic/char_a_p3_1out_fstr_v04.png
move,21.10a - Forester Pointed Hat & Tunic 2.1a (comp. v01)/char_a_p3/1out/char_a_p3_1out_fstr_v05.png,character-base/layers/1out-outfit/fstr-forester-tunic/char_a_p3_1out_fstr_v05.png
move,21.10a - Forester Pointed Hat & Tunic 2.1a (comp. v01)/char_a_p3/5hat/char_a_p3_5hat_pnty_v01.png,character-base/layers/5hat-hat/pnty-pointed-hat/char_a_p3_5hat_pnty_v01.png
move,21.10a - Forester Pointed Hat & Tunic 2.1a (comp. v01)/char_a_p3/5hat/char_a_p3_5hat_pnty_v02.png,character-base/layers/5hat-hat/pnty-pointed-hat/char_a_p3_5hat_pnty_v02.png
move,21.10a - Forester Pointed Hat & Tunic 2.1a (comp. v01)/char_a_p3/5hat/char_a_p3_5hat_pnty_v03.png,character-base/layers/5hat-hat/pnty-pointed-hat/char_a_p3_5hat_pnty_v03.png
move,21.10a - Forester Pointed Hat & Tunic 2.1a (comp. v01)/char_a_p3/5hat/char_a_p3_5hat_pnty_v04.png,character-base/layers/5hat-hat/pnty-pointed-hat/char_a_p3_5hat_pnty_v04.png
move,21.10a - Forester Pointed Hat & Tunic 2.1a (comp. v01)/char_a_p3/5hat/char_a_p3_5hat_pnty_v05.png,character-base/layers/5hat-hat/pnty-pointed-hat/char_a_p3_5hat_pnty_v05.png
move,21.10a - Forester Pointed Hat & Tunic 2.1a (comp. v01)/char_a_p4/1out/char_a_p4_1out_fstr_v01.png,character-base/layers/1out-outfit/fstr-forester-tunic/char_a_p4_1out_fstr_v01.png
move,21.10a - Forester Pointed Hat & Tunic 2.1a (comp. v01)/char_a_p4/1out/char_a_p4_1out_fstr_v02.png,character-base/layers/1out-outfit/fstr-forester-tunic/char_a_p4_1out_fstr_v02.png
move,21.10a - Forester Pointed Hat & Tunic 2.1a (comp. v01)/char_a_p4/1out/char_a_p4_1out_fstr_v03.png,character-base/layers/1out-outfit/fstr-forester-tunic/char_a_p4_1out_fstr_v03.png
move,21.10a - Forester Pointed Hat & Tunic 2.1a (comp. v01)/char_a_p4/1out/char_a_p4_1out_fstr_v04.png,character-base/layers/1out-outfit/fstr-forester-tunic/char_a_p4_1out_fstr_v04.png
move,21.10a - Forester Pointed Hat & Tunic 2.1a (comp. v01)/char_a_p4/1out/char_a_p4_1out_fstr_v05.png,character-base/layers/1out-outfit/fstr-forester-tunic/char_a_p4_1out_fstr_v05.png
move,21.10a - Forester Pointed Hat & Tunic 2.1a (comp. v01)/char_a_p4/5hat/char_a_p4_5hat_pnty_v01.png,character-base/layers/5hat-hat/pnty-pointed-hat/char_a_p4_5hat_pnty_v01.png
move,21.10a - Forester Pointed Hat & Tunic 2.1a (comp. v01)/char_a_p4/5hat/char_a_p4_5hat_pnty_v02.png,character-base/layers/5hat-hat/pnty-pointed-hat/char_a_p4_5hat_pnty_v02.png
move,21.10a - Forester Pointed Hat & Tunic 2.1a (comp. v01)/char_a_p4/5hat/char_a_p4_5hat_pnty_v03.png,character-base/layers/5hat-hat/pnty-pointed-hat/char_a_p4_5hat_pnty_v03.png
move,21.10a - Forester Pointed Hat & Tunic 2.1a (comp. v01)/char_a_p4/5hat/char_a_p4_5hat_pnty_v04.png,character-base/layers/5hat-hat/pnty-pointed-hat/char_a_p4_5hat_pnty_v04.png
move,21.10a - Forester Pointed Hat & Tunic 2.1a (comp. v01)/char_a_p4/5hat/char_a_p4_5hat_pnty_v05.png,character-base/layers/5hat-hat/pnty-pointed-hat/char_a_p4_5hat_pnty_v05.png
move,21.10a - Forester Pointed Hat & Tunic 2.1a (comp. v01)/char_a_p2/1out/char_a_p2_1out_fstr_v01.png,character-base/layers/1out-outfit/fstr-forester-tunic/char_a_p2_1out_fstr_v01.png
move,21.10a - Forester Pointed Hat & Tunic 2.1a (comp. v01)/char_a_p2/1out/char_a_p2_1out_fstr_v02.png,character-base/layers/1out-outfit/fstr-forester-tunic/char_a_p2_1out_fstr_v02.png
move,21.10a - Forester Pointed Hat & Tunic 2.1a (comp. v01)/char_a_p2/1out/char_a_p2_1out_fstr_v03.png,character-base/layers/1out-outfit/fstr-forester-tunic/char_a_p2_1out_fstr_v03.png
move,21.10a - Forester Pointed Hat & Tunic 2.1a (comp. v01)/char_a_p2/1out/char_a_p2_1out_fstr_v04.png,character-base/layers/1out-outfit/fstr-forester-tunic/char_a_p2_1out_fstr_v04.png
move,21.10a - Forester Pointed Hat & Tunic 2.1a (comp. v01)/char_a_p2/1out/char_a_p2_1out_fstr_v05.png,character-base/layers/1out-outfit/fstr-forester-tunic/char_a_p2_1out_fstr_v05.png
move,21.10a - Forester Pointed Hat & Tunic 2.1a (comp. v01)/char_a_p2/5hat/char_a_p2_5hat_pnty_v01.png,character-base/layers/5hat-hat/pnty-pointed-hat/char_a_p2_5hat_pnty_v01.png
move,21.10a - Forester Pointed Hat & Tunic 2.1a (comp. v01)/char_a_p2/5hat/char_a_p2_5hat_pnty_v02.png,character-base/layers/5hat-hat/pnty-pointed-hat/char_a_p2_5hat_pnty_v02.png
move,21.10a - Forester Pointed Hat & Tunic 2.1a (comp. v01)/char_a_p2/5hat/char_a_p2_5hat_pnty_v03.png,character-base/layers/5hat-hat/pnty-pointed-hat/char_a_p2_5hat_pnty_v03.png
move,21.10a - Forester Pointed Hat & Tunic 2.1a (comp. v01)/char_a_p2/5hat/char_a_p2_5hat_pnty_v04.png,character-base/layers/5hat-hat/pnty-pointed-hat/char_a_p2_5hat_pnty_v04.png
move,21.10a - Forester Pointed Hat & Tunic 2.1a (comp. v01)/char_a_p2/5hat/char_a_p2_5hat_pnty_v05.png,character-base/layers/5hat-hat/pnty-pointed-hat/char_a_p2_5hat_pnty_v05.png
move,21.10a - Forester Pointed Hat & Tunic 2.1a (comp. v01)/char_a_p1/1out/char_a_p1_1out_fstr_v01.png,character-base/layers/1out-outfit/fstr-forester-tunic/char_a_p1_1out_fstr_v01.png
move,21.10a - Forester Pointed Hat & Tunic 2.1a (comp. v01)/char_a_p1/1out/char_a_p1_1out_fstr_v02.png,character-base/layers/1out-outfit/fstr-forester-tunic/char_a_p1_1out_fstr_v02.png
move,21.10a - Forester Pointed Hat & Tunic 2.1a (comp. v01)/char_a_p1/1out/char_a_p1_1out_fstr_v03.png,character-base/layers/1out-outfit/fstr-forester-tunic/char_a_p1_1out_fstr_v03.png
move,21.10a - Forester Pointed Hat & Tunic 2.1a (comp. v01)/char_a_p1/1out/char_a_p1_1out_fstr_v04.png,character-base/layers/1out-outfit/fstr-forester-tunic/char_a_p1_1out_fstr_v04.png
move,21.10a - Forester Pointed Hat & Tunic 2.1a (comp. v01)/char_a_p1/1out/char_a_p1_1out_fstr_v05.png,character-base/layers/1out-outfit/fstr-forester-tunic/char_a_p1_1out_fstr_v05.png
move,21.10a - Forester Pointed Hat & Tunic 2.1a (comp. v01)/char_a_p1/5hat/char_a_p1_5hat_pnty_v01.png,character-base/layers/5hat-hat/pnty-pointed-hat/char_a_p1_5hat_pnty_v01.png
move,21.10a - Forester Pointed Hat & Tunic 2.1a (comp. v01)/char_a_p1/5hat/char_a_p1_5hat_pnty_v02.png,character-base/layers/5hat-hat/pnty-pointed-hat/char_a_p1_5hat_pnty_v02.png
move,21.10a - Forester Pointed Hat & Tunic 2.1a (comp. v01)/char_a_p1/5hat/char_a_p1_5hat_pnty_v03.png,character-base/layers/5hat-hat/pnty-pointed-hat/char_a_p1_5hat_pnty_v03.png
move,21.10a - Forester Pointed Hat & Tunic 2.1a (comp. v01)/char_a_p1/5hat/char_a_p1_5hat_pnty_v04.png,character-base/layers/5hat-hat/pnty-pointed-hat/char_a_p1_5hat_pnty_v04.png
move,21.10a - Forester Pointed Hat & Tunic 2.1a (comp. v01)/char_a_p1/5hat/char_a_p1_5hat_pnty_v05.png,character-base/layers/5hat-hat/pnty-pointed-hat/char_a_p1_5hat_pnty_v05.png
move,21.07b - Sword & Shield Combat 2.3a/char_a_pONE3/char_a_pONE3_0bas_humn_v00.png,character-base/layers/0bas-body/humn-human/char_a_pONE3_0bas_humn_v00.png
move,21.07b - Sword & Shield Combat 2.3a/char_a_pONE3/char_a_pONE3_0bas_humn_v01.png,character-base/layers/0bas-body/humn-human/char_a_pONE3_0bas_humn_v01.png
move,21.07b - Sword & Shield Combat 2.3a/char_a_pONE3/char_a_pONE3_0bas_humn_v02.png,character-base/layers/0bas-body/humn-human/char_a_pONE3_0bas_humn_v02.png
move,21.07b - Sword & Shield Combat 2.3a/char_a_pONE3/char_a_pONE3_0bas_humn_v03.png,character-base/layers/0bas-body/humn-human/char_a_pONE3_0bas_humn_v03.png
move,21.07b - Sword & Shield Combat 2.3a/char_a_pONE3/char_a_pONE3_0bas_humn_v04.png,character-base/layers/0bas-body/humn-human/char_a_pONE3_0bas_humn_v04.png
move,21.07b - Sword & Shield Combat 2.3a/char_a_pONE3/char_a_pONE3_0bas_humn_v05.png,character-base/layers/0bas-body/humn-human/char_a_pONE3_0bas_humn_v05.png
move,21.07b - Sword & Shield Combat 2.3a/char_a_pONE3/char_a_pONE3_0bas_humn_v06.png,character-base/layers/0bas-body/humn-human/char_a_pONE3_0bas_humn_v06.png
move,21.07b - Sword & Shield Combat 2.3a/char_a_pONE3/char_a_pONE3_0bas_humn_v07.png,character-base/layers/0bas-body/humn-human/char_a_pONE3_0bas_humn_v07.png
move,21.07b - Sword & Shield Combat 2.3a/char_a_pONE3/char_a_pONE3_0bas_humn_v08.png,character-base/layers/0bas-body/humn-human/char_a_pONE3_0bas_humn_v08.png
move,21.07b - Sword & Shield Combat 2.3a/char_a_pONE3/char_a_pONE3_0bas_humn_v09.png,character-base/layers/0bas-body/humn-human/char_a_pONE3_0bas_humn_v09.png
move,21.07b - Sword & Shield Combat 2.3a/char_a_pONE3/char_a_pONE3_0bas_humn_v10.png,character-base/layers/0bas-body/humn-human/char_a_pONE3_0bas_humn_v10.png
move,21.07b - Sword & Shield Combat 2.3a/char_a_pONE3/4har/char_a_pONE3_4har_bob1_v00.png,character-base/layers/4har-hair/bob1-bob/char_a_pONE3_4har_bob1_v00.png
move,21.07b - Sword & Shield Combat 2.3a/char_a_pONE3/4har/char_a_pONE3_4har_bob1_v01.png,character-base/layers/4har-hair/bob1-bob/char_a_pONE3_4har_bob1_v01.png
move,21.07b - Sword & Shield Combat 2.3a/char_a_pONE3/4har/char_a_pONE3_4har_bob1_v02.png,character-base/layers/4har-hair/bob1-bob/char_a_pONE3_4har_bob1_v02.png
move,21.07b - Sword & Shield Combat 2.3a/char_a_pONE3/4har/char_a_pONE3_4har_bob1_v03.png,character-base/layers/4har-hair/bob1-bob/char_a_pONE3_4har_bob1_v03.png
move,21.07b - Sword & Shield Combat 2.3a/char_a_pONE3/4har/char_a_pONE3_4har_bob1_v04.png,character-base/layers/4har-hair/bob1-bob/char_a_pONE3_4har_bob1_v04.png
move,21.07b - Sword & Shield Combat 2.3a/char_a_pONE3/4har/char_a_pONE3_4har_bob1_v05.png,character-base/layers/4har-hair/bob1-bob/char_a_pONE3_4har_bob1_v05.png
move,21.07b - Sword & Shield Combat 2.3a/char_a_pONE3/4har/char_a_pONE3_4har_bob1_v06.png,character-base/layers/4har-hair/bob1-bob/char_a_pONE3_4har_bob1_v06.png
move,21.07b - Sword & Shield Combat 2.3a/char_a_pONE3/4har/char_a_pONE3_4har_bob1_v07.png,character-base/layers/4har-hair/bob1-bob/char_a_pONE3_4har_bob1_v07.png
move,21.07b - Sword & Shield Combat 2.3a/char_a_pONE3/4har/char_a_pONE3_4har_bob1_v08.png,character-base/layers/4har-hair/bob1-bob/char_a_pONE3_4har_bob1_v08.png
move,21.07b - Sword & Shield Combat 2.3a/char_a_pONE3/4har/char_a_pONE3_4har_bob1_v09.png,character-base/layers/4har-hair/bob1-bob/char_a_pONE3_4har_bob1_v09.png
move,21.07b - Sword & Shield Combat 2.3a/char_a_pONE3/4har/char_a_pONE3_4har_bob1_v10.png,character-base/layers/4har-hair/bob1-bob/char_a_pONE3_4har_bob1_v10.png
move,21.07b - Sword & Shield Combat 2.3a/char_a_pONE3/4har/char_a_pONE3_4har_bob1_v11.png,character-base/layers/4har-hair/bob1-bob/char_a_pONE3_4har_bob1_v11.png
move,21.07b - Sword & Shield Combat 2.3a/char_a_pONE3/4har/char_a_pONE3_4har_bob1_v12.png,character-base/layers/4har-hair/bob1-bob/char_a_pONE3_4har_bob1_v12.png
move,21.07b - Sword & Shield Combat 2.3a/char_a_pONE3/4har/char_a_pONE3_4har_bob1_v13.png,character-base/layers/4har-hair/bob1-bob/char_a_pONE3_4har_bob1_v13.png
move,21.07b - Sword & Shield Combat 2.3a/char_a_pONE3/4har/char_a_pONE3_4har_dap1_v00.png,character-base/layers/4har-hair/dap1-dapper/char_a_pONE3_4har_dap1_v00.png
move,21.07b - Sword & Shield Combat 2.3a/char_a_pONE3/4har/char_a_pONE3_4har_dap1_v01.png,character-base/layers/4har-hair/dap1-dapper/char_a_pONE3_4har_dap1_v01.png
move,21.07b - Sword & Shield Combat 2.3a/char_a_pONE3/4har/char_a_pONE3_4har_dap1_v02.png,character-base/layers/4har-hair/dap1-dapper/char_a_pONE3_4har_dap1_v02.png
move,21.07b - Sword & Shield Combat 2.3a/char_a_pONE3/4har/char_a_pONE3_4har_dap1_v03.png,character-base/layers/4har-hair/dap1-dapper/char_a_pONE3_4har_dap1_v03.png
move,21.07b - Sword & Shield Combat 2.3a/char_a_pONE3/4har/char_a_pONE3_4har_dap1_v04.png,character-base/layers/4har-hair/dap1-dapper/char_a_pONE3_4har_dap1_v04.png
move,21.07b - Sword & Shield Combat 2.3a/char_a_pONE3/4har/char_a_pONE3_4har_dap1_v05.png,character-base/layers/4har-hair/dap1-dapper/char_a_pONE3_4har_dap1_v05.png
move,21.07b - Sword & Shield Combat 2.3a/char_a_pONE3/4har/char_a_pONE3_4har_dap1_v06.png,character-base/layers/4har-hair/dap1-dapper/char_a_pONE3_4har_dap1_v06.png
move,21.07b - Sword & Shield Combat 2.3a/char_a_pONE3/4har/char_a_pONE3_4har_dap1_v07.png,character-base/layers/4har-hair/dap1-dapper/char_a_pONE3_4har_dap1_v07.png
move,21.07b - Sword & Shield Combat 2.3a/char_a_pONE3/4har/char_a_pONE3_4har_dap1_v08.png,character-base/layers/4har-hair/dap1-dapper/char_a_pONE3_4har_dap1_v08.png
move,21.07b - Sword & Shield Combat 2.3a/char_a_pONE3/4har/char_a_pONE3_4har_dap1_v09.png,character-base/layers/4har-hair/dap1-dapper/char_a_pONE3_4har_dap1_v09.png
move,21.07b - Sword & Shield Combat 2.3a/char_a_pONE3/4har/char_a_pONE3_4har_dap1_v10.png,character-base/layers/4har-hair/dap1-dapper/char_a_pONE3_4har_dap1_v10.png
move,21.07b - Sword & Shield Combat 2.3a/char_a_pONE3/4har/char_a_pONE3_4har_dap1_v11.png,character-base/layers/4har-hair/dap1-dapper/char_a_pONE3_4har_dap1_v11.png
move,21.07b - Sword & Shield Combat 2.3a/char_a_pONE3/4har/char_a_pONE3_4har_dap1_v12.png,character-base/layers/4har-hair/dap1-dapper/char_a_pONE3_4har_dap1_v12.png
move,21.07b - Sword & Shield Combat 2.3a/char_a_pONE3/4har/char_a_pONE3_4har_dap1_v13.png,character-base/layers/4har-hair/dap1-dapper/char_a_pONE3_4har_dap1_v13.png
move,21.07b - Sword & Shield Combat 2.3a/char_a_pONE3/1out/char_a_pONE3_1out_boxr_v01.png,character-base/layers/1out-outfit/boxr-boxers/char_a_pONE3_1out_boxr_v01.png
move,21.07b - Sword & Shield Combat 2.3a/char_a_pONE3/1out/char_a_pONE3_1out_undi_v01.png,character-base/layers/1out-outfit/undi-undies/char_a_pONE3_1out_undi_v01.png
move,21.07b - Sword & Shield Combat 2.3a/char_a_pONE3/6tla/char_a_pONE3_6tla_ax01_v01.png,character-base/layers/6tla-tool-main/ax01-axe/char_a_pONE3_6tla_ax01_v01.png
move,21.07b - Sword & Shield Combat 2.3a/char_a_pONE3/6tla/char_a_pONE3_6tla_ax01_v02.png,character-base/layers/6tla-tool-main/ax01-axe/char_a_pONE3_6tla_ax01_v02.png
move,21.07b - Sword & Shield Combat 2.3a/char_a_pONE3/6tla/char_a_pONE3_6tla_ax01_v03.png,character-base/layers/6tla-tool-main/ax01-axe/char_a_pONE3_6tla_ax01_v03.png
move,21.07b - Sword & Shield Combat 2.3a/char_a_pONE3/6tla/char_a_pONE3_6tla_ax01_v04.png,character-base/layers/6tla-tool-main/ax01-axe/char_a_pONE3_6tla_ax01_v04.png
move,21.07b - Sword & Shield Combat 2.3a/char_a_pONE3/6tla/char_a_pONE3_6tla_ax01_v05.png,character-base/layers/6tla-tool-main/ax01-axe/char_a_pONE3_6tla_ax01_v05.png
move,21.07b - Sword & Shield Combat 2.3a/char_a_pONE3/6tla/char_a_pONE3_6tla_mc01_v01.png,character-base/layers/6tla-tool-main/mc01-mace/char_a_pONE3_6tla_mc01_v01.png
move,21.07b - Sword & Shield Combat 2.3a/char_a_pONE3/6tla/char_a_pONE3_6tla_mc01_v02.png,character-base/layers/6tla-tool-main/mc01-mace/char_a_pONE3_6tla_mc01_v02.png
move,21.07b - Sword & Shield Combat 2.3a/char_a_pONE3/6tla/char_a_pONE3_6tla_mc01_v03.png,character-base/layers/6tla-tool-main/mc01-mace/char_a_pONE3_6tla_mc01_v03.png
move,21.07b - Sword & Shield Combat 2.3a/char_a_pONE3/6tla/char_a_pONE3_6tla_mc01_v04.png,character-base/layers/6tla-tool-main/mc01-mace/char_a_pONE3_6tla_mc01_v04.png
move,21.07b - Sword & Shield Combat 2.3a/char_a_pONE3/6tla/char_a_pONE3_6tla_mc01_v05.png,character-base/layers/6tla-tool-main/mc01-mace/char_a_pONE3_6tla_mc01_v05.png
move,21.07b - Sword & Shield Combat 2.3a/char_a_pONE3/6tla/char_a_pONE3_6tla_sw01_v01.png,character-base/layers/6tla-tool-main/sw01-sword/char_a_pONE3_6tla_sw01_v01.png
move,21.07b - Sword & Shield Combat 2.3a/char_a_pONE3/6tla/char_a_pONE3_6tla_sw01_v02.png,character-base/layers/6tla-tool-main/sw01-sword/char_a_pONE3_6tla_sw01_v02.png
move,21.07b - Sword & Shield Combat 2.3a/char_a_pONE3/6tla/char_a_pONE3_6tla_sw01_v03.png,character-base/layers/6tla-tool-main/sw01-sword/char_a_pONE3_6tla_sw01_v03.png
move,21.07b - Sword & Shield Combat 2.3a/char_a_pONE3/6tla/char_a_pONE3_6tla_sw01_v04.png,character-base/layers/6tla-tool-main/sw01-sword/char_a_pONE3_6tla_sw01_v04.png
move,21.07b - Sword & Shield Combat 2.3a/char_a_pONE3/6tla/char_a_pONE3_6tla_sw01_v05.png,character-base/layers/6tla-tool-main/sw01-sword/char_a_pONE3_6tla_sw01_v05.png
move,21.07b - Sword & Shield Combat 2.3a/char_a_pONE3/7tlb/char_a_pONE3_7tlb_sh01_v01.png,character-base/layers/7tlb-tool-offhand/sh01-shield-round-wood/char_a_pONE3_7tlb_sh01_v01.png
move,21.07b - Sword & Shield Combat 2.3a/char_a_pONE3/7tlb/char_a_pONE3_7tlb_sh01_v02.png,character-base/layers/7tlb-tool-offhand/sh01-shield-round-wood/char_a_pONE3_7tlb_sh01_v02.png
move,21.07b - Sword & Shield Combat 2.3a/char_a_pONE3/7tlb/char_a_pONE3_7tlb_sh01_v03.png,character-base/layers/7tlb-tool-offhand/sh01-shield-round-wood/char_a_pONE3_7tlb_sh01_v03.png
move,21.07b - Sword & Shield Combat 2.3a/char_a_pONE3/7tlb/char_a_pONE3_7tlb_sh01_v04.png,character-base/layers/7tlb-tool-offhand/sh01-shield-round-wood/char_a_pONE3_7tlb_sh01_v04.png
move,21.07b - Sword & Shield Combat 2.3a/char_a_pONE3/7tlb/char_a_pONE3_7tlb_sh01_v05.png,character-base/layers/7tlb-tool-offhand/sh01-shield-round-wood/char_a_pONE3_7tlb_sh01_v05.png
move,21.07b - Sword & Shield Combat 2.3a/char_a_pONE3/7tlb/char_a_pONE3_7tlb_sh02_v01.png,character-base/layers/7tlb-tool-offhand/sh02-shield-round-metal/char_a_pONE3_7tlb_sh02_v01.png
move,21.07b - Sword & Shield Combat 2.3a/char_a_pONE3/7tlb/char_a_pONE3_7tlb_sh02_v02.png,character-base/layers/7tlb-tool-offhand/sh02-shield-round-metal/char_a_pONE3_7tlb_sh02_v02.png
move,21.07b - Sword & Shield Combat 2.3a/char_a_pONE3/7tlb/char_a_pONE3_7tlb_sh02_v03.png,character-base/layers/7tlb-tool-offhand/sh02-shield-round-metal/char_a_pONE3_7tlb_sh02_v03.png
move,21.07b - Sword & Shield Combat 2.3a/char_a_pONE3/7tlb/char_a_pONE3_7tlb_sh02_v04.png,character-base/layers/7tlb-tool-offhand/sh02-shield-round-metal/char_a_pONE3_7tlb_sh02_v04.png
move,21.07b - Sword & Shield Combat 2.3a/char_a_pONE3/7tlb/char_a_pONE3_7tlb_sh02_v05.png,character-base/layers/7tlb-tool-offhand/sh02-shield-round-metal/char_a_pONE3_7tlb_sh02_v05.png
move,21.07b - Sword & Shield Combat 2.3a/char_a_pONE3/7tlb/char_a_pONE3_7tlb_sh03_v01.png,character-base/layers/7tlb-tool-offhand/sh03-shield-kite/char_a_pONE3_7tlb_sh03_v01.png
move,21.07b - Sword & Shield Combat 2.3a/char_a_pONE3/7tlb/char_a_pONE3_7tlb_sh03_v02.png,character-base/layers/7tlb-tool-offhand/sh03-shield-kite/char_a_pONE3_7tlb_sh03_v02.png
move,21.07b - Sword & Shield Combat 2.3a/char_a_pONE3/7tlb/char_a_pONE3_7tlb_sh03_v03.png,character-base/layers/7tlb-tool-offhand/sh03-shield-kite/char_a_pONE3_7tlb_sh03_v03.png
move,21.07b - Sword & Shield Combat 2.3a/char_a_pONE3/7tlb/char_a_pONE3_7tlb_sh03_v04.png,character-base/layers/7tlb-tool-offhand/sh03-shield-kite/char_a_pONE3_7tlb_sh03_v04.png
move,21.07b - Sword & Shield Combat 2.3a/char_a_pONE3/7tlb/char_a_pONE3_7tlb_sh03_v05.png,character-base/layers/7tlb-tool-offhand/sh03-shield-kite/char_a_pONE3_7tlb_sh03_v05.png
move,21.07b - Sword & Shield Combat 2.3a/optional files (unsupported)/char_a_p1/6tla/char_a_p1_6tla_ax01_v01.png,character-base/layers/6tla-tool-main/ax01-axe/char_a_p1_6tla_ax01_v01.png
move,21.07b - Sword & Shield Combat 2.3a/optional files (unsupported)/char_a_p1/6tla/char_a_p1_6tla_ax01_v02.png,character-base/layers/6tla-tool-main/ax01-axe/char_a_p1_6tla_ax01_v02.png
move,21.07b - Sword & Shield Combat 2.3a/optional files (unsupported)/char_a_p1/6tla/char_a_p1_6tla_ax01_v03.png,character-base/layers/6tla-tool-main/ax01-axe/char_a_p1_6tla_ax01_v03.png
move,21.07b - Sword & Shield Combat 2.3a/optional files (unsupported)/char_a_p1/6tla/char_a_p1_6tla_ax01_v04.png,character-base/layers/6tla-tool-main/ax01-axe/char_a_p1_6tla_ax01_v04.png
move,21.07b - Sword & Shield Combat 2.3a/optional files (unsupported)/char_a_p1/6tla/char_a_p1_6tla_ax01_v05.png,character-base/layers/6tla-tool-main/ax01-axe/char_a_p1_6tla_ax01_v05.png
move,21.07b - Sword & Shield Combat 2.3a/optional files (unsupported)/char_a_p1/6tla/char_a_p1_6tla_mc01_v01.png,character-base/layers/6tla-tool-main/mc01-mace/char_a_p1_6tla_mc01_v01.png
move,21.07b - Sword & Shield Combat 2.3a/optional files (unsupported)/char_a_p1/6tla/char_a_p1_6tla_mc01_v02.png,character-base/layers/6tla-tool-main/mc01-mace/char_a_p1_6tla_mc01_v02.png
move,21.07b - Sword & Shield Combat 2.3a/optional files (unsupported)/char_a_p1/6tla/char_a_p1_6tla_mc01_v03.png,character-base/layers/6tla-tool-main/mc01-mace/char_a_p1_6tla_mc01_v03.png
move,21.07b - Sword & Shield Combat 2.3a/optional files (unsupported)/char_a_p1/6tla/char_a_p1_6tla_mc01_v04.png,character-base/layers/6tla-tool-main/mc01-mace/char_a_p1_6tla_mc01_v04.png
move,21.07b - Sword & Shield Combat 2.3a/optional files (unsupported)/char_a_p1/6tla/char_a_p1_6tla_mc01_v05.png,character-base/layers/6tla-tool-main/mc01-mace/char_a_p1_6tla_mc01_v05.png
move,21.07b - Sword & Shield Combat 2.3a/optional files (unsupported)/char_a_p1/6tla/char_a_p1_6tla_sw01_v01.png,character-base/layers/6tla-tool-main/sw01-sword/char_a_p1_6tla_sw01_v01.png
move,21.07b - Sword & Shield Combat 2.3a/optional files (unsupported)/char_a_p1/6tla/char_a_p1_6tla_sw01_v02.png,character-base/layers/6tla-tool-main/sw01-sword/char_a_p1_6tla_sw01_v02.png
move,21.07b - Sword & Shield Combat 2.3a/optional files (unsupported)/char_a_p1/6tla/char_a_p1_6tla_sw01_v03.png,character-base/layers/6tla-tool-main/sw01-sword/char_a_p1_6tla_sw01_v03.png
move,21.07b - Sword & Shield Combat 2.3a/optional files (unsupported)/char_a_p1/6tla/char_a_p1_6tla_sw01_v04.png,character-base/layers/6tla-tool-main/sw01-sword/char_a_p1_6tla_sw01_v04.png
move,21.07b - Sword & Shield Combat 2.3a/optional files (unsupported)/char_a_p1/6tla/char_a_p1_6tla_sw01_v05.png,character-base/layers/6tla-tool-main/sw01-sword/char_a_p1_6tla_sw01_v05.png
move,21.07b - Sword & Shield Combat 2.3a/optional files (unsupported)/char_a_p1/7tlb/char_a_p1_7tlb_sh01_v01.png,character-base/layers/7tlb-tool-offhand/sh01-shield-round-wood/char_a_p1_7tlb_sh01_v01.png
move,21.07b - Sword & Shield Combat 2.3a/optional files (unsupported)/char_a_p1/7tlb/char_a_p1_7tlb_sh01_v02.png,character-base/layers/7tlb-tool-offhand/sh01-shield-round-wood/char_a_p1_7tlb_sh01_v02.png
move,21.07b - Sword & Shield Combat 2.3a/optional files (unsupported)/char_a_p1/7tlb/char_a_p1_7tlb_sh01_v03.png,character-base/layers/7tlb-tool-offhand/sh01-shield-round-wood/char_a_p1_7tlb_sh01_v03.png
move,21.07b - Sword & Shield Combat 2.3a/optional files (unsupported)/char_a_p1/7tlb/char_a_p1_7tlb_sh01_v04.png,character-base/layers/7tlb-tool-offhand/sh01-shield-round-wood/char_a_p1_7tlb_sh01_v04.png
move,21.07b - Sword & Shield Combat 2.3a/optional files (unsupported)/char_a_p1/7tlb/char_a_p1_7tlb_sh01_v05.png,character-base/layers/7tlb-tool-offhand/sh01-shield-round-wood/char_a_p1_7tlb_sh01_v05.png
move,21.07b - Sword & Shield Combat 2.3a/optional files (unsupported)/char_a_p1/7tlb/char_a_p1_7tlb_sh02_v01.png,character-base/layers/7tlb-tool-offhand/sh02-shield-round-metal/char_a_p1_7tlb_sh02_v01.png
move,21.07b - Sword & Shield Combat 2.3a/optional files (unsupported)/char_a_p1/7tlb/char_a_p1_7tlb_sh02_v02.png,character-base/layers/7tlb-tool-offhand/sh02-shield-round-metal/char_a_p1_7tlb_sh02_v02.png
move,21.07b - Sword & Shield Combat 2.3a/optional files (unsupported)/char_a_p1/7tlb/char_a_p1_7tlb_sh02_v03.png,character-base/layers/7tlb-tool-offhand/sh02-shield-round-metal/char_a_p1_7tlb_sh02_v03.png
move,21.07b - Sword & Shield Combat 2.3a/optional files (unsupported)/char_a_p1/7tlb/char_a_p1_7tlb_sh02_v04.png,character-base/layers/7tlb-tool-offhand/sh02-shield-round-metal/char_a_p1_7tlb_sh02_v04.png
move,21.07b - Sword & Shield Combat 2.3a/optional files (unsupported)/char_a_p1/7tlb/char_a_p1_7tlb_sh02_v05.png,character-base/layers/7tlb-tool-offhand/sh02-shield-round-metal/char_a_p1_7tlb_sh02_v05.png
move,21.07b - Sword & Shield Combat 2.3a/optional files (unsupported)/char_a_p1/7tlb/char_a_p1_7tlb_sh03_v01.png,character-base/layers/7tlb-tool-offhand/sh03-shield-kite/char_a_p1_7tlb_sh03_v01.png
move,21.07b - Sword & Shield Combat 2.3a/optional files (unsupported)/char_a_p1/7tlb/char_a_p1_7tlb_sh03_v02.png,character-base/layers/7tlb-tool-offhand/sh03-shield-kite/char_a_p1_7tlb_sh03_v02.png
move,21.07b - Sword & Shield Combat 2.3a/optional files (unsupported)/char_a_p1/7tlb/char_a_p1_7tlb_sh03_v03.png,character-base/layers/7tlb-tool-offhand/sh03-shield-kite/char_a_p1_7tlb_sh03_v03.png
move,21.07b - Sword & Shield Combat 2.3a/optional files (unsupported)/char_a_p1/7tlb/char_a_p1_7tlb_sh03_v04.png,character-base/layers/7tlb-tool-offhand/sh03-shield-kite/char_a_p1_7tlb_sh03_v04.png
move,21.07b - Sword & Shield Combat 2.3a/optional files (unsupported)/char_a_p1/7tlb/char_a_p1_7tlb_sh03_v05.png,character-base/layers/7tlb-tool-offhand/sh03-shield-kite/char_a_p1_7tlb_sh03_v05.png
move,"21.07b - Sword & Shield Combat 2.3a/guides/animations, page ONE-hand 1.png","character-base/guides/animations, page ONE-hand 1.png"
move,"21.07b - Sword & Shield Combat 2.3a/guides/animations, page ONE-hand 2.png","character-base/guides/animations, page ONE-hand 2.png"
move,"21.07b - Sword & Shield Combat 2.3a/guides/animations, page ONE-hand 3.png","character-base/guides/animations, page ONE-hand 3.png"
move,"21.07b - Sword & Shield Combat 2.3a/guides/layer order, page 1 (shield).png","character-base/guides/layer order, page 1 (shield).png"
move,"21.07b - Sword & Shield Combat 2.3a/guides/layer order, page 1 (sword).png","character-base/guides/layer order, page 1 (sword).png"
move,"21.07b - Sword & Shield Combat 2.3a/guides/layer order, page ONE-hand 1 (shield).png","character-base/guides/layer order, page ONE-hand 1 (shield).png"
move,"21.07b - Sword & Shield Combat 2.3a/guides/layer order, page ONE-hand 1 (sword).png","character-base/guides/layer order, page ONE-hand 1 (sword).png"
move,"21.07b - Sword & Shield Combat 2.3a/guides/layer order, page ONE-hand 2 (shield).png","character-base/guides/layer order, page ONE-hand 2 (shield).png"
move,"21.07b - Sword & Shield Combat 2.3a/guides/layer order, page ONE-hand 2 (sword).png","character-base/guides/layer order, page ONE-hand 2 (sword).png"
move,"21.07b - Sword & Shield Combat 2.3a/guides/layer order, page ONE-hand 3 (shield).png","character-base/guides/layer order, page ONE-hand 3 (shield).png"
move,"21.07b - Sword & Shield Combat 2.3a/guides/layer order, page ONE-hand 3 (sword).png","character-base/guides/layer order, page ONE-hand 3 (sword).png"
move,21.07b - Sword & Shield Combat 2.3a/guides/using sword & shield.txt,character-base/guides/using sword & shield.txt
move,21.07b - Sword & Shield Combat 2.3a/weapon sprites/one_0108_v01.png,character-base/effects-and-props/weapon sprites/one_0108_v01.png
move,21.07b - Sword & Shield Combat 2.3a/weapon sprites/one_0108_v02.png,character-base/effects-and-props/weapon sprites/one_0108_v02.png
move,21.07b - Sword & Shield Combat 2.3a/weapon sprites/one_0108_v03.png,character-base/effects-and-props/weapon sprites/one_0108_v03.png
move,21.07b - Sword & Shield Combat 2.3a/weapon sprites/one_0108_v04.png,character-base/effects-and-props/weapon sprites/one_0108_v04.png
move,21.07b - Sword & Shield Combat 2.3a/weapon sprites/one_0108_v05.png,character-base/effects-and-props/weapon sprites/one_0108_v05.png
move,21.07b - Sword & Shield Combat 2.3a/weapon sprites/shd_0108_v01.png,character-base/effects-and-props/weapon sprites/shd_0108_v01.png
move,21.07b - Sword & Shield Combat 2.3a/weapon sprites/shd_0108_v02.png,character-base/effects-and-props/weapon sprites/shd_0108_v02.png
move,21.07b - Sword & Shield Combat 2.3a/weapon sprites/shd_0108_v03.png,character-base/effects-and-props/weapon sprites/shd_0108_v03.png
move,21.07b - Sword & Shield Combat 2.3a/weapon sprites/shd_0108_v04.png,character-base/effects-and-props/weapon sprites/shd_0108_v04.png
move,21.07b - Sword & Shield Combat 2.3a/weapon sprites/shd_0108_v05.png,character-base/effects-and-props/weapon sprites/shd_0108_v05.png
move,21.07b - Sword & Shield Combat 2.3a/weapon sprites/sword & shield effect sprites.png,character-base/effects-and-props/sword & shield effect sprites.png
move,21.07b - Sword & Shield Combat 2.3a/char_a_pONE2/char_a_pONE2_0bas_humn_v00.png,character-base/layers/0bas-body/humn-human/char_a_pONE2_0bas_humn_v00.png
move,21.07b - Sword & Shield Combat 2.3a/char_a_pONE2/char_a_pONE2_0bas_humn_v01.png,character-base/layers/0bas-body/humn-human/char_a_pONE2_0bas_humn_v01.png
move,21.07b - Sword & Shield Combat 2.3a/char_a_pONE2/char_a_pONE2_0bas_humn_v02.png,character-base/layers/0bas-body/humn-human/char_a_pONE2_0bas_humn_v02.png
move,21.07b - Sword & Shield Combat 2.3a/char_a_pONE2/char_a_pONE2_0bas_humn_v03.png,character-base/layers/0bas-body/humn-human/char_a_pONE2_0bas_humn_v03.png
move,21.07b - Sword & Shield Combat 2.3a/char_a_pONE2/char_a_pONE2_0bas_humn_v04.png,character-base/layers/0bas-body/humn-human/char_a_pONE2_0bas_humn_v04.png
move,21.07b - Sword & Shield Combat 2.3a/char_a_pONE2/char_a_pONE2_0bas_humn_v05.png,character-base/layers/0bas-body/humn-human/char_a_pONE2_0bas_humn_v05.png
move,21.07b - Sword & Shield Combat 2.3a/char_a_pONE2/char_a_pONE2_0bas_humn_v06.png,character-base/layers/0bas-body/humn-human/char_a_pONE2_0bas_humn_v06.png
move,21.07b - Sword & Shield Combat 2.3a/char_a_pONE2/char_a_pONE2_0bas_humn_v07.png,character-base/layers/0bas-body/humn-human/char_a_pONE2_0bas_humn_v07.png
move,21.07b - Sword & Shield Combat 2.3a/char_a_pONE2/char_a_pONE2_0bas_humn_v08.png,character-base/layers/0bas-body/humn-human/char_a_pONE2_0bas_humn_v08.png
move,21.07b - Sword & Shield Combat 2.3a/char_a_pONE2/char_a_pONE2_0bas_humn_v09.png,character-base/layers/0bas-body/humn-human/char_a_pONE2_0bas_humn_v09.png
move,21.07b - Sword & Shield Combat 2.3a/char_a_pONE2/char_a_pONE2_0bas_humn_v10.png,character-base/layers/0bas-body/humn-human/char_a_pONE2_0bas_humn_v10.png
move,21.07b - Sword & Shield Combat 2.3a/char_a_pONE2/4har/char_a_pONE2_4har_bob1_v00.png,character-base/layers/4har-hair/bob1-bob/char_a_pONE2_4har_bob1_v00.png
move,21.07b - Sword & Shield Combat 2.3a/char_a_pONE2/4har/char_a_pONE2_4har_bob1_v01.png,character-base/layers/4har-hair/bob1-bob/char_a_pONE2_4har_bob1_v01.png
move,21.07b - Sword & Shield Combat 2.3a/char_a_pONE2/4har/char_a_pONE2_4har_bob1_v02.png,character-base/layers/4har-hair/bob1-bob/char_a_pONE2_4har_bob1_v02.png
move,21.07b - Sword & Shield Combat 2.3a/char_a_pONE2/4har/char_a_pONE2_4har_bob1_v03.png,character-base/layers/4har-hair/bob1-bob/char_a_pONE2_4har_bob1_v03.png
move,21.07b - Sword & Shield Combat 2.3a/char_a_pONE2/4har/char_a_pONE2_4har_bob1_v04.png,character-base/layers/4har-hair/bob1-bob/char_a_pONE2_4har_bob1_v04.png
move,21.07b - Sword & Shield Combat 2.3a/char_a_pONE2/4har/char_a_pONE2_4har_bob1_v05.png,character-base/layers/4har-hair/bob1-bob/char_a_pONE2_4har_bob1_v05.png
move,21.07b - Sword & Shield Combat 2.3a/char_a_pONE2/4har/char_a_pONE2_4har_bob1_v06.png,character-base/layers/4har-hair/bob1-bob/char_a_pONE2_4har_bob1_v06.png
move,21.07b - Sword & Shield Combat 2.3a/char_a_pONE2/4har/char_a_pONE2_4har_bob1_v07.png,character-base/layers/4har-hair/bob1-bob/char_a_pONE2_4har_bob1_v07.png
move,21.07b - Sword & Shield Combat 2.3a/char_a_pONE2/4har/char_a_pONE2_4har_bob1_v08.png,character-base/layers/4har-hair/bob1-bob/char_a_pONE2_4har_bob1_v08.png
move,21.07b - Sword & Shield Combat 2.3a/char_a_pONE2/4har/char_a_pONE2_4har_bob1_v09.png,character-base/layers/4har-hair/bob1-bob/char_a_pONE2_4har_bob1_v09.png
move,21.07b - Sword & Shield Combat 2.3a/char_a_pONE2/4har/char_a_pONE2_4har_bob1_v10.png,character-base/layers/4har-hair/bob1-bob/char_a_pONE2_4har_bob1_v10.png
move,21.07b - Sword & Shield Combat 2.3a/char_a_pONE2/4har/char_a_pONE2_4har_bob1_v11.png,character-base/layers/4har-hair/bob1-bob/char_a_pONE2_4har_bob1_v11.png
move,21.07b - Sword & Shield Combat 2.3a/char_a_pONE2/4har/char_a_pONE2_4har_bob1_v12.png,character-base/layers/4har-hair/bob1-bob/char_a_pONE2_4har_bob1_v12.png
move,21.07b - Sword & Shield Combat 2.3a/char_a_pONE2/4har/char_a_pONE2_4har_bob1_v13.png,character-base/layers/4har-hair/bob1-bob/char_a_pONE2_4har_bob1_v13.png
move,21.07b - Sword & Shield Combat 2.3a/char_a_pONE2/4har/char_a_pONE2_4har_dap1_v00.png,character-base/layers/4har-hair/dap1-dapper/char_a_pONE2_4har_dap1_v00.png
move,21.07b - Sword & Shield Combat 2.3a/char_a_pONE2/4har/char_a_pONE2_4har_dap1_v01.png,character-base/layers/4har-hair/dap1-dapper/char_a_pONE2_4har_dap1_v01.png
move,21.07b - Sword & Shield Combat 2.3a/char_a_pONE2/4har/char_a_pONE2_4har_dap1_v02.png,character-base/layers/4har-hair/dap1-dapper/char_a_pONE2_4har_dap1_v02.png
move,21.07b - Sword & Shield Combat 2.3a/char_a_pONE2/4har/char_a_pONE2_4har_dap1_v03.png,character-base/layers/4har-hair/dap1-dapper/char_a_pONE2_4har_dap1_v03.png
move,21.07b - Sword & Shield Combat 2.3a/char_a_pONE2/4har/char_a_pONE2_4har_dap1_v04.png,character-base/layers/4har-hair/dap1-dapper/char_a_pONE2_4har_dap1_v04.png
move,21.07b - Sword & Shield Combat 2.3a/char_a_pONE2/4har/char_a_pONE2_4har_dap1_v05.png,character-base/layers/4har-hair/dap1-dapper/char_a_pONE2_4har_dap1_v05.png
move,21.07b - Sword & Shield Combat 2.3a/char_a_pONE2/4har/char_a_pONE2_4har_dap1_v06.png,character-base/layers/4har-hair/dap1-dapper/char_a_pONE2_4har_dap1_v06.png
move,21.07b - Sword & Shield Combat 2.3a/char_a_pONE2/4har/char_a_pONE2_4har_dap1_v07.png,character-base/layers/4har-hair/dap1-dapper/char_a_pONE2_4har_dap1_v07.png
move,21.07b - Sword & Shield Combat 2.3a/char_a_pONE2/4har/char_a_pONE2_4har_dap1_v08.png,character-base/layers/4har-hair/dap1-dapper/char_a_pONE2_4har_dap1_v08.png
move,21.07b - Sword & Shield Combat 2.3a/char_a_pONE2/4har/char_a_pONE2_4har_dap1_v09.png,character-base/layers/4har-hair/dap1-dapper/char_a_pONE2_4har_dap1_v09.png
move,21.07b - Sword & Shield Combat 2.3a/char_a_pONE2/4har/char_a_pONE2_4har_dap1_v10.png,character-base/layers/4har-hair/dap1-dapper/char_a_pONE2_4har_dap1_v10.png
move,21.07b - Sword & Shield Combat 2.3a/char_a_pONE2/4har/char_a_pONE2_4har_dap1_v11.png,character-base/layers/4har-hair/dap1-dapper/char_a_pONE2_4har_dap1_v11.png
move,21.07b - Sword & Shield Combat 2.3a/char_a_pONE2/4har/char_a_pONE2_4har_dap1_v12.png,character-base/layers/4har-hair/dap1-dapper/char_a_pONE2_4har_dap1_v12.png
move,21.07b - Sword & Shield Combat 2.3a/char_a_pONE2/4har/char_a_pONE2_4har_dap1_v13.png,character-base/layers/4har-hair/dap1-dapper/char_a_pONE2_4har_dap1_v13.png
move,21.07b - Sword & Shield Combat 2.3a/char_a_pONE2/1out/char_a_pONE2_1out_boxr_v01.png,character-base/layers/1out-outfit/boxr-boxers/char_a_pONE2_1out_boxr_v01.png
move,21.07b - Sword & Shield Combat 2.3a/char_a_pONE2/1out/char_a_pONE2_1out_undi_v01.png,character-base/layers/1out-outfit/undi-undies/char_a_pONE2_1out_undi_v01.png
move,21.07b - Sword & Shield Combat 2.3a/char_a_pONE2/6tla/char_a_pONE2_6tla_ax01_v01.png,character-base/layers/6tla-tool-main/ax01-axe/char_a_pONE2_6tla_ax01_v01.png
move,21.07b - Sword & Shield Combat 2.3a/char_a_pONE2/6tla/char_a_pONE2_6tla_ax01_v02.png,character-base/layers/6tla-tool-main/ax01-axe/char_a_pONE2_6tla_ax01_v02.png
move,21.07b - Sword & Shield Combat 2.3a/char_a_pONE2/6tla/char_a_pONE2_6tla_ax01_v03.png,character-base/layers/6tla-tool-main/ax01-axe/char_a_pONE2_6tla_ax01_v03.png
move,21.07b - Sword & Shield Combat 2.3a/char_a_pONE2/6tla/char_a_pONE2_6tla_ax01_v04.png,character-base/layers/6tla-tool-main/ax01-axe/char_a_pONE2_6tla_ax01_v04.png
move,21.07b - Sword & Shield Combat 2.3a/char_a_pONE2/6tla/char_a_pONE2_6tla_ax01_v05.png,character-base/layers/6tla-tool-main/ax01-axe/char_a_pONE2_6tla_ax01_v05.png
move,21.07b - Sword & Shield Combat 2.3a/char_a_pONE2/6tla/char_a_pONE2_6tla_mc01_v01.png,character-base/layers/6tla-tool-main/mc01-mace/char_a_pONE2_6tla_mc01_v01.png
move,21.07b - Sword & Shield Combat 2.3a/char_a_pONE2/6tla/char_a_pONE2_6tla_mc01_v02.png,character-base/layers/6tla-tool-main/mc01-mace/char_a_pONE2_6tla_mc01_v02.png
move,21.07b - Sword & Shield Combat 2.3a/char_a_pONE2/6tla/char_a_pONE2_6tla_mc01_v03.png,character-base/layers/6tla-tool-main/mc01-mace/char_a_pONE2_6tla_mc01_v03.png
move,21.07b - Sword & Shield Combat 2.3a/char_a_pONE2/6tla/char_a_pONE2_6tla_mc01_v04.png,character-base/layers/6tla-tool-main/mc01-mace/char_a_pONE2_6tla_mc01_v04.png
move,21.07b - Sword & Shield Combat 2.3a/char_a_pONE2/6tla/char_a_pONE2_6tla_mc01_v05.png,character-base/layers/6tla-tool-main/mc01-mace/char_a_pONE2_6tla_mc01_v05.png
move,21.07b - Sword & Shield Combat 2.3a/char_a_pONE2/6tla/char_a_pONE2_6tla_sw01_v01.png,character-base/layers/6tla-tool-main/sw01-sword/char_a_pONE2_6tla_sw01_v01.png
move,21.07b - Sword & Shield Combat 2.3a/char_a_pONE2/6tla/char_a_pONE2_6tla_sw01_v02.png,character-base/layers/6tla-tool-main/sw01-sword/char_a_pONE2_6tla_sw01_v02.png
move,21.07b - Sword & Shield Combat 2.3a/char_a_pONE2/6tla/char_a_pONE2_6tla_sw01_v03.png,character-base/layers/6tla-tool-main/sw01-sword/char_a_pONE2_6tla_sw01_v03.png
move,21.07b - Sword & Shield Combat 2.3a/char_a_pONE2/6tla/char_a_pONE2_6tla_sw01_v04.png,character-base/layers/6tla-tool-main/sw01-sword/char_a_pONE2_6tla_sw01_v04.png
move,21.07b - Sword & Shield Combat 2.3a/char_a_pONE2/6tla/char_a_pONE2_6tla_sw01_v05.png,character-base/layers/6tla-tool-main/sw01-sword/char_a_pONE2_6tla_sw01_v05.png
move,21.07b - Sword & Shield Combat 2.3a/char_a_pONE2/7tlb/char_a_pONE2_7tlb_sh01_v01.png,character-base/layers/7tlb-tool-offhand/sh01-shield-round-wood/char_a_pONE2_7tlb_sh01_v01.png
move,21.07b - Sword & Shield Combat 2.3a/char_a_pONE2/7tlb/char_a_pONE2_7tlb_sh01_v02.png,character-base/layers/7tlb-tool-offhand/sh01-shield-round-wood/char_a_pONE2_7tlb_sh01_v02.png
move,21.07b - Sword & Shield Combat 2.3a/char_a_pONE2/7tlb/char_a_pONE2_7tlb_sh01_v03.png,character-base/layers/7tlb-tool-offhand/sh01-shield-round-wood/char_a_pONE2_7tlb_sh01_v03.png
move,21.07b - Sword & Shield Combat 2.3a/char_a_pONE2/7tlb/char_a_pONE2_7tlb_sh01_v04.png,character-base/layers/7tlb-tool-offhand/sh01-shield-round-wood/char_a_pONE2_7tlb_sh01_v04.png
move,21.07b - Sword & Shield Combat 2.3a/char_a_pONE2/7tlb/char_a_pONE2_7tlb_sh01_v05.png,character-base/layers/7tlb-tool-offhand/sh01-shield-round-wood/char_a_pONE2_7tlb_sh01_v05.png
move,21.07b - Sword & Shield Combat 2.3a/char_a_pONE2/7tlb/char_a_pONE2_7tlb_sh02_v01.png,character-base/layers/7tlb-tool-offhand/sh02-shield-round-metal/char_a_pONE2_7tlb_sh02_v01.png
move,21.07b - Sword & Shield Combat 2.3a/char_a_pONE2/7tlb/char_a_pONE2_7tlb_sh02_v02.png,character-base/layers/7tlb-tool-offhand/sh02-shield-round-metal/char_a_pONE2_7tlb_sh02_v02.png
move,21.07b - Sword & Shield Combat 2.3a/char_a_pONE2/7tlb/char_a_pONE2_7tlb_sh02_v03.png,character-base/layers/7tlb-tool-offhand/sh02-shield-round-metal/char_a_pONE2_7tlb_sh02_v03.png
move,21.07b - Sword & Shield Combat 2.3a/char_a_pONE2/7tlb/char_a_pONE2_7tlb_sh02_v04.png,character-base/layers/7tlb-tool-offhand/sh02-shield-round-metal/char_a_pONE2_7tlb_sh02_v04.png
move,21.07b - Sword & Shield Combat 2.3a/char_a_pONE2/7tlb/char_a_pONE2_7tlb_sh02_v05.png,character-base/layers/7tlb-tool-offhand/sh02-shield-round-metal/char_a_pONE2_7tlb_sh02_v05.png
move,21.07b - Sword & Shield Combat 2.3a/char_a_pONE2/7tlb/char_a_pONE2_7tlb_sh03_v01.png,character-base/layers/7tlb-tool-offhand/sh03-shield-kite/char_a_pONE2_7tlb_sh03_v01.png
move,21.07b - Sword & Shield Combat 2.3a/char_a_pONE2/7tlb/char_a_pONE2_7tlb_sh03_v02.png,character-base/layers/7tlb-tool-offhand/sh03-shield-kite/char_a_pONE2_7tlb_sh03_v02.png
move,21.07b - Sword & Shield Combat 2.3a/char_a_pONE2/7tlb/char_a_pONE2_7tlb_sh03_v03.png,character-base/layers/7tlb-tool-offhand/sh03-shield-kite/char_a_pONE2_7tlb_sh03_v03.png
move,21.07b - Sword & Shield Combat 2.3a/char_a_pONE2/7tlb/char_a_pONE2_7tlb_sh03_v04.png,character-base/layers/7tlb-tool-offhand/sh03-shield-kite/char_a_pONE2_7tlb_sh03_v04.png
move,21.07b - Sword & Shield Combat 2.3a/char_a_pONE2/7tlb/char_a_pONE2_7tlb_sh03_v05.png,character-base/layers/7tlb-tool-offhand/sh03-shield-kite/char_a_pONE2_7tlb_sh03_v05.png
move,21.07b - Sword & Shield Combat 2.3a/char_a_pONE1/char_a_pONE1_0bas_humn_v00.png,character-base/layers/0bas-body/humn-human/char_a_pONE1_0bas_humn_v00.png
move,21.07b - Sword & Shield Combat 2.3a/char_a_pONE1/char_a_pONE1_0bas_humn_v01.png,character-base/layers/0bas-body/humn-human/char_a_pONE1_0bas_humn_v01.png
move,21.07b - Sword & Shield Combat 2.3a/char_a_pONE1/char_a_pONE1_0bas_humn_v02.png,character-base/layers/0bas-body/humn-human/char_a_pONE1_0bas_humn_v02.png
move,21.07b - Sword & Shield Combat 2.3a/char_a_pONE1/char_a_pONE1_0bas_humn_v03.png,character-base/layers/0bas-body/humn-human/char_a_pONE1_0bas_humn_v03.png
move,21.07b - Sword & Shield Combat 2.3a/char_a_pONE1/char_a_pONE1_0bas_humn_v04.png,character-base/layers/0bas-body/humn-human/char_a_pONE1_0bas_humn_v04.png
move,21.07b - Sword & Shield Combat 2.3a/char_a_pONE1/char_a_pONE1_0bas_humn_v05.png,character-base/layers/0bas-body/humn-human/char_a_pONE1_0bas_humn_v05.png
move,21.07b - Sword & Shield Combat 2.3a/char_a_pONE1/char_a_pONE1_0bas_humn_v06.png,character-base/layers/0bas-body/humn-human/char_a_pONE1_0bas_humn_v06.png
move,21.07b - Sword & Shield Combat 2.3a/char_a_pONE1/char_a_pONE1_0bas_humn_v07.png,character-base/layers/0bas-body/humn-human/char_a_pONE1_0bas_humn_v07.png
move,21.07b - Sword & Shield Combat 2.3a/char_a_pONE1/char_a_pONE1_0bas_humn_v08.png,character-base/layers/0bas-body/humn-human/char_a_pONE1_0bas_humn_v08.png
move,21.07b - Sword & Shield Combat 2.3a/char_a_pONE1/char_a_pONE1_0bas_humn_v09.png,character-base/layers/0bas-body/humn-human/char_a_pONE1_0bas_humn_v09.png
move,21.07b - Sword & Shield Combat 2.3a/char_a_pONE1/char_a_pONE1_0bas_humn_v10.png,character-base/layers/0bas-body/humn-human/char_a_pONE1_0bas_humn_v10.png
move,21.07b - Sword & Shield Combat 2.3a/char_a_pONE1/4har/char_a_pONE1_4har_bob1_v00.png,character-base/layers/4har-hair/bob1-bob/char_a_pONE1_4har_bob1_v00.png
move,21.07b - Sword & Shield Combat 2.3a/char_a_pONE1/4har/char_a_pONE1_4har_bob1_v01.png,character-base/layers/4har-hair/bob1-bob/char_a_pONE1_4har_bob1_v01.png
move,21.07b - Sword & Shield Combat 2.3a/char_a_pONE1/4har/char_a_pONE1_4har_bob1_v02.png,character-base/layers/4har-hair/bob1-bob/char_a_pONE1_4har_bob1_v02.png
move,21.07b - Sword & Shield Combat 2.3a/char_a_pONE1/4har/char_a_pONE1_4har_bob1_v03.png,character-base/layers/4har-hair/bob1-bob/char_a_pONE1_4har_bob1_v03.png
move,21.07b - Sword & Shield Combat 2.3a/char_a_pONE1/4har/char_a_pONE1_4har_bob1_v04.png,character-base/layers/4har-hair/bob1-bob/char_a_pONE1_4har_bob1_v04.png
move,21.07b - Sword & Shield Combat 2.3a/char_a_pONE1/4har/char_a_pONE1_4har_bob1_v05.png,character-base/layers/4har-hair/bob1-bob/char_a_pONE1_4har_bob1_v05.png
move,21.07b - Sword & Shield Combat 2.3a/char_a_pONE1/4har/char_a_pONE1_4har_bob1_v06.png,character-base/layers/4har-hair/bob1-bob/char_a_pONE1_4har_bob1_v06.png
move,21.07b - Sword & Shield Combat 2.3a/char_a_pONE1/4har/char_a_pONE1_4har_bob1_v07.png,character-base/layers/4har-hair/bob1-bob/char_a_pONE1_4har_bob1_v07.png
move,21.07b - Sword & Shield Combat 2.3a/char_a_pONE1/4har/char_a_pONE1_4har_bob1_v08.png,character-base/layers/4har-hair/bob1-bob/char_a_pONE1_4har_bob1_v08.png
move,21.07b - Sword & Shield Combat 2.3a/char_a_pONE1/4har/char_a_pONE1_4har_bob1_v09.png,character-base/layers/4har-hair/bob1-bob/char_a_pONE1_4har_bob1_v09.png
move,21.07b - Sword & Shield Combat 2.3a/char_a_pONE1/4har/char_a_pONE1_4har_bob1_v10.png,character-base/layers/4har-hair/bob1-bob/char_a_pONE1_4har_bob1_v10.png
move,21.07b - Sword & Shield Combat 2.3a/char_a_pONE1/4har/char_a_pONE1_4har_bob1_v11.png,character-base/layers/4har-hair/bob1-bob/char_a_pONE1_4har_bob1_v11.png
move,21.07b - Sword & Shield Combat 2.3a/char_a_pONE1/4har/char_a_pONE1_4har_bob1_v12.png,character-base/layers/4har-hair/bob1-bob/char_a_pONE1_4har_bob1_v12.png
move,21.07b - Sword & Shield Combat 2.3a/char_a_pONE1/4har/char_a_pONE1_4har_bob1_v13.png,character-base/layers/4har-hair/bob1-bob/char_a_pONE1_4har_bob1_v13.png
move,21.07b - Sword & Shield Combat 2.3a/char_a_pONE1/4har/char_a_pONE1_4har_dap1_v00.png,character-base/layers/4har-hair/dap1-dapper/char_a_pONE1_4har_dap1_v00.png
move,21.07b - Sword & Shield Combat 2.3a/char_a_pONE1/4har/char_a_pONE1_4har_dap1_v01.png,character-base/layers/4har-hair/dap1-dapper/char_a_pONE1_4har_dap1_v01.png
move,21.07b - Sword & Shield Combat 2.3a/char_a_pONE1/4har/char_a_pONE1_4har_dap1_v02.png,character-base/layers/4har-hair/dap1-dapper/char_a_pONE1_4har_dap1_v02.png
move,21.07b - Sword & Shield Combat 2.3a/char_a_pONE1/4har/char_a_pONE1_4har_dap1_v03.png,character-base/layers/4har-hair/dap1-dapper/char_a_pONE1_4har_dap1_v03.png
move,21.07b - Sword & Shield Combat 2.3a/char_a_pONE1/4har/char_a_pONE1_4har_dap1_v04.png,character-base/layers/4har-hair/dap1-dapper/char_a_pONE1_4har_dap1_v04.png
move,21.07b - Sword & Shield Combat 2.3a/char_a_pONE1/4har/char_a_pONE1_4har_dap1_v05.png,character-base/layers/4har-hair/dap1-dapper/char_a_pONE1_4har_dap1_v05.png
move,21.07b - Sword & Shield Combat 2.3a/char_a_pONE1/4har/char_a_pONE1_4har_dap1_v06.png,character-base/layers/4har-hair/dap1-dapper/char_a_pONE1_4har_dap1_v06.png
move,21.07b - Sword & Shield Combat 2.3a/char_a_pONE1/4har/char_a_pONE1_4har_dap1_v07.png,character-base/layers/4har-hair/dap1-dapper/char_a_pONE1_4har_dap1_v07.png
move,21.07b - Sword & Shield Combat 2.3a/char_a_pONE1/4har/char_a_pONE1_4har_dap1_v08.png,character-base/layers/4har-hair/dap1-dapper/char_a_pONE1_4har_dap1_v08.png
move,21.07b - Sword & Shield Combat 2.3a/char_a_pONE1/4har/char_a_pONE1_4har_dap1_v09.png,character-base/layers/4har-hair/dap1-dapper/char_a_pONE1_4har_dap1_v09.png
move,21.07b - Sword & Shield Combat 2.3a/char_a_pONE1/4har/char_a_pONE1_4har_dap1_v10.png,character-base/layers/4har-hair/dap1-dapper/char_a_pONE1_4har_dap1_v10.png
move,21.07b - Sword & Shield Combat 2.3a/char_a_pONE1/4har/char_a_pONE1_4har_dap1_v11.png,character-base/layers/4har-hair/dap1-dapper/char_a_pONE1_4har_dap1_v11.png
move,21.07b - Sword & Shield Combat 2.3a/char_a_pONE1/4har/char_a_pONE1_4har_dap1_v12.png,character-base/layers/4har-hair/dap1-dapper/char_a_pONE1_4har_dap1_v12.png
move,21.07b - Sword & Shield Combat 2.3a/char_a_pONE1/4har/char_a_pONE1_4har_dap1_v13.png,character-base/layers/4har-hair/dap1-dapper/char_a_pONE1_4har_dap1_v13.png
move,21.07b - Sword & Shield Combat 2.3a/char_a_pONE1/1out/char_a_pONE1_1out_boxr_v01.png,character-base/layers/1out-outfit/boxr-boxers/char_a_pONE1_1out_boxr_v01.png
move,21.07b - Sword & Shield Combat 2.3a/char_a_pONE1/1out/char_a_pONE1_1out_undi_v01.png,character-base/layers/1out-outfit/undi-undies/char_a_pONE1_1out_undi_v01.png
move,21.07b - Sword & Shield Combat 2.3a/char_a_pONE1/6tla/char_a_pONE1_6tla_ax01_v01.png,character-base/layers/6tla-tool-main/ax01-axe/char_a_pONE1_6tla_ax01_v01.png
move,21.07b - Sword & Shield Combat 2.3a/char_a_pONE1/6tla/char_a_pONE1_6tla_ax01_v02.png,character-base/layers/6tla-tool-main/ax01-axe/char_a_pONE1_6tla_ax01_v02.png
move,21.07b - Sword & Shield Combat 2.3a/char_a_pONE1/6tla/char_a_pONE1_6tla_ax01_v03.png,character-base/layers/6tla-tool-main/ax01-axe/char_a_pONE1_6tla_ax01_v03.png
move,21.07b - Sword & Shield Combat 2.3a/char_a_pONE1/6tla/char_a_pONE1_6tla_ax01_v04.png,character-base/layers/6tla-tool-main/ax01-axe/char_a_pONE1_6tla_ax01_v04.png
move,21.07b - Sword & Shield Combat 2.3a/char_a_pONE1/6tla/char_a_pONE1_6tla_ax01_v05.png,character-base/layers/6tla-tool-main/ax01-axe/char_a_pONE1_6tla_ax01_v05.png
move,21.07b - Sword & Shield Combat 2.3a/char_a_pONE1/6tla/char_a_pONE1_6tla_mc01_v01.png,character-base/layers/6tla-tool-main/mc01-mace/char_a_pONE1_6tla_mc01_v01.png
move,21.07b - Sword & Shield Combat 2.3a/char_a_pONE1/6tla/char_a_pONE1_6tla_mc01_v02.png,character-base/layers/6tla-tool-main/mc01-mace/char_a_pONE1_6tla_mc01_v02.png
move,21.07b - Sword & Shield Combat 2.3a/char_a_pONE1/6tla/char_a_pONE1_6tla_mc01_v03.png,character-base/layers/6tla-tool-main/mc01-mace/char_a_pONE1_6tla_mc01_v03.png
move,21.07b - Sword & Shield Combat 2.3a/char_a_pONE1/6tla/char_a_pONE1_6tla_mc01_v04.png,character-base/layers/6tla-tool-main/mc01-mace/char_a_pONE1_6tla_mc01_v04.png
move,21.07b - Sword & Shield Combat 2.3a/char_a_pONE1/6tla/char_a_pONE1_6tla_mc01_v05.png,character-base/layers/6tla-tool-main/mc01-mace/char_a_pONE1_6tla_mc01_v05.png
move,21.07b - Sword & Shield Combat 2.3a/char_a_pONE1/6tla/char_a_pONE1_6tla_sw01_v01.png,character-base/layers/6tla-tool-main/sw01-sword/char_a_pONE1_6tla_sw01_v01.png
move,21.07b - Sword & Shield Combat 2.3a/char_a_pONE1/6tla/char_a_pONE1_6tla_sw01_v02.png,character-base/layers/6tla-tool-main/sw01-sword/char_a_pONE1_6tla_sw01_v02.png
move,21.07b - Sword & Shield Combat 2.3a/char_a_pONE1/6tla/char_a_pONE1_6tla_sw01_v03.png,character-base/layers/6tla-tool-main/sw01-sword/char_a_pONE1_6tla_sw01_v03.png
move,21.07b - Sword & Shield Combat 2.3a/char_a_pONE1/6tla/char_a_pONE1_6tla_sw01_v04.png,character-base/layers/6tla-tool-main/sw01-sword/char_a_pONE1_6tla_sw01_v04.png
move,21.07b - Sword & Shield Combat 2.3a/char_a_pONE1/6tla/char_a_pONE1_6tla_sw01_v05.png,character-base/layers/6tla-tool-main/sw01-sword/char_a_pONE1_6tla_sw01_v05.png
move,21.07b - Sword & Shield Combat 2.3a/char_a_pONE1/7tlb/char_a_pONE1_7tlb_sh01_v01.png,character-base/layers/7tlb-tool-offhand/sh01-shield-round-wood/char_a_pONE1_7tlb_sh01_v01.png
move,21.07b - Sword & Shield Combat 2.3a/char_a_pONE1/7tlb/char_a_pONE1_7tlb_sh01_v02.png,character-base/layers/7tlb-tool-offhand/sh01-shield-round-wood/char_a_pONE1_7tlb_sh01_v02.png
move,21.07b - Sword & Shield Combat 2.3a/char_a_pONE1/7tlb/char_a_pONE1_7tlb_sh01_v03.png,character-base/layers/7tlb-tool-offhand/sh01-shield-round-wood/char_a_pONE1_7tlb_sh01_v03.png
move,21.07b - Sword & Shield Combat 2.3a/char_a_pONE1/7tlb/char_a_pONE1_7tlb_sh01_v04.png,character-base/layers/7tlb-tool-offhand/sh01-shield-round-wood/char_a_pONE1_7tlb_sh01_v04.png
move,21.07b - Sword & Shield Combat 2.3a/char_a_pONE1/7tlb/char_a_pONE1_7tlb_sh01_v05.png,character-base/layers/7tlb-tool-offhand/sh01-shield-round-wood/char_a_pONE1_7tlb_sh01_v05.png
move,21.07b - Sword & Shield Combat 2.3a/char_a_pONE1/7tlb/char_a_pONE1_7tlb_sh02_v01.png,character-base/layers/7tlb-tool-offhand/sh02-shield-round-metal/char_a_pONE1_7tlb_sh02_v01.png
move,21.07b - Sword & Shield Combat 2.3a/char_a_pONE1/7tlb/char_a_pONE1_7tlb_sh02_v02.png,character-base/layers/7tlb-tool-offhand/sh02-shield-round-metal/char_a_pONE1_7tlb_sh02_v02.png
move,21.07b - Sword & Shield Combat 2.3a/char_a_pONE1/7tlb/char_a_pONE1_7tlb_sh02_v03.png,character-base/layers/7tlb-tool-offhand/sh02-shield-round-metal/char_a_pONE1_7tlb_sh02_v03.png
move,21.07b - Sword & Shield Combat 2.3a/char_a_pONE1/7tlb/char_a_pONE1_7tlb_sh02_v04.png,character-base/layers/7tlb-tool-offhand/sh02-shield-round-metal/char_a_pONE1_7tlb_sh02_v04.png
move,21.07b - Sword & Shield Combat 2.3a/char_a_pONE1/7tlb/char_a_pONE1_7tlb_sh02_v05.png,character-base/layers/7tlb-tool-offhand/sh02-shield-round-metal/char_a_pONE1_7tlb_sh02_v05.png
move,21.07b - Sword & Shield Combat 2.3a/char_a_pONE1/7tlb/char_a_pONE1_7tlb_sh03_v01.png,character-base/layers/7tlb-tool-offhand/sh03-shield-kite/char_a_pONE1_7tlb_sh03_v01.png
move,21.07b - Sword & Shield Combat 2.3a/char_a_pONE1/7tlb/char_a_pONE1_7tlb_sh03_v02.png,character-base/layers/7tlb-tool-offhand/sh03-shield-kite/char_a_pONE1_7tlb_sh03_v02.png
move,21.07b - Sword & Shield Combat 2.3a/char_a_pONE1/7tlb/char_a_pONE1_7tlb_sh03_v03.png,character-base/layers/7tlb-tool-offhand/sh03-shield-kite/char_a_pONE1_7tlb_sh03_v03.png
move,21.07b - Sword & Shield Combat 2.3a/char_a_pONE1/7tlb/char_a_pONE1_7tlb_sh03_v04.png,character-base/layers/7tlb-tool-offhand/sh03-shield-kite/char_a_pONE1_7tlb_sh03_v04.png
move,21.07b - Sword & Shield Combat 2.3a/char_a_pONE1/7tlb/char_a_pONE1_7tlb_sh03_v05.png,character-base/layers/7tlb-tool-offhand/sh03-shield-kite/char_a_pONE1_7tlb_sh03_v05.png
move,20.01a - Character Base 2.5c/base effects.png,character-base/effects-and-props/base effects.png
move,20.01a - Character Base 2.5c/color ramps and v00.png,character-base/guides/color ramps and v00.png
move,20.01a - Character Base 2.5c/hoe_and_axe.png,character-base/effects-and-props/hoe_and_axe.png
move,20.01a - Character Base 2.5c/readme.txt,docs/Mana Seed readme (support links).txt
move,20.01a - Character Base 2.5c/optional files (unsupported)/color ramp samples (old).png,character-base/guides/color ramp samples (old).png
move,"20.01a - Character Base 2.5c/optional files (unsupported)/layer order, page 1 B & C.png","character-base/guides/layer order, page 1 B & C.png"
move,20.01a - Character Base 2.5c/optional files (unsupported)/using the outfit canvas.txt,character-base/outfit-canvases/using the outfit canvas (character base).txt
move,20.01a - Character Base 2.5c/optional files (unsupported)/char_a_p1C/char_a_p1C_0bas_demn_v01.png,character-base/layers/0bas-body/demn-demon/char_a_p1C_0bas_demn_v01.png
move,20.01a - Character Base 2.5c/optional files (unsupported)/char_a_p1C/char_a_p1C_0bas_demn_v02.png,character-base/layers/0bas-body/demn-demon/char_a_p1C_0bas_demn_v02.png
move,20.01a - Character Base 2.5c/optional files (unsupported)/char_a_p1C/char_a_p1C_0bas_gbln_v01.png,character-base/layers/0bas-body/gbln-goblin/char_a_p1C_0bas_gbln_v01.png
move,20.01a - Character Base 2.5c/optional files (unsupported)/char_a_p1C/char_a_p1C_0bas_humn_v01.png,character-base/layers/0bas-body/humn-human/char_a_p1C_0bas_humn_v01.png
move,20.01a - Character Base 2.5c/optional files (unsupported)/char_a_p1C/char_a_p1C_0bas_humn_v02.png,character-base/layers/0bas-body/humn-human/char_a_p1C_0bas_humn_v02.png
move,20.01a - Character Base 2.5c/optional files (unsupported)/char_a_p1C/char_a_p1C_0bas_humn_v03.png,character-base/layers/0bas-body/humn-human/char_a_p1C_0bas_humn_v03.png
move,20.01a - Character Base 2.5c/optional files (unsupported)/char_a_p1C/char_a_p1C_0bas_humn_v04.png,character-base/layers/0bas-body/humn-human/char_a_p1C_0bas_humn_v04.png
move,20.01a - Character Base 2.5c/optional files (unsupported)/char_a_p1C/char_a_p1C_0bas_humn_v05.png,character-base/layers/0bas-body/humn-human/char_a_p1C_0bas_humn_v05.png
move,20.01a - Character Base 2.5c/optional files (unsupported)/char_a_p1C/char_a_p1C_0bas_humn_v06.png,character-base/layers/0bas-body/humn-human/char_a_p1C_0bas_humn_v06.png
move,20.01a - Character Base 2.5c/optional files (unsupported)/char_a_p1C/char_a_p1C_0bas_humn_v07.png,character-base/layers/0bas-body/humn-human/char_a_p1C_0bas_humn_v07.png
move,20.01a - Character Base 2.5c/optional files (unsupported)/char_a_p1C/char_a_p1C_0bas_humn_v08.png,character-base/layers/0bas-body/humn-human/char_a_p1C_0bas_humn_v08.png
move,20.01a - Character Base 2.5c/optional files (unsupported)/char_a_p1C/char_a_p1C_0bas_humn_v09.png,character-base/layers/0bas-body/humn-human/char_a_p1C_0bas_humn_v09.png
move,20.01a - Character Base 2.5c/optional files (unsupported)/char_a_p1C/char_a_p1C_0bas_humn_v10.png,character-base/layers/0bas-body/humn-human/char_a_p1C_0bas_humn_v10.png
move,20.01a - Character Base 2.5c/optional files (unsupported)/char_a_p1C/4har/char_a_p1C_4har_bob1_v01.png,character-base/layers/4har-hair/bob1-bob/char_a_p1C_4har_bob1_v01.png
move,20.01a - Character Base 2.5c/optional files (unsupported)/char_a_p1C/4har/char_a_p1C_4har_bob1_v02.png,character-base/layers/4har-hair/bob1-bob/char_a_p1C_4har_bob1_v02.png
move,20.01a - Character Base 2.5c/optional files (unsupported)/char_a_p1C/4har/char_a_p1C_4har_bob1_v03.png,character-base/layers/4har-hair/bob1-bob/char_a_p1C_4har_bob1_v03.png
move,20.01a - Character Base 2.5c/optional files (unsupported)/char_a_p1C/4har/char_a_p1C_4har_bob1_v04.png,character-base/layers/4har-hair/bob1-bob/char_a_p1C_4har_bob1_v04.png
move,20.01a - Character Base 2.5c/optional files (unsupported)/char_a_p1C/4har/char_a_p1C_4har_bob1_v05.png,character-base/layers/4har-hair/bob1-bob/char_a_p1C_4har_bob1_v05.png
move,20.01a - Character Base 2.5c/optional files (unsupported)/char_a_p1C/4har/char_a_p1C_4har_bob1_v06.png,character-base/layers/4har-hair/bob1-bob/char_a_p1C_4har_bob1_v06.png
move,20.01a - Character Base 2.5c/optional files (unsupported)/char_a_p1C/4har/char_a_p1C_4har_bob1_v07.png,character-base/layers/4har-hair/bob1-bob/char_a_p1C_4har_bob1_v07.png
move,20.01a - Character Base 2.5c/optional files (unsupported)/char_a_p1C/4har/char_a_p1C_4har_bob1_v08.png,character-base/layers/4har-hair/bob1-bob/char_a_p1C_4har_bob1_v08.png
move,20.01a - Character Base 2.5c/optional files (unsupported)/char_a_p1C/4har/char_a_p1C_4har_bob1_v09.png,character-base/layers/4har-hair/bob1-bob/char_a_p1C_4har_bob1_v09.png
move,20.01a - Character Base 2.5c/optional files (unsupported)/char_a_p1C/4har/char_a_p1C_4har_bob1_v10.png,character-base/layers/4har-hair/bob1-bob/char_a_p1C_4har_bob1_v10.png
move,20.01a - Character Base 2.5c/optional files (unsupported)/char_a_p1C/4har/char_a_p1C_4har_bob1_v11.png,character-base/layers/4har-hair/bob1-bob/char_a_p1C_4har_bob1_v11.png
move,20.01a - Character Base 2.5c/optional files (unsupported)/char_a_p1C/4har/char_a_p1C_4har_bob1_v12.png,character-base/layers/4har-hair/bob1-bob/char_a_p1C_4har_bob1_v12.png
move,20.01a - Character Base 2.5c/optional files (unsupported)/char_a_p1C/4har/char_a_p1C_4har_bob1_v13.png,character-base/layers/4har-hair/bob1-bob/char_a_p1C_4har_bob1_v13.png
move,20.01a - Character Base 2.5c/optional files (unsupported)/char_a_p1C/4har/char_a_p1C_4har_dap1_v01.png,character-base/layers/4har-hair/dap1-dapper/char_a_p1C_4har_dap1_v01.png
move,20.01a - Character Base 2.5c/optional files (unsupported)/char_a_p1C/4har/char_a_p1C_4har_dap1_v02.png,character-base/layers/4har-hair/dap1-dapper/char_a_p1C_4har_dap1_v02.png
move,20.01a - Character Base 2.5c/optional files (unsupported)/char_a_p1C/4har/char_a_p1C_4har_dap1_v03.png,character-base/layers/4har-hair/dap1-dapper/char_a_p1C_4har_dap1_v03.png
move,20.01a - Character Base 2.5c/optional files (unsupported)/char_a_p1C/4har/char_a_p1C_4har_dap1_v04.png,character-base/layers/4har-hair/dap1-dapper/char_a_p1C_4har_dap1_v04.png
move,20.01a - Character Base 2.5c/optional files (unsupported)/char_a_p1C/4har/char_a_p1C_4har_dap1_v05.png,character-base/layers/4har-hair/dap1-dapper/char_a_p1C_4har_dap1_v05.png
move,20.01a - Character Base 2.5c/optional files (unsupported)/char_a_p1C/4har/char_a_p1C_4har_dap1_v06.png,character-base/layers/4har-hair/dap1-dapper/char_a_p1C_4har_dap1_v06.png
move,20.01a - Character Base 2.5c/optional files (unsupported)/char_a_p1C/4har/char_a_p1C_4har_dap1_v07.png,character-base/layers/4har-hair/dap1-dapper/char_a_p1C_4har_dap1_v07.png
move,20.01a - Character Base 2.5c/optional files (unsupported)/char_a_p1C/4har/char_a_p1C_4har_dap1_v08.png,character-base/layers/4har-hair/dap1-dapper/char_a_p1C_4har_dap1_v08.png
move,20.01a - Character Base 2.5c/optional files (unsupported)/char_a_p1C/4har/char_a_p1C_4har_dap1_v09.png,character-base/layers/4har-hair/dap1-dapper/char_a_p1C_4har_dap1_v09.png
move,20.01a - Character Base 2.5c/optional files (unsupported)/char_a_p1C/4har/char_a_p1C_4har_dap1_v10.png,character-base/layers/4har-hair/dap1-dapper/char_a_p1C_4har_dap1_v10.png
move,20.01a - Character Base 2.5c/optional files (unsupported)/char_a_p1C/4har/char_a_p1C_4har_dap1_v11.png,character-base/layers/4har-hair/dap1-dapper/char_a_p1C_4har_dap1_v11.png
move,20.01a - Character Base 2.5c/optional files (unsupported)/char_a_p1C/4har/char_a_p1C_4har_dap1_v12.png,character-base/layers/4har-hair/dap1-dapper/char_a_p1C_4har_dap1_v12.png
move,20.01a - Character Base 2.5c/optional files (unsupported)/char_a_p1C/4har/char_a_p1C_4har_dap1_v13.png,character-base/layers/4har-hair/dap1-dapper/char_a_p1C_4har_dap1_v13.png
move,20.01a - Character Base 2.5c/optional files (unsupported)/char_a_p1C/1out/char_a_p1C_1out_boxr_v01.png,character-base/layers/1out-outfit/boxr-boxers/char_a_p1C_1out_boxr_v01.png
move,20.01a - Character Base 2.5c/optional files (unsupported)/char_a_p1C/1out/char_a_p1C_1out_undi_v01.png,character-base/layers/1out-outfit/undi-undies/char_a_p1C_1out_undi_v01.png
move,20.01a - Character Base 2.5c/optional files (unsupported)/char_a_p1C/6tla/char_a_p1C_6tla_wood_v01.png,character-base/layers/6tla-tool-main/wood-woodcutting-axe/char_a_p1C_6tla_wood_v01.png
move,20.01a - Character Base 2.5c/optional files (unsupported)/char_a_p1B/char_a_p1B_0bas_demn_v01.png,character-base/layers/0bas-body/demn-demon/char_a_p1B_0bas_demn_v01.png
move,20.01a - Character Base 2.5c/optional files (unsupported)/char_a_p1B/char_a_p1B_0bas_demn_v02.png,character-base/layers/0bas-body/demn-demon/char_a_p1B_0bas_demn_v02.png
move,20.01a - Character Base 2.5c/optional files (unsupported)/char_a_p1B/char_a_p1B_0bas_gbln_v01.png,character-base/layers/0bas-body/gbln-goblin/char_a_p1B_0bas_gbln_v01.png
move,20.01a - Character Base 2.5c/optional files (unsupported)/char_a_p1B/char_a_p1B_0bas_humn_v01.png,character-base/layers/0bas-body/humn-human/char_a_p1B_0bas_humn_v01.png
move,20.01a - Character Base 2.5c/optional files (unsupported)/char_a_p1B/char_a_p1B_0bas_humn_v02.png,character-base/layers/0bas-body/humn-human/char_a_p1B_0bas_humn_v02.png
move,20.01a - Character Base 2.5c/optional files (unsupported)/char_a_p1B/char_a_p1B_0bas_humn_v03.png,character-base/layers/0bas-body/humn-human/char_a_p1B_0bas_humn_v03.png
move,20.01a - Character Base 2.5c/optional files (unsupported)/char_a_p1B/char_a_p1B_0bas_humn_v04.png,character-base/layers/0bas-body/humn-human/char_a_p1B_0bas_humn_v04.png
move,20.01a - Character Base 2.5c/optional files (unsupported)/char_a_p1B/char_a_p1B_0bas_humn_v05.png,character-base/layers/0bas-body/humn-human/char_a_p1B_0bas_humn_v05.png
move,20.01a - Character Base 2.5c/optional files (unsupported)/char_a_p1B/char_a_p1B_0bas_humn_v06.png,character-base/layers/0bas-body/humn-human/char_a_p1B_0bas_humn_v06.png
move,20.01a - Character Base 2.5c/optional files (unsupported)/char_a_p1B/char_a_p1B_0bas_humn_v07.png,character-base/layers/0bas-body/humn-human/char_a_p1B_0bas_humn_v07.png
move,20.01a - Character Base 2.5c/optional files (unsupported)/char_a_p1B/char_a_p1B_0bas_humn_v08.png,character-base/layers/0bas-body/humn-human/char_a_p1B_0bas_humn_v08.png
move,20.01a - Character Base 2.5c/optional files (unsupported)/char_a_p1B/char_a_p1B_0bas_humn_v09.png,character-base/layers/0bas-body/humn-human/char_a_p1B_0bas_humn_v09.png
move,20.01a - Character Base 2.5c/optional files (unsupported)/char_a_p1B/char_a_p1B_0bas_humn_v10.png,character-base/layers/0bas-body/humn-human/char_a_p1B_0bas_humn_v10.png
move,20.01a - Character Base 2.5c/optional files (unsupported)/char_a_p1B/4har/char_a_p1B_4har_bob1_v01.png,character-base/layers/4har-hair/bob1-bob/char_a_p1B_4har_bob1_v01.png
move,20.01a - Character Base 2.5c/optional files (unsupported)/char_a_p1B/4har/char_a_p1B_4har_bob1_v02.png,character-base/layers/4har-hair/bob1-bob/char_a_p1B_4har_bob1_v02.png
move,20.01a - Character Base 2.5c/optional files (unsupported)/char_a_p1B/4har/char_a_p1B_4har_bob1_v03.png,character-base/layers/4har-hair/bob1-bob/char_a_p1B_4har_bob1_v03.png
move,20.01a - Character Base 2.5c/optional files (unsupported)/char_a_p1B/4har/char_a_p1B_4har_bob1_v04.png,character-base/layers/4har-hair/bob1-bob/char_a_p1B_4har_bob1_v04.png
move,20.01a - Character Base 2.5c/optional files (unsupported)/char_a_p1B/4har/char_a_p1B_4har_bob1_v05.png,character-base/layers/4har-hair/bob1-bob/char_a_p1B_4har_bob1_v05.png
move,20.01a - Character Base 2.5c/optional files (unsupported)/char_a_p1B/4har/char_a_p1B_4har_bob1_v06.png,character-base/layers/4har-hair/bob1-bob/char_a_p1B_4har_bob1_v06.png
move,20.01a - Character Base 2.5c/optional files (unsupported)/char_a_p1B/4har/char_a_p1B_4har_bob1_v07.png,character-base/layers/4har-hair/bob1-bob/char_a_p1B_4har_bob1_v07.png
move,20.01a - Character Base 2.5c/optional files (unsupported)/char_a_p1B/4har/char_a_p1B_4har_bob1_v08.png,character-base/layers/4har-hair/bob1-bob/char_a_p1B_4har_bob1_v08.png
move,20.01a - Character Base 2.5c/optional files (unsupported)/char_a_p1B/4har/char_a_p1B_4har_bob1_v09.png,character-base/layers/4har-hair/bob1-bob/char_a_p1B_4har_bob1_v09.png
move,20.01a - Character Base 2.5c/optional files (unsupported)/char_a_p1B/4har/char_a_p1B_4har_bob1_v10.png,character-base/layers/4har-hair/bob1-bob/char_a_p1B_4har_bob1_v10.png
move,20.01a - Character Base 2.5c/optional files (unsupported)/char_a_p1B/4har/char_a_p1B_4har_bob1_v11.png,character-base/layers/4har-hair/bob1-bob/char_a_p1B_4har_bob1_v11.png
move,20.01a - Character Base 2.5c/optional files (unsupported)/char_a_p1B/4har/char_a_p1B_4har_bob1_v12.png,character-base/layers/4har-hair/bob1-bob/char_a_p1B_4har_bob1_v12.png
move,20.01a - Character Base 2.5c/optional files (unsupported)/char_a_p1B/4har/char_a_p1B_4har_bob1_v13.png,character-base/layers/4har-hair/bob1-bob/char_a_p1B_4har_bob1_v13.png
move,20.01a - Character Base 2.5c/optional files (unsupported)/char_a_p1B/4har/char_a_p1B_4har_dap1_v01.png,character-base/layers/4har-hair/dap1-dapper/char_a_p1B_4har_dap1_v01.png
move,20.01a - Character Base 2.5c/optional files (unsupported)/char_a_p1B/4har/char_a_p1B_4har_dap1_v02.png,character-base/layers/4har-hair/dap1-dapper/char_a_p1B_4har_dap1_v02.png
move,20.01a - Character Base 2.5c/optional files (unsupported)/char_a_p1B/4har/char_a_p1B_4har_dap1_v03.png,character-base/layers/4har-hair/dap1-dapper/char_a_p1B_4har_dap1_v03.png
move,20.01a - Character Base 2.5c/optional files (unsupported)/char_a_p1B/4har/char_a_p1B_4har_dap1_v04.png,character-base/layers/4har-hair/dap1-dapper/char_a_p1B_4har_dap1_v04.png
move,20.01a - Character Base 2.5c/optional files (unsupported)/char_a_p1B/4har/char_a_p1B_4har_dap1_v05.png,character-base/layers/4har-hair/dap1-dapper/char_a_p1B_4har_dap1_v05.png
move,20.01a - Character Base 2.5c/optional files (unsupported)/char_a_p1B/4har/char_a_p1B_4har_dap1_v06.png,character-base/layers/4har-hair/dap1-dapper/char_a_p1B_4har_dap1_v06.png
move,20.01a - Character Base 2.5c/optional files (unsupported)/char_a_p1B/4har/char_a_p1B_4har_dap1_v07.png,character-base/layers/4har-hair/dap1-dapper/char_a_p1B_4har_dap1_v07.png
move,20.01a - Character Base 2.5c/optional files (unsupported)/char_a_p1B/4har/char_a_p1B_4har_dap1_v08.png,character-base/layers/4har-hair/dap1-dapper/char_a_p1B_4har_dap1_v08.png
move,20.01a - Character Base 2.5c/optional files (unsupported)/char_a_p1B/4har/char_a_p1B_4har_dap1_v09.png,character-base/layers/4har-hair/dap1-dapper/char_a_p1B_4har_dap1_v09.png
move,20.01a - Character Base 2.5c/optional files (unsupported)/char_a_p1B/4har/char_a_p1B_4har_dap1_v10.png,character-base/layers/4har-hair/dap1-dapper/char_a_p1B_4har_dap1_v10.png
move,20.01a - Character Base 2.5c/optional files (unsupported)/char_a_p1B/4har/char_a_p1B_4har_dap1_v11.png,character-base/layers/4har-hair/dap1-dapper/char_a_p1B_4har_dap1_v11.png
move,20.01a - Character Base 2.5c/optional files (unsupported)/char_a_p1B/4har/char_a_p1B_4har_dap1_v12.png,character-base/layers/4har-hair/dap1-dapper/char_a_p1B_4har_dap1_v12.png
move,20.01a - Character Base 2.5c/optional files (unsupported)/char_a_p1B/4har/char_a_p1B_4har_dap1_v13.png,character-base/layers/4har-hair/dap1-dapper/char_a_p1B_4har_dap1_v13.png
move,20.01a - Character Base 2.5c/optional files (unsupported)/char_a_p1B/1out/char_a_p1B_1out_boxr_v01.png,character-base/layers/1out-outfit/boxr-boxers/char_a_p1B_1out_boxr_v01.png
move,20.01a - Character Base 2.5c/optional files (unsupported)/char_a_p1B/1out/char_a_p1B_1out_undi_v01.png,character-base/layers/1out-outfit/undi-undies/char_a_p1B_1out_undi_v01.png
move,20.01a - Character Base 2.5c/optional files (unsupported)/char_a_p1B/6tla/char_a_p1B_6tla_farm_v01.png,character-base/layers/6tla-tool-main/farm-farming-tools/char_a_p1B_6tla_farm_v01.png
move,20.01a - Character Base 2.5c/char_a_p3/char_a_p3_0bas_humn_v00.png,character-base/layers/0bas-body/humn-human/char_a_p3_0bas_humn_v00.png
move,20.01a - Character Base 2.5c/char_a_p3/char_a_p3_0bas_humn_v01.png,character-base/layers/0bas-body/humn-human/char_a_p3_0bas_humn_v01.png
move,20.01a - Character Base 2.5c/char_a_p3/char_a_p3_0bas_humn_v02.png,character-base/layers/0bas-body/humn-human/char_a_p3_0bas_humn_v02.png
move,20.01a - Character Base 2.5c/char_a_p3/char_a_p3_0bas_humn_v03.png,character-base/layers/0bas-body/humn-human/char_a_p3_0bas_humn_v03.png
move,20.01a - Character Base 2.5c/char_a_p3/char_a_p3_0bas_humn_v04.png,character-base/layers/0bas-body/humn-human/char_a_p3_0bas_humn_v04.png
move,20.01a - Character Base 2.5c/char_a_p3/char_a_p3_0bas_humn_v05.png,character-base/layers/0bas-body/humn-human/char_a_p3_0bas_humn_v05.png
move,20.01a - Character Base 2.5c/char_a_p3/char_a_p3_0bas_humn_v06.png,character-base/layers/0bas-body/humn-human/char_a_p3_0bas_humn_v06.png
move,20.01a - Character Base 2.5c/char_a_p3/char_a_p3_0bas_humn_v07.png,character-base/layers/0bas-body/humn-human/char_a_p3_0bas_humn_v07.png
move,20.01a - Character Base 2.5c/char_a_p3/char_a_p3_0bas_humn_v08.png,character-base/layers/0bas-body/humn-human/char_a_p3_0bas_humn_v08.png
move,20.01a - Character Base 2.5c/char_a_p3/char_a_p3_0bas_humn_v09.png,character-base/layers/0bas-body/humn-human/char_a_p3_0bas_humn_v09.png
move,20.01a - Character Base 2.5c/char_a_p3/char_a_p3_0bas_humn_v10.png,character-base/layers/0bas-body/humn-human/char_a_p3_0bas_humn_v10.png
move,20.01a - Character Base 2.5c/char_a_p3/4har/char_a_p3_4har_bob1_v00.png,character-base/layers/4har-hair/bob1-bob/char_a_p3_4har_bob1_v00.png
move,20.01a - Character Base 2.5c/char_a_p3/4har/char_a_p3_4har_bob1_v01.png,character-base/layers/4har-hair/bob1-bob/char_a_p3_4har_bob1_v01.png
move,20.01a - Character Base 2.5c/char_a_p3/4har/char_a_p3_4har_bob1_v02.png,character-base/layers/4har-hair/bob1-bob/char_a_p3_4har_bob1_v02.png
move,20.01a - Character Base 2.5c/char_a_p3/4har/char_a_p3_4har_bob1_v03.png,character-base/layers/4har-hair/bob1-bob/char_a_p3_4har_bob1_v03.png
move,20.01a - Character Base 2.5c/char_a_p3/4har/char_a_p3_4har_bob1_v04.png,character-base/layers/4har-hair/bob1-bob/char_a_p3_4har_bob1_v04.png
move,20.01a - Character Base 2.5c/char_a_p3/4har/char_a_p3_4har_bob1_v05.png,character-base/layers/4har-hair/bob1-bob/char_a_p3_4har_bob1_v05.png
move,20.01a - Character Base 2.5c/char_a_p3/4har/char_a_p3_4har_bob1_v06.png,character-base/layers/4har-hair/bob1-bob/char_a_p3_4har_bob1_v06.png
move,20.01a - Character Base 2.5c/char_a_p3/4har/char_a_p3_4har_bob1_v07.png,character-base/layers/4har-hair/bob1-bob/char_a_p3_4har_bob1_v07.png
move,20.01a - Character Base 2.5c/char_a_p3/4har/char_a_p3_4har_bob1_v08.png,character-base/layers/4har-hair/bob1-bob/char_a_p3_4har_bob1_v08.png
move,20.01a - Character Base 2.5c/char_a_p3/4har/char_a_p3_4har_bob1_v09.png,character-base/layers/4har-hair/bob1-bob/char_a_p3_4har_bob1_v09.png
move,20.01a - Character Base 2.5c/char_a_p3/4har/char_a_p3_4har_bob1_v10.png,character-base/layers/4har-hair/bob1-bob/char_a_p3_4har_bob1_v10.png
move,20.01a - Character Base 2.5c/char_a_p3/4har/char_a_p3_4har_bob1_v11.png,character-base/layers/4har-hair/bob1-bob/char_a_p3_4har_bob1_v11.png
move,20.01a - Character Base 2.5c/char_a_p3/4har/char_a_p3_4har_bob1_v12.png,character-base/layers/4har-hair/bob1-bob/char_a_p3_4har_bob1_v12.png
move,20.01a - Character Base 2.5c/char_a_p3/4har/char_a_p3_4har_bob1_v13.png,character-base/layers/4har-hair/bob1-bob/char_a_p3_4har_bob1_v13.png
move,20.01a - Character Base 2.5c/char_a_p3/4har/char_a_p3_4har_dap1_v00.png,character-base/layers/4har-hair/dap1-dapper/char_a_p3_4har_dap1_v00.png
move,20.01a - Character Base 2.5c/char_a_p3/4har/char_a_p3_4har_dap1_v01.png,character-base/layers/4har-hair/dap1-dapper/char_a_p3_4har_dap1_v01.png
move,20.01a - Character Base 2.5c/char_a_p3/4har/char_a_p3_4har_dap1_v02.png,character-base/layers/4har-hair/dap1-dapper/char_a_p3_4har_dap1_v02.png
move,20.01a - Character Base 2.5c/char_a_p3/4har/char_a_p3_4har_dap1_v03.png,character-base/layers/4har-hair/dap1-dapper/char_a_p3_4har_dap1_v03.png
move,20.01a - Character Base 2.5c/char_a_p3/4har/char_a_p3_4har_dap1_v04.png,character-base/layers/4har-hair/dap1-dapper/char_a_p3_4har_dap1_v04.png
move,20.01a - Character Base 2.5c/char_a_p3/4har/char_a_p3_4har_dap1_v05.png,character-base/layers/4har-hair/dap1-dapper/char_a_p3_4har_dap1_v05.png
move,20.01a - Character Base 2.5c/char_a_p3/4har/char_a_p3_4har_dap1_v06.png,character-base/layers/4har-hair/dap1-dapper/char_a_p3_4har_dap1_v06.png
move,20.01a - Character Base 2.5c/char_a_p3/4har/char_a_p3_4har_dap1_v07.png,character-base/layers/4har-hair/dap1-dapper/char_a_p3_4har_dap1_v07.png
move,20.01a - Character Base 2.5c/char_a_p3/4har/char_a_p3_4har_dap1_v08.png,character-base/layers/4har-hair/dap1-dapper/char_a_p3_4har_dap1_v08.png
move,20.01a - Character Base 2.5c/char_a_p3/4har/char_a_p3_4har_dap1_v09.png,character-base/layers/4har-hair/dap1-dapper/char_a_p3_4har_dap1_v09.png
move,20.01a - Character Base 2.5c/char_a_p3/4har/char_a_p3_4har_dap1_v10.png,character-base/layers/4har-hair/dap1-dapper/char_a_p3_4har_dap1_v10.png
move,20.01a - Character Base 2.5c/char_a_p3/4har/char_a_p3_4har_dap1_v11.png,character-base/layers/4har-hair/dap1-dapper/char_a_p3_4har_dap1_v11.png
move,20.01a - Character Base 2.5c/char_a_p3/4har/char_a_p3_4har_dap1_v12.png,character-base/layers/4har-hair/dap1-dapper/char_a_p3_4har_dap1_v12.png
move,20.01a - Character Base 2.5c/char_a_p3/4har/char_a_p3_4har_dap1_v13.png,character-base/layers/4har-hair/dap1-dapper/char_a_p3_4har_dap1_v13.png
move,20.01a - Character Base 2.5c/char_a_p3/1out/char_a_p3_1out_boxr_v01.png,character-base/layers/1out-outfit/boxr-boxers/char_a_p3_1out_boxr_v01.png
move,20.01a - Character Base 2.5c/char_a_p3/1out/char_a_p3_1out_undi_v01.png,character-base/layers/1out-outfit/undi-undies/char_a_p3_1out_undi_v01.png
move,20.01a - Character Base 2.5c/char_a_p3/6tla/char_a_p3_6tla_roda_v01.png,character-base/layers/6tla-tool-main/roda-fishing-rod/char_a_p3_6tla_roda_v01.png
move,20.01a - Character Base 2.5c/char_a_p4/char_a_p4_0bas_humn_v00.png,character-base/layers/0bas-body/humn-human/char_a_p4_0bas_humn_v00.png
move,20.01a - Character Base 2.5c/char_a_p4/char_a_p4_0bas_humn_v01.png,character-base/layers/0bas-body/humn-human/char_a_p4_0bas_humn_v01.png
move,20.01a - Character Base 2.5c/char_a_p4/char_a_p4_0bas_humn_v02.png,character-base/layers/0bas-body/humn-human/char_a_p4_0bas_humn_v02.png
move,20.01a - Character Base 2.5c/char_a_p4/char_a_p4_0bas_humn_v03.png,character-base/layers/0bas-body/humn-human/char_a_p4_0bas_humn_v03.png
move,20.01a - Character Base 2.5c/char_a_p4/char_a_p4_0bas_humn_v04.png,character-base/layers/0bas-body/humn-human/char_a_p4_0bas_humn_v04.png
move,20.01a - Character Base 2.5c/char_a_p4/char_a_p4_0bas_humn_v05.png,character-base/layers/0bas-body/humn-human/char_a_p4_0bas_humn_v05.png
move,20.01a - Character Base 2.5c/char_a_p4/char_a_p4_0bas_humn_v06.png,character-base/layers/0bas-body/humn-human/char_a_p4_0bas_humn_v06.png
move,20.01a - Character Base 2.5c/char_a_p4/char_a_p4_0bas_humn_v07.png,character-base/layers/0bas-body/humn-human/char_a_p4_0bas_humn_v07.png
move,20.01a - Character Base 2.5c/char_a_p4/char_a_p4_0bas_humn_v08.png,character-base/layers/0bas-body/humn-human/char_a_p4_0bas_humn_v08.png
move,20.01a - Character Base 2.5c/char_a_p4/char_a_p4_0bas_humn_v09.png,character-base/layers/0bas-body/humn-human/char_a_p4_0bas_humn_v09.png
move,20.01a - Character Base 2.5c/char_a_p4/char_a_p4_0bas_humn_v10.png,character-base/layers/0bas-body/humn-human/char_a_p4_0bas_humn_v10.png
move,20.01a - Character Base 2.5c/char_a_p4/4har/char_a_p4_4har_bob1_v00.png,character-base/layers/4har-hair/bob1-bob/char_a_p4_4har_bob1_v00.png
move,20.01a - Character Base 2.5c/char_a_p4/4har/char_a_p4_4har_bob1_v01.png,character-base/layers/4har-hair/bob1-bob/char_a_p4_4har_bob1_v01.png
move,20.01a - Character Base 2.5c/char_a_p4/4har/char_a_p4_4har_bob1_v02.png,character-base/layers/4har-hair/bob1-bob/char_a_p4_4har_bob1_v02.png
move,20.01a - Character Base 2.5c/char_a_p4/4har/char_a_p4_4har_bob1_v03.png,character-base/layers/4har-hair/bob1-bob/char_a_p4_4har_bob1_v03.png
move,20.01a - Character Base 2.5c/char_a_p4/4har/char_a_p4_4har_bob1_v04.png,character-base/layers/4har-hair/bob1-bob/char_a_p4_4har_bob1_v04.png
move,20.01a - Character Base 2.5c/char_a_p4/4har/char_a_p4_4har_bob1_v05.png,character-base/layers/4har-hair/bob1-bob/char_a_p4_4har_bob1_v05.png
move,20.01a - Character Base 2.5c/char_a_p4/4har/char_a_p4_4har_bob1_v06.png,character-base/layers/4har-hair/bob1-bob/char_a_p4_4har_bob1_v06.png
move,20.01a - Character Base 2.5c/char_a_p4/4har/char_a_p4_4har_bob1_v07.png,character-base/layers/4har-hair/bob1-bob/char_a_p4_4har_bob1_v07.png
move,20.01a - Character Base 2.5c/char_a_p4/4har/char_a_p4_4har_bob1_v08.png,character-base/layers/4har-hair/bob1-bob/char_a_p4_4har_bob1_v08.png
move,20.01a - Character Base 2.5c/char_a_p4/4har/char_a_p4_4har_bob1_v09.png,character-base/layers/4har-hair/bob1-bob/char_a_p4_4har_bob1_v09.png
move,20.01a - Character Base 2.5c/char_a_p4/4har/char_a_p4_4har_bob1_v10.png,character-base/layers/4har-hair/bob1-bob/char_a_p4_4har_bob1_v10.png
move,20.01a - Character Base 2.5c/char_a_p4/4har/char_a_p4_4har_bob1_v11.png,character-base/layers/4har-hair/bob1-bob/char_a_p4_4har_bob1_v11.png
move,20.01a - Character Base 2.5c/char_a_p4/4har/char_a_p4_4har_bob1_v12.png,character-base/layers/4har-hair/bob1-bob/char_a_p4_4har_bob1_v12.png
move,20.01a - Character Base 2.5c/char_a_p4/4har/char_a_p4_4har_bob1_v13.png,character-base/layers/4har-hair/bob1-bob/char_a_p4_4har_bob1_v13.png
move,20.01a - Character Base 2.5c/char_a_p4/4har/char_a_p4_4har_dap1_v00.png,character-base/layers/4har-hair/dap1-dapper/char_a_p4_4har_dap1_v00.png
move,20.01a - Character Base 2.5c/char_a_p4/4har/char_a_p4_4har_dap1_v01.png,character-base/layers/4har-hair/dap1-dapper/char_a_p4_4har_dap1_v01.png
move,20.01a - Character Base 2.5c/char_a_p4/4har/char_a_p4_4har_dap1_v02.png,character-base/layers/4har-hair/dap1-dapper/char_a_p4_4har_dap1_v02.png
move,20.01a - Character Base 2.5c/char_a_p4/4har/char_a_p4_4har_dap1_v03.png,character-base/layers/4har-hair/dap1-dapper/char_a_p4_4har_dap1_v03.png
move,20.01a - Character Base 2.5c/char_a_p4/4har/char_a_p4_4har_dap1_v04.png,character-base/layers/4har-hair/dap1-dapper/char_a_p4_4har_dap1_v04.png
move,20.01a - Character Base 2.5c/char_a_p4/4har/char_a_p4_4har_dap1_v05.png,character-base/layers/4har-hair/dap1-dapper/char_a_p4_4har_dap1_v05.png
move,20.01a - Character Base 2.5c/char_a_p4/4har/char_a_p4_4har_dap1_v06.png,character-base/layers/4har-hair/dap1-dapper/char_a_p4_4har_dap1_v06.png
move,20.01a - Character Base 2.5c/char_a_p4/4har/char_a_p4_4har_dap1_v07.png,character-base/layers/4har-hair/dap1-dapper/char_a_p4_4har_dap1_v07.png
move,20.01a - Character Base 2.5c/char_a_p4/4har/char_a_p4_4har_dap1_v08.png,character-base/layers/4har-hair/dap1-dapper/char_a_p4_4har_dap1_v08.png
move,20.01a - Character Base 2.5c/char_a_p4/4har/char_a_p4_4har_dap1_v09.png,character-base/layers/4har-hair/dap1-dapper/char_a_p4_4har_dap1_v09.png
move,20.01a - Character Base 2.5c/char_a_p4/4har/char_a_p4_4har_dap1_v10.png,character-base/layers/4har-hair/dap1-dapper/char_a_p4_4har_dap1_v10.png
move,20.01a - Character Base 2.5c/char_a_p4/4har/char_a_p4_4har_dap1_v11.png,character-base/layers/4har-hair/dap1-dapper/char_a_p4_4har_dap1_v11.png
move,20.01a - Character Base 2.5c/char_a_p4/4har/char_a_p4_4har_dap1_v12.png,character-base/layers/4har-hair/dap1-dapper/char_a_p4_4har_dap1_v12.png
move,20.01a - Character Base 2.5c/char_a_p4/4har/char_a_p4_4har_dap1_v13.png,character-base/layers/4har-hair/dap1-dapper/char_a_p4_4har_dap1_v13.png
move,20.01a - Character Base 2.5c/char_a_p4/1out/char_a_p4_1out_boxr_v01.png,character-base/layers/1out-outfit/boxr-boxers/char_a_p4_1out_boxr_v01.png
move,20.01a - Character Base 2.5c/char_a_p4/1out/char_a_p4_1out_undi_v01.png,character-base/layers/1out-outfit/undi-undies/char_a_p4_1out_undi_v01.png
move,20.01a - Character Base 2.5c/char_a_p4/6tla/char_a_p4_6tla_farm_v01.png,character-base/layers/6tla-tool-main/farm-farming-tools/char_a_p4_6tla_farm_v01.png
move,20.01a - Character Base 2.5c/char_a_p4/6tla/char_a_p4_6tla_smth_v01.png,character-base/layers/6tla-tool-main/smth-smithing-hammer/char_a_p4_6tla_smth_v01.png
move,20.01a - Character Base 2.5c/char_a_p4/6tla/char_a_p4_6tla_wood_v01.png,character-base/layers/6tla-tool-main/wood-woodcutting-axe/char_a_p4_6tla_wood_v01.png
move,"20.01a - Character Base 2.5c/guides/animations, page 1.png","character-base/guides/animations, page 1.png"
move,"20.01a - Character Base 2.5c/guides/animations, page 2.png","character-base/guides/animations, page 2.png"
move,"20.01a - Character Base 2.5c/guides/animations, page 3 (fishing only).png","character-base/guides/animations, page 3 (fishing only).png"
move,"20.01a - Character Base 2.5c/guides/animations, page 4.png","character-base/guides/animations, page 4.png"
move,"20.01a - Character Base 2.5c/guides/mana seed, sprites.pal","character-base/guides/mana seed, sprites.pal"
move,20.01a - Character Base 2.5c/guides/naming conventions.txt,character-base/guides/naming conventions.txt
move,20.01a - Character Base 2.5c/guides/using this base.txt,character-base/guides/using this base.txt
move,20.01a - Character Base 2.5c/char_a_p2/char_a_p2_0bas_humn_v00.png,character-base/layers/0bas-body/humn-human/char_a_p2_0bas_humn_v00.png
move,20.01a - Character Base 2.5c/char_a_p2/char_a_p2_0bas_humn_v01.png,character-base/layers/0bas-body/humn-human/char_a_p2_0bas_humn_v01.png
move,20.01a - Character Base 2.5c/char_a_p2/char_a_p2_0bas_humn_v02.png,character-base/layers/0bas-body/humn-human/char_a_p2_0bas_humn_v02.png
move,20.01a - Character Base 2.5c/char_a_p2/char_a_p2_0bas_humn_v03.png,character-base/layers/0bas-body/humn-human/char_a_p2_0bas_humn_v03.png
move,20.01a - Character Base 2.5c/char_a_p2/char_a_p2_0bas_humn_v04.png,character-base/layers/0bas-body/humn-human/char_a_p2_0bas_humn_v04.png
move,20.01a - Character Base 2.5c/char_a_p2/char_a_p2_0bas_humn_v05.png,character-base/layers/0bas-body/humn-human/char_a_p2_0bas_humn_v05.png
move,20.01a - Character Base 2.5c/char_a_p2/char_a_p2_0bas_humn_v06.png,character-base/layers/0bas-body/humn-human/char_a_p2_0bas_humn_v06.png
move,20.01a - Character Base 2.5c/char_a_p2/char_a_p2_0bas_humn_v07.png,character-base/layers/0bas-body/humn-human/char_a_p2_0bas_humn_v07.png
move,20.01a - Character Base 2.5c/char_a_p2/char_a_p2_0bas_humn_v08.png,character-base/layers/0bas-body/humn-human/char_a_p2_0bas_humn_v08.png
move,20.01a - Character Base 2.5c/char_a_p2/char_a_p2_0bas_humn_v09.png,character-base/layers/0bas-body/humn-human/char_a_p2_0bas_humn_v09.png
move,20.01a - Character Base 2.5c/char_a_p2/char_a_p2_0bas_humn_v10.png,character-base/layers/0bas-body/humn-human/char_a_p2_0bas_humn_v10.png
move,20.01a - Character Base 2.5c/char_a_p2/4har/char_a_p2_4har_bob1_v00.png,character-base/layers/4har-hair/bob1-bob/char_a_p2_4har_bob1_v00.png
move,20.01a - Character Base 2.5c/char_a_p2/4har/char_a_p2_4har_bob1_v01.png,character-base/layers/4har-hair/bob1-bob/char_a_p2_4har_bob1_v01.png
move,20.01a - Character Base 2.5c/char_a_p2/4har/char_a_p2_4har_bob1_v02.png,character-base/layers/4har-hair/bob1-bob/char_a_p2_4har_bob1_v02.png
move,20.01a - Character Base 2.5c/char_a_p2/4har/char_a_p2_4har_bob1_v03.png,character-base/layers/4har-hair/bob1-bob/char_a_p2_4har_bob1_v03.png
move,20.01a - Character Base 2.5c/char_a_p2/4har/char_a_p2_4har_bob1_v04.png,character-base/layers/4har-hair/bob1-bob/char_a_p2_4har_bob1_v04.png
move,20.01a - Character Base 2.5c/char_a_p2/4har/char_a_p2_4har_bob1_v05.png,character-base/layers/4har-hair/bob1-bob/char_a_p2_4har_bob1_v05.png
move,20.01a - Character Base 2.5c/char_a_p2/4har/char_a_p2_4har_bob1_v06.png,character-base/layers/4har-hair/bob1-bob/char_a_p2_4har_bob1_v06.png
move,20.01a - Character Base 2.5c/char_a_p2/4har/char_a_p2_4har_bob1_v07.png,character-base/layers/4har-hair/bob1-bob/char_a_p2_4har_bob1_v07.png
move,20.01a - Character Base 2.5c/char_a_p2/4har/char_a_p2_4har_bob1_v08.png,character-base/layers/4har-hair/bob1-bob/char_a_p2_4har_bob1_v08.png
move,20.01a - Character Base 2.5c/char_a_p2/4har/char_a_p2_4har_bob1_v09.png,character-base/layers/4har-hair/bob1-bob/char_a_p2_4har_bob1_v09.png
move,20.01a - Character Base 2.5c/char_a_p2/4har/char_a_p2_4har_bob1_v10.png,character-base/layers/4har-hair/bob1-bob/char_a_p2_4har_bob1_v10.png
move,20.01a - Character Base 2.5c/char_a_p2/4har/char_a_p2_4har_bob1_v11.png,character-base/layers/4har-hair/bob1-bob/char_a_p2_4har_bob1_v11.png
move,20.01a - Character Base 2.5c/char_a_p2/4har/char_a_p2_4har_bob1_v12.png,character-base/layers/4har-hair/bob1-bob/char_a_p2_4har_bob1_v12.png
move,20.01a - Character Base 2.5c/char_a_p2/4har/char_a_p2_4har_bob1_v13.png,character-base/layers/4har-hair/bob1-bob/char_a_p2_4har_bob1_v13.png
move,20.01a - Character Base 2.5c/char_a_p2/4har/char_a_p2_4har_dap1_v00.png,character-base/layers/4har-hair/dap1-dapper/char_a_p2_4har_dap1_v00.png
move,20.01a - Character Base 2.5c/char_a_p2/4har/char_a_p2_4har_dap1_v01.png,character-base/layers/4har-hair/dap1-dapper/char_a_p2_4har_dap1_v01.png
move,20.01a - Character Base 2.5c/char_a_p2/4har/char_a_p2_4har_dap1_v02.png,character-base/layers/4har-hair/dap1-dapper/char_a_p2_4har_dap1_v02.png
move,20.01a - Character Base 2.5c/char_a_p2/4har/char_a_p2_4har_dap1_v03.png,character-base/layers/4har-hair/dap1-dapper/char_a_p2_4har_dap1_v03.png
move,20.01a - Character Base 2.5c/char_a_p2/4har/char_a_p2_4har_dap1_v04.png,character-base/layers/4har-hair/dap1-dapper/char_a_p2_4har_dap1_v04.png
move,20.01a - Character Base 2.5c/char_a_p2/4har/char_a_p2_4har_dap1_v05.png,character-base/layers/4har-hair/dap1-dapper/char_a_p2_4har_dap1_v05.png
move,20.01a - Character Base 2.5c/char_a_p2/4har/char_a_p2_4har_dap1_v06.png,character-base/layers/4har-hair/dap1-dapper/char_a_p2_4har_dap1_v06.png
move,20.01a - Character Base 2.5c/char_a_p2/4har/char_a_p2_4har_dap1_v07.png,character-base/layers/4har-hair/dap1-dapper/char_a_p2_4har_dap1_v07.png
move,20.01a - Character Base 2.5c/char_a_p2/4har/char_a_p2_4har_dap1_v08.png,character-base/layers/4har-hair/dap1-dapper/char_a_p2_4har_dap1_v08.png
move,20.01a - Character Base 2.5c/char_a_p2/4har/char_a_p2_4har_dap1_v09.png,character-base/layers/4har-hair/dap1-dapper/char_a_p2_4har_dap1_v09.png
move,20.01a - Character Base 2.5c/char_a_p2/4har/char_a_p2_4har_dap1_v10.png,character-base/layers/4har-hair/dap1-dapper/char_a_p2_4har_dap1_v10.png
move,20.01a - Character Base 2.5c/char_a_p2/4har/char_a_p2_4har_dap1_v11.png,character-base/layers/4har-hair/dap1-dapper/char_a_p2_4har_dap1_v11.png
move,20.01a - Character Base 2.5c/char_a_p2/4har/char_a_p2_4har_dap1_v12.png,character-base/layers/4har-hair/dap1-dapper/char_a_p2_4har_dap1_v12.png
move,20.01a - Character Base 2.5c/char_a_p2/4har/char_a_p2_4har_dap1_v13.png,character-base/layers/4har-hair/dap1-dapper/char_a_p2_4har_dap1_v13.png
move,20.01a - Character Base 2.5c/char_a_p2/1out/char_a_p2_1out_boxr_v01.png,character-base/layers/1out-outfit/boxr-boxers/char_a_p2_1out_boxr_v01.png
move,20.01a - Character Base 2.5c/char_a_p2/1out/char_a_p2_1out_undi_v01.png,character-base/layers/1out-outfit/undi-undies/char_a_p2_1out_undi_v01.png
move,20.01a - Character Base 2.5c/char_a_p2/6tla/char_a_p2_6tla_farm_v01.png,character-base/layers/6tla-tool-main/farm-farming-tools/char_a_p2_6tla_farm_v01.png
move,20.01a - Character Base 2.5c/char_a_p2/6tla/char_a_p2_6tla_mine_v01.png,character-base/layers/6tla-tool-main/mine-pickaxe/char_a_p2_6tla_mine_v01.png
move,20.01a - Character Base 2.5c/char_a_p2/6tla/char_a_p2_6tla_wood_v01.png,character-base/layers/6tla-tool-main/wood-woodcutting-axe/char_a_p2_6tla_wood_v01.png
move,20.01a - Character Base 2.5c/char_a_p1/char_a_p1_0bas_demn_v01.png,character-base/layers/0bas-body/demn-demon/char_a_p1_0bas_demn_v01.png
move,20.01a - Character Base 2.5c/char_a_p1/char_a_p1_0bas_demn_v02.png,character-base/layers/0bas-body/demn-demon/char_a_p1_0bas_demn_v02.png
move,20.01a - Character Base 2.5c/char_a_p1/char_a_p1_0bas_gbln_v01.png,character-base/layers/0bas-body/gbln-goblin/char_a_p1_0bas_gbln_v01.png
move,20.01a - Character Base 2.5c/char_a_p1/char_a_p1_0bas_humn_v00.png,character-base/layers/0bas-body/humn-human/char_a_p1_0bas_humn_v00.png
move,20.01a - Character Base 2.5c/char_a_p1/char_a_p1_0bas_humn_v01.png,character-base/layers/0bas-body/humn-human/char_a_p1_0bas_humn_v01.png
move,20.01a - Character Base 2.5c/char_a_p1/char_a_p1_0bas_humn_v02.png,character-base/layers/0bas-body/humn-human/char_a_p1_0bas_humn_v02.png
move,20.01a - Character Base 2.5c/char_a_p1/char_a_p1_0bas_humn_v03.png,character-base/layers/0bas-body/humn-human/char_a_p1_0bas_humn_v03.png
move,20.01a - Character Base 2.5c/char_a_p1/char_a_p1_0bas_humn_v04.png,character-base/layers/0bas-body/humn-human/char_a_p1_0bas_humn_v04.png
move,20.01a - Character Base 2.5c/char_a_p1/char_a_p1_0bas_humn_v05.png,character-base/layers/0bas-body/humn-human/char_a_p1_0bas_humn_v05.png
move,20.01a - Character Base 2.5c/char_a_p1/char_a_p1_0bas_humn_v06.png,character-base/layers/0bas-body/humn-human/char_a_p1_0bas_humn_v06.png
move,20.01a - Character Base 2.5c/char_a_p1/char_a_p1_0bas_humn_v07.png,character-base/layers/0bas-body/humn-human/char_a_p1_0bas_humn_v07.png
move,20.01a - Character Base 2.5c/char_a_p1/char_a_p1_0bas_humn_v08.png,character-base/layers/0bas-body/humn-human/char_a_p1_0bas_humn_v08.png
move,20.01a - Character Base 2.5c/char_a_p1/char_a_p1_0bas_humn_v09.png,character-base/layers/0bas-body/humn-human/char_a_p1_0bas_humn_v09.png
move,20.01a - Character Base 2.5c/char_a_p1/char_a_p1_0bas_humn_v10.png,character-base/layers/0bas-body/humn-human/char_a_p1_0bas_humn_v10.png
move,20.01a - Character Base 2.5c/char_a_p1/4har/char_a_p1_4har_bob1_v00.png,character-base/layers/4har-hair/bob1-bob/char_a_p1_4har_bob1_v00.png
move,20.01a - Character Base 2.5c/char_a_p1/4har/char_a_p1_4har_bob1_v01.png,character-base/layers/4har-hair/bob1-bob/char_a_p1_4har_bob1_v01.png
move,20.01a - Character Base 2.5c/char_a_p1/4har/char_a_p1_4har_bob1_v02.png,character-base/layers/4har-hair/bob1-bob/char_a_p1_4har_bob1_v02.png
move,20.01a - Character Base 2.5c/char_a_p1/4har/char_a_p1_4har_bob1_v03.png,character-base/layers/4har-hair/bob1-bob/char_a_p1_4har_bob1_v03.png
move,20.01a - Character Base 2.5c/char_a_p1/4har/char_a_p1_4har_bob1_v04.png,character-base/layers/4har-hair/bob1-bob/char_a_p1_4har_bob1_v04.png
move,20.01a - Character Base 2.5c/char_a_p1/4har/char_a_p1_4har_bob1_v05.png,character-base/layers/4har-hair/bob1-bob/char_a_p1_4har_bob1_v05.png
move,20.01a - Character Base 2.5c/char_a_p1/4har/char_a_p1_4har_bob1_v06.png,character-base/layers/4har-hair/bob1-bob/char_a_p1_4har_bob1_v06.png
move,20.01a - Character Base 2.5c/char_a_p1/4har/char_a_p1_4har_bob1_v07.png,character-base/layers/4har-hair/bob1-bob/char_a_p1_4har_bob1_v07.png
move,20.01a - Character Base 2.5c/char_a_p1/4har/char_a_p1_4har_bob1_v08.png,character-base/layers/4har-hair/bob1-bob/char_a_p1_4har_bob1_v08.png
move,20.01a - Character Base 2.5c/char_a_p1/4har/char_a_p1_4har_bob1_v09.png,character-base/layers/4har-hair/bob1-bob/char_a_p1_4har_bob1_v09.png
move,20.01a - Character Base 2.5c/char_a_p1/4har/char_a_p1_4har_bob1_v10.png,character-base/layers/4har-hair/bob1-bob/char_a_p1_4har_bob1_v10.png
move,20.01a - Character Base 2.5c/char_a_p1/4har/char_a_p1_4har_bob1_v11.png,character-base/layers/4har-hair/bob1-bob/char_a_p1_4har_bob1_v11.png
move,20.01a - Character Base 2.5c/char_a_p1/4har/char_a_p1_4har_bob1_v12.png,character-base/layers/4har-hair/bob1-bob/char_a_p1_4har_bob1_v12.png
move,20.01a - Character Base 2.5c/char_a_p1/4har/char_a_p1_4har_bob1_v13.png,character-base/layers/4har-hair/bob1-bob/char_a_p1_4har_bob1_v13.png
move,20.01a - Character Base 2.5c/char_a_p1/4har/char_a_p1_4har_dap1_v00.png,character-base/layers/4har-hair/dap1-dapper/char_a_p1_4har_dap1_v00.png
move,20.01a - Character Base 2.5c/char_a_p1/4har/char_a_p1_4har_dap1_v01.png,character-base/layers/4har-hair/dap1-dapper/char_a_p1_4har_dap1_v01.png
move,20.01a - Character Base 2.5c/char_a_p1/4har/char_a_p1_4har_dap1_v02.png,character-base/layers/4har-hair/dap1-dapper/char_a_p1_4har_dap1_v02.png
move,20.01a - Character Base 2.5c/char_a_p1/4har/char_a_p1_4har_dap1_v03.png,character-base/layers/4har-hair/dap1-dapper/char_a_p1_4har_dap1_v03.png
move,20.01a - Character Base 2.5c/char_a_p1/4har/char_a_p1_4har_dap1_v04.png,character-base/layers/4har-hair/dap1-dapper/char_a_p1_4har_dap1_v04.png
move,20.01a - Character Base 2.5c/char_a_p1/4har/char_a_p1_4har_dap1_v05.png,character-base/layers/4har-hair/dap1-dapper/char_a_p1_4har_dap1_v05.png
move,20.01a - Character Base 2.5c/char_a_p1/4har/char_a_p1_4har_dap1_v06.png,character-base/layers/4har-hair/dap1-dapper/char_a_p1_4har_dap1_v06.png
move,20.01a - Character Base 2.5c/char_a_p1/4har/char_a_p1_4har_dap1_v07.png,character-base/layers/4har-hair/dap1-dapper/char_a_p1_4har_dap1_v07.png
move,20.01a - Character Base 2.5c/char_a_p1/4har/char_a_p1_4har_dap1_v08.png,character-base/layers/4har-hair/dap1-dapper/char_a_p1_4har_dap1_v08.png
move,20.01a - Character Base 2.5c/char_a_p1/4har/char_a_p1_4har_dap1_v09.png,character-base/layers/4har-hair/dap1-dapper/char_a_p1_4har_dap1_v09.png
move,20.01a - Character Base 2.5c/char_a_p1/4har/char_a_p1_4har_dap1_v10.png,character-base/layers/4har-hair/dap1-dapper/char_a_p1_4har_dap1_v10.png
move,20.01a - Character Base 2.5c/char_a_p1/4har/char_a_p1_4har_dap1_v11.png,character-base/layers/4har-hair/dap1-dapper/char_a_p1_4har_dap1_v11.png
move,20.01a - Character Base 2.5c/char_a_p1/4har/char_a_p1_4har_dap1_v12.png,character-base/layers/4har-hair/dap1-dapper/char_a_p1_4har_dap1_v12.png
move,20.01a - Character Base 2.5c/char_a_p1/4har/char_a_p1_4har_dap1_v13.png,character-base/layers/4har-hair/dap1-dapper/char_a_p1_4har_dap1_v13.png
move,20.01a - Character Base 2.5c/char_a_p1/1out/char_a_p1_1out_boxr_v01.png,character-base/layers/1out-outfit/boxr-boxers/char_a_p1_1out_boxr_v01.png
move,20.01a - Character Base 2.5c/char_a_p1/1out/char_a_p1_1out_undi_v01.png,character-base/layers/1out-outfit/undi-undies/char_a_p1_1out_undi_v01.png
archive-duplicate,20.08b - Bow Combat 3.2/naming conventions.txt,_archive/redundant-duplicate-docs/20.08b - Bow Combat 3.2__naming conventions.txt
archive-duplicate,20.08b - Bow Combat 3.2/readme.txt,_archive/redundant-duplicate-docs/20.08b - Bow Combat 3.2__readme.txt
archive-duplicate,20.08b - Bow Combat 3.2/requirements.txt,_archive/redundant-duplicate-docs/20.08b - Bow Combat 3.2__requirements.txt
archive-duplicate,20.04b - Blacksmith Apron and Bandana 2.1 (comp. v01)/naming conventions.txt,_archive/redundant-duplicate-docs/20.04b - Blacksmith Apron and Bandana 2.1 (comp. v01)__naming conventions.txt
archive-duplicate,20.04b - Blacksmith Apron and Bandana 2.1 (comp. v01)/readme.txt,_archive/redundant-duplicate-docs/20.04b - Blacksmith Apron and Bandana 2.1 (comp. v01)__readme.txt
archive-duplicate,20.04b - Blacksmith Apron and Bandana 2.1 (comp. v01)/requirements.txt,_archive/redundant-duplicate-docs/20.04b - Blacksmith Apron and Bandana 2.1 (comp. v01)__requirements.txt
archive-duplicate,20.01d - Peasant Farmer Dress & Bonnet 2.1 (comp. v01)/naming conventions.txt,_archive/redundant-duplicate-docs/20.01d - Peasant Farmer Dress & Bonnet 2.1 (comp. v01)__naming conventions.txt
archive-duplicate,20.01d - Peasant Farmer Dress & Bonnet 2.1 (comp. v01)/readme.txt,_archive/redundant-duplicate-docs/20.01d - Peasant Farmer Dress & Bonnet 2.1 (comp. v01)__readme.txt
archive-duplicate,20.01d - Peasant Farmer Dress & Bonnet 2.1 (comp. v01)/requirements.txt,_archive/redundant-duplicate-docs/20.01d - Peasant Farmer Dress & Bonnet 2.1 (comp. v01)__requirements.txt
archive-duplicate,guidelines and requirements for making and selling your own compatible outfits/Mana Seed Bow Combat Outfit Canvas.ase,_archive/redundant-duplicate-docs/guidelines and requirements for making and selling your own compatible outfits__Mana Seed Bow Combat Outfit Canvas.ase
archive-duplicate,20.11a - Alchemist's Coat 2.1 (comp. v01)/naming conventions.txt,_archive/redundant-duplicate-docs/20.11a - Alchemist's Coat 2.1 (comp. v01)__naming conventions.txt
archive-duplicate,20.11a - Alchemist's Coat 2.1 (comp. v01)/readme.txt,_archive/redundant-duplicate-docs/20.11a - Alchemist's Coat 2.1 (comp. v01)__readme.txt
archive-duplicate,20.11a - Alchemist's Coat 2.1 (comp. v01)/requirements.txt,_archive/redundant-duplicate-docs/20.11a - Alchemist's Coat 2.1 (comp. v01)__requirements.txt
archive-duplicate,21.01a - Hairstyle Pack v0.5.3/naming conventions.txt,_archive/redundant-duplicate-docs/21.01a - Hairstyle Pack v0.5.3__naming conventions.txt
archive-duplicate,21.01a - Hairstyle Pack v0.5.3/readme.txt,_archive/redundant-duplicate-docs/21.01a - Hairstyle Pack v0.5.3__readme.txt
archive-duplicate,21.01a - Hairstyle Pack v0.5.3/requirements.txt,_archive/redundant-duplicate-docs/21.01a - Hairstyle Pack v0.5.3__requirements.txt
archive-duplicate,20.01c - Peasant Farmer Pants & Hat 2.2 (optional combat animations)/naming conventions.txt,_archive/redundant-duplicate-docs/20.01c - Peasant Farmer Pants & Hat 2.2 (optional combat animations)__naming conventions.txt
archive-duplicate,20.01c - Peasant Farmer Pants & Hat 2.2 (optional combat animations)/readme.txt,_archive/redundant-duplicate-docs/20.01c - Peasant Farmer Pants & Hat 2.2 (optional combat animations)__readme.txt
archive-duplicate,20.01c - Peasant Farmer Pants & Hat 2.2 (optional combat animations)/requirements.txt,_archive/redundant-duplicate-docs/20.01c - Peasant Farmer Pants & Hat 2.2 (optional combat animations)__requirements.txt
archive-duplicate,20.01c - Peasant Farmer Pants & Hat 2.1 (comp. v01)/naming conventions.txt,_archive/redundant-duplicate-docs/20.01c - Peasant Farmer Pants & Hat 2.1 (comp. v01)__naming conventions.txt
archive-duplicate,20.01c - Peasant Farmer Pants & Hat 2.1 (comp. v01)/readme.txt,_archive/redundant-duplicate-docs/20.01c - Peasant Farmer Pants & Hat 2.1 (comp. v01)__readme.txt
archive-duplicate,20.05d - Cloak & Hood 1.3 (comp. v01)/naming conventions.txt,_archive/redundant-duplicate-docs/20.05d - Cloak & Hood 1.3 (comp. v01)__naming conventions.txt
archive-duplicate,20.05d - Cloak & Hood 1.3 (comp. v01)/readme.txt,_archive/redundant-duplicate-docs/20.05d - Cloak & Hood 1.3 (comp. v01)__readme.txt
archive-duplicate,20.05d - Cloak & Hood 1.3 (comp. v01)/requirements.txt,_archive/redundant-duplicate-docs/20.05d - Cloak & Hood 1.3 (comp. v01)__requirements.txt
archive-duplicate,20.04a - Angler Pants and Rain Hat 2.1 (comp. v01)/naming conventions.txt,_archive/redundant-duplicate-docs/20.04a - Angler Pants and Rain Hat 2.1 (comp. v01)__naming conventions.txt
archive-duplicate,20.04a - Angler Pants and Rain Hat 2.1 (comp. v01)/readme.txt,_archive/redundant-duplicate-docs/20.04a - Angler Pants and Rain Hat 2.1 (comp. v01)__readme.txt
archive-duplicate,20.04a - Angler Pants and Rain Hat 2.1 (comp. v01)/requirements.txt,_archive/redundant-duplicate-docs/20.04a - Angler Pants and Rain Hat 2.1 (comp. v01)__requirements.txt
archive-duplicate,22.10a - Mana Seed Farmer Sprite System v1.6.1/Mana Seed readme.txt,_archive/redundant-duplicate-docs/22.10a - Mana Seed Farmer Sprite System v1.6.1__Mana Seed readme.txt
archive-duplicate,20.10a - Spear Combat 3.3/readme.txt,_archive/redundant-duplicate-docs/20.10a - Spear Combat 3.3__readme.txt
archive-duplicate,20.10a - Spear Combat 3.3/optional files (unsupported)/Mana Seed Spear Combat Outfit Canvas.ase,_archive/redundant-duplicate-docs/20.10a - Spear Combat 3.3__optional files (unsupported)__Mana Seed Spear Combat Outfit Canvas.ase
archive-duplicate,"21.10a - Forester Pointed Hat & Tunic 2.2 (optional, combat animations)/naming conventions.txt","_archive/redundant-duplicate-docs/21.10a - Forester Pointed Hat & Tunic 2.2 (optional, combat animations)__naming conventions.txt"
archive-duplicate,"21.10a - Forester Pointed Hat & Tunic 2.2 (optional, combat animations)/readme.txt","_archive/redundant-duplicate-docs/21.10a - Forester Pointed Hat & Tunic 2.2 (optional, combat animations)__readme.txt"
archive-duplicate,"21.10a - Forester Pointed Hat & Tunic 2.2 (optional, combat animations)/requirements.txt","_archive/redundant-duplicate-docs/21.10a - Forester Pointed Hat & Tunic 2.2 (optional, combat animations)__requirements.txt"
archive-duplicate,21.10a - Forester Pointed Hat & Tunic 2.1a (comp. v01)/naming conventions.txt,_archive/redundant-duplicate-docs/21.10a - Forester Pointed Hat & Tunic 2.1a (comp. v01)__naming conventions.txt
archive-duplicate,21.10a - Forester Pointed Hat & Tunic 2.1a (comp. v01)/readme.txt,_archive/redundant-duplicate-docs/21.10a - Forester Pointed Hat & Tunic 2.1a (comp. v01)__readme.txt
archive-duplicate,21.10a - Forester Pointed Hat & Tunic 2.1a (comp. v01)/requirements.txt,_archive/redundant-duplicate-docs/21.10a - Forester Pointed Hat & Tunic 2.1a (comp. v01)__requirements.txt
archive-duplicate,21.07b - Sword & Shield Combat 2.3a/readme.txt,_archive/redundant-duplicate-docs/21.07b - Sword & Shield Combat 2.3a__readme.txt
archive-duplicate,21.07b - Sword & Shield Combat 2.3a/optional files (unsupported)/Mana Seed Sword & Shield Combat Outfit Canvas.ase,_archive/redundant-duplicate-docs/21.07b - Sword & Shield Combat 2.3a__optional files (unsupported)__Mana Seed Sword & Shield Combat Outfit Canvas.ase
archive-duplicate,20.01a - Character Base 2.5c/optional files (unsupported)/Mana Seed Character Base Outfit Canvas.ase,_archive/redundant-duplicate-docs/20.01a - Character Base 2.5c__optional files (unsupported)__Mana Seed Character Base Outfit Canvas.ase
